i_155_4_36_FR_den312d,4,155,den312d,FR,36,BFS,5.62,-,47376,"((1.92, 9.811099325), (1.92, 19.164919145), (1.92, 29.833468212), (4.26, 39.261903086), (4.26, 49.990340931), (4.26, 63.169846356), (4.26, 78.413759164), (4.26, 88.480892886), (4.26, 100.312870239), (4.26, 110.244757862), (4.26, 121.707504581), (4.26, 135.664864625), (4.26, 151.774280044), (4.26, 161.938468552), (4.26, 173.714920773), (4.26, 184.111407825), (4.26, 196.62011993), (5.62, 210.618580519), (5.62, 227.234342897), (5.62, 238.335029864), (5.62, 252.736355798), (5.62, 263.940450171), (5.62, 276.761950644), (5.62, 291.822554491), (5.62, 309.93400343), (5.62, 324.797562084), (5.62, 342.045021823), (5.62, 356.987109057), (5.62, 375.219581066), (5.62, 395.689619381), (5.62, 421.181141747))"
i_133_2_32_MT_orz704d,2,133,orz704d,MT,32,BNBL,4.25,-,103232,"((2.25, 0.832667942), (3.25, 5.144206094), (3.5, 9.402673699), (3.75, 13.605625443), (3.75, 17.815254315), (3.75, 22.018688283), (3.75, 26.329770247), (3.75, 30.631721120999998), (3.75, 34.87665926), (4.0, 39.108414011), (4.25, 43.408375058), (4.25, 47.654373315), (4.25, 51.858076145), (4.25, 56.121581804), (4.25, 60.447409011), (4.25, 64.718423972), (4.25, 68.935515662), (4.25, 73.203878772), (4.25, 77.448527202), (4.25, 81.82541665), (4.25, 86.035873354), (4.25, 90.289263336), (4.25, 94.672890916), (4.25, 98.950092077), (4.25, 103.287958649), (4.25, 107.583620437), (4.25, 111.995324583), (4.25, 116.295449969), (4.25, 120.539310828), (4.25, 124.741762855), (4.25, 128.989177064), (4.25, 133.226441555), (4.25, 137.49320772), (4.25, 141.709452209), (4.25, 145.978023793), (4.25, 150.412688562), (4.25, 154.730703045), (4.25, 159.091042193), (4.25, 163.326557988), (4.25, 167.676301867), (4.25, 171.969162254), (4.25, 176.400853563), (4.25, 180.693995144), (4.25, 185.04082357), (4.25, 189.363702294), (4.25, 193.565356742), (4.25, 197.878893607), (4.25, 202.405187762), (4.25, 206.770293338), (4.25, 211.054824895), (4.25, 215.585589384), (4.25, 219.879988751), (4.25, 224.149998385), (4.25, 228.412671402), (4.25, 232.773313167), (4.25, 237.047257413), (4.25, 241.633192637), (4.25, 245.903225231), (4.25, 250.168028378), (4.25, 254.417790278), (4.25, 258.688754357), (4.25, 262.958243659), (4.25, 267.165323483), (4.25, 271.583461135), (4.25, 275.786686422), (4.25, 280.189371993), (4.25, 284.649252218), (4.25, 289.073805216), (4.25, 293.476469606), (4.25, 297.855523443), (4.25, 302.163459501), (4.25, 306.658812446), (4.25, 311.143934218), (4.25, 315.518981576), (4.25, 319.942661312), (4.25, 324.387664368), (4.25, 328.785415365), (4.25, 333.003551463), (4.25, 337.404082141), (4.25, 341.799820111), (4.25, 346.195346781), (4.25, 350.938132798), (4.25, 355.57812708), (4.25, 359.814934443), (4.25, 364.027011522), (4.25, 368.514431874), (4.25, 372.80527523), (4.25, 377.314706848), (4.25, 381.8167666), (4.25, 386.241673143), (4.25, 390.465758029), (4.25, 395.057089716), (4.25, 399.307688541), (4.25, 403.790917059), (4.25, 408.289500716), (4.25, 412.733382903), (4.25, 417.064351778))"
i_155_4_36_FR_den312d,4,155,den312d,FR,36,BNB,5.62,-,42768,"((1.92, 11.71302794), (1.92, 22.354605176), (1.92, 34.628709175), (4.26, 45.61223749), (4.26, 57.792863947), (4.26, 72.682821501), (4.26, 90.150683098), (4.26, 101.561483944), (4.26, 114.59332272), (4.26, 126.759635154), (4.26, 139.933461329), (4.26, 155.86798031), (4.26, 174.410613231), (4.26, 186.041070395), (4.26, 200.412156963), (4.26, 211.790681809), (4.26, 225.583004004), (5.62, 241.600270669), (5.62, 262.014969321), (5.62, 274.485285633), (5.62, 288.991346475), (5.62, 301.860818604), (5.62, 316.389495068), (5.62, 333.66943288), (5.62, 353.825518621), (5.62, 370.859914706), (5.62, 390.63711242), (5.62, 407.8811025), (5.62, 428.586722799))"
i_108_4_35_FR_orz101d,4,102,orz101d,FR,35,BNBL,9.23,-,45088,"((7.17, 2.852555692), (7.17, 7.472107048), (8.73, 12.857109082000001), (8.73, 18.785118498), (8.73, 25.302943113), (9.05, 40.084443571), (9.05, 45.893760198), (9.05, 52.265927221), (9.05, 66.593688547), (9.05, 82.353937174), (9.05, 88.650805496), (9.05, 95.77513738), (9.05, 110.910711539), (9.05, 117.152681457), (9.05, 123.831364948), (9.05, 138.853935609), (9.05, 155.421744648), (9.05, 169.942444594), (9.05, 185.668829369), (9.23, 222.13657446), (9.23, 236.428408995), (9.23, 253.936223905), (9.23, 289.117495833), (9.23, 328.473848548), (9.23, 334.144046448), (9.23, 340.460301732), (9.23, 354.272836191), (9.23, 369.768324479), (9.23, 376.034310214), (9.23, 382.736773482), (9.23, 397.623644308), (9.23, 414.160979445), (9.23, 428.523549711))"
i_133_2_32_MT_orz704d,2,133,orz704d,MT,32,BNB,4.25,-,113952,"((2.25, 0.8389627540000001), (3.25, 5.081169118), (3.25, 9.313875235), (3.25, 13.573654254000001), (3.75, 17.77592362), (3.75, 22.024156659), (3.75, 26.264101467), (3.75, 30.575223903), (3.75, 34.812465779), (3.75, 39.055589217), (3.75, 43.261438277), (3.75, 47.486548447), (3.75, 51.777987042), (3.75, 55.986459933), (3.75, 60.220480479), (3.75, 64.433926876), (3.75, 68.658317269), (3.75, 72.865848451), (3.75, 77.197864027), (3.75, 81.399178594), (3.75, 85.601673422), (3.75, 89.808690504), (3.75, 94.055738504), (3.75, 98.37103747), (3.75, 102.652691518), (3.75, 106.958218384), (3.75, 111.168140764), (3.75, 115.445555222), (3.75, 119.754053842), (3.75, 124.122700652), (4.0, 128.411823325), (4.25, 132.692763066), (4.25, 136.899644354), (4.25, 141.219028322), (4.25, 145.532488246), (4.25, 149.809041844), (4.25, 154.034119972), (4.25, 158.272818072), (4.25, 162.658460888), (4.25, 166.991672318), (4.25, 171.396362154), (4.25, 175.783735317), (4.25, 180.051537972), (4.25, 184.375440547), (4.25, 188.621664095), (4.25, 193.023063077), (4.25, 197.350071154), (4.25, 201.607363168), (4.25, 205.909443826), (4.25, 210.157637185), (4.25, 214.476987347), (4.25, 218.787118026), (4.25, 222.995958344), (4.25, 227.220210919), (4.25, 231.651903706), (4.25, 237.644576555), (4.25, 241.910390185), (4.25, 246.219717249), (4.25, 250.556058739), (4.25, 254.921443168), (4.25, 259.311500542), (4.25, 263.743194841), (4.25, 268.008483241), (4.25, 272.591833722), (4.25, 276.989935977), (4.25, 281.801154467), (4.25, 286.178067358), (4.25, 290.523529764), (4.25, 294.799094719), (4.25, 299.115570046), (4.25, 303.329418562), (4.25, 307.539106926), (4.25, 311.987954391), (4.25, 316.466836637), (4.25, 320.925490185), (4.25, 325.335983858), (4.25, 329.637438099), (4.25, 334.086792623), (4.25, 338.319230031), (4.25, 342.83359276), (4.25, 347.235445418), (4.25, 351.458498841), (4.25, 355.800013061), (4.25, 360.089195676), (4.25, 364.471765596), (4.25, 368.765378224), (4.25, 373.379064065), (4.25, 377.761371737), (4.25, 382.173200702), (4.25, 386.436447755), (4.25, 390.863426909), (4.25, 395.166534924), (4.25, 399.646246147), (4.25, 403.862774038), (4.25, 408.324528182), (4.25, 412.562193864), (4.25, 416.996102546))"
i_155_4_36_FR_den312d,4,155,den312d,FR,36,BNBL,5.62,-,39888,"((1.92, 12.940044342), (1.92, 24.940884314), (1.92, 38.462508009), (4.26, 50.646946942), (4.26, 63.927196936), (4.26, 80.166333001), (4.26, 98.724267232), (4.26, 117.659983535), (5.62, 136.831285646), (5.62, 155.997483213), (5.62, 174.828916829), (5.62, 194.245444454), (5.62, 213.461420569), (5.62, 232.902779661), (5.62, 253.403565439), (5.62, 272.47957388), (5.62, 292.048375868), (5.62, 311.529853508), (5.62, 331.094379364), (5.62, 356.762433846), (5.62, 374.288686092), (5.62, 393.720556584), (5.62, 411.466952951), (5.62, 430.742389106))"
i_108_4_35_FR_orz101d,4,102,orz101d,FR,35,BNB,9.23,-,47104,"((7.17, 2.60346456), (8.73, 11.594895608), (8.73, 16.979658702000002), (8.73, 21.551676694), (8.73, 26.691488974), (8.73, 32.60757486), (8.73, 37.507220151), (8.73, 42.937573), (9.05, 54.857942173), (9.05, 68.507295516), (9.05, 73.809618176), (9.05, 79.848891589), (9.05, 93.212532578), (9.05, 108.046991157), (9.05, 112.619359691), (9.05, 117.818942767), (9.05, 123.769210222), (9.05, 128.976661915), (9.05, 134.652099083), (9.05, 141.12541664), (9.05, 146.364663562), (9.05, 152.501215251), (9.05, 165.245827963), (9.05, 180.257881198), (9.05, 186.163824415), (9.05, 192.970269192), (9.05, 207.445198743), (9.05, 224.352665769), (9.05, 229.68324797), (9.05, 235.957701571), (9.05, 250.20938846), (9.05, 265.945340711), (9.05, 272.162347408), (9.05, 279.046354402), (9.05, 293.896384636), (9.05, 310.984287944), (9.05, 324.763185962), (9.05, 341.00515211), (9.23, 374.246014623), (9.23, 416.03116515), (9.23, 432.036356064))"
i_116_2_30_MT_den403d,2,102,den403d,MT,30,BNB,0.0,-,107064,"((0.0, 0.7205324580000001), (0.0, 4.940637039), (0.0, 9.171903618), (0.0, 13.372988685), (0.0, 17.605200851), (0.0, 21.880407661), (0.0, 26.15506366), (0.0, 30.413639804), (0.0, 34.687299494), (0.0, 38.918962898), (0.0, 43.199991456), (0.0, 47.441085685), (0.0, 51.658049976), (0.0, 55.860870218), (0.0, 60.071232361), (0.0, 64.298351294), (0.0, 68.515733117), (0.0, 72.813131085), (0.0, 77.047352597), (0.0, 81.311615235), (0.0, 85.577972183), (0.0, 89.853837071), (0.0, 94.063183876), (0.0, 98.340669019), (0.0, 102.628167052), (0.0, 106.91523561), (0.0, 111.118899649), (0.0, 115.367706467), (0.0, 119.700057963), (0.0, 123.916695839), (0.0, 128.12950017), (0.0, 132.424230036), (0.0, 136.718560354), (0.0, 141.029476161), (0.0, 145.348278686), (0.0, 149.631820185), (0.0, 153.890668286), (0.0, 158.184426148), (0.0, 162.448171284), (0.0, 166.719628567), (0.0, 170.939468439), (0.0, 175.2152177), (0.0, 179.531150247), (0.0, 183.740575273), (0.0, 188.054167114), (0.0, 192.314352027), (0.0, 196.548101291), (0.0, 200.753165875), (0.0, 204.966718883), (0.0, 209.18133835), (0.0, 213.50183894), (0.0, 217.796790869), (0.0, 222.02283015), (0.0, 226.376033502), (0.0, 230.711285025), (0.0, 235.545318193), (0.0, 239.779035407), (0.0, 244.135864943), (0.0, 248.449705745), (0.0, 252.702245826), (0.0, 257.045563293), (0.0, 261.260445172), (0.0, 265.463349862), (0.0, 269.805682919), (0.0, 274.173501685), (0.0, 278.516626587), (0.0, 282.798402467), (0.0, 287.068151609), (0.0, 291.325716742), (0.0, 295.646053039), (0.0, 299.941730224), (0.0, 304.288264583), (0.0, 308.626494041), (0.0, 312.902771021), (0.0, 317.282132395), (0.0, 321.514019435), (0.0, 325.904225149), (0.0, 330.133945342), (0.0, 334.378962422), (0.0, 338.582823065), (0.0, 342.905476915), (0.0, 347.234395688), (0.0, 351.537134634), (0.0, 355.82338961), (0.0, 360.141320207), (0.0, 364.448619473), (0.0, 368.813917092), (0.0, 373.038549102), (0.0, 377.321210525), (0.0, 381.578040868), (0.0, 385.795618782), (0.0, 390.053873867), (0.0, 394.379003975), (0.0, 398.620795951), (0.0, 402.850550938), (0.0, 407.266328292), (0.0, 411.625570142), (0.0, 415.945713064), (0.0, 420.390143043))"
i_133_2_32_MT_orz704d,2,133,orz704d,MT,32,BFS,4.25,-,124004,"((2.25, 0.542583088), (3.25, 4.817261474), (3.25, 9.109665565), (3.5, 13.44014681), (3.75, 17.694553047), (3.75, 21.90076286), (3.75, 26.171327165), (3.75, 30.461745732), (3.75, 34.668546109), (3.75, 38.899367858), (3.75, 43.165020646), (3.75, 47.406018861), (3.75, 51.666876788), (3.75, 55.960098751), (3.75, 60.256159673), (3.75, 64.484575883), (3.75, 68.753658149), (3.75, 73.060172747), (3.75, 77.349358759), (3.75, 81.608477978), (3.75, 85.870407479), (3.75, 90.116381662), (3.75, 94.473838299), (3.75, 98.776460714), (3.75, 102.984955434), (4.0, 107.373559973), (4.25, 111.680424663), (4.25, 115.950075352), (4.25, 120.214867966), (4.25, 124.503175139), (4.25, 128.725418126), (4.25, 132.934755142), (4.25, 137.308507002), (4.25, 141.635653675), (4.25, 146.036529515), (4.25, 150.283629531), (4.25, 154.727555527), (4.25, 159.096920566), (4.25, 163.325853676), (4.25, 167.586577776), (4.25, 171.821649043), (4.25, 176.071655405), (4.25, 180.468919454), (4.25, 184.822060288), (4.25, 189.151353007), (4.25, 193.570728283), (4.25, 197.83805512), (4.25, 202.156705793), (4.25, 206.530641233), (4.25, 210.732541241), (4.25, 215.064103946), (4.25, 219.430899412), (4.25, 223.754361759), (4.25, 228.043614834), (4.25, 232.367593105), (4.25, 236.839343971), (4.25, 241.116917581), (4.25, 245.458820641), (4.25, 249.755814061), (4.25, 253.97810434), (4.25, 258.309560848), (4.25, 262.517997929), (4.25, 266.883705974), (4.25, 271.106785434), (4.25, 275.428469196), (4.25, 279.791554438), (4.25, 284.194295552), (4.25, 288.433715312), (4.25, 292.705837163), (4.25, 297.127180604), (4.25, 301.386937738), (4.25, 305.707388348), (4.25, 310.049818147), (4.25, 314.420455962), (4.25, 318.759005576), (4.25, 323.024261502), (4.25, 327.254517825), (4.25, 331.562935722), (4.25, 335.918559515), (4.25, 340.124264275), (4.25, 344.466546231), (4.25, 348.719975871), (4.25, 353.197125859), (4.25, 357.614537668), (4.25, 361.846409613), (4.25, 366.167621292), (4.25, 370.374052903), (4.25, 374.622936237), (4.25, 378.95021144), (4.25, 383.27765236), (4.25, 387.622370993), (4.25, 391.913787548), (4.25, 396.162310061), (4.25, 400.6324325), (4.25, 404.96968465), (4.25, 409.552633333), (4.25, 414.25541358), (4.25, 418.56483771))"
i_116_2_30_MT_den403d,2,102,den403d,MT,30,BNBL,0.0,-,102564,"((0.0, 0.719250524), (0.0, 4.946489749), (0.0, 9.232275205), (0.0, 13.507420552), (0.0, 17.749211735), (0.0, 21.956904731), (0.0, 26.166270774), (0.0, 30.439937759), (0.0, 34.732476942), (0.0, 39.024029366), (0.0, 43.237255128), (0.0, 47.437593929), (0.0, 51.696421691), (0.0, 55.91149755), (0.0, 60.210668716), (0.0, 64.52928509), (0.0, 68.819740299), (0.0, 73.114773966), (0.0, 77.393261793), (0.0, 81.635640075), (0.0, 85.948443473), (0.0, 90.188146143), (0.0, 94.430763645), (0.0, 98.746066392), (0.0, 102.95955299), (0.0, 107.165839155), (0.0, 111.565644563), (0.0, 115.887017615), (0.0, 120.193272292), (0.0, 124.448905029), (0.0, 128.757736101), (0.0, 133.015920134), (0.0, 137.253966019), (0.0, 141.519594616), (0.0, 145.723035228), (0.0, 149.962577639), (0.0, 154.310595193), (0.0, 158.565176707), (0.0, 162.843718548), (0.0, 167.068107989), (0.0, 171.417283407), (0.0, 175.638597646), (0.0, 179.966961784), (0.0, 184.207941503), (0.0, 188.430232605), (0.0, 192.692278485), (0.0, 197.032536427), (0.0, 201.254336618), (0.0, 205.610327715), (0.0, 209.938851364), (0.0, 214.228965035), (0.0, 218.739845086), (0.0, 223.072291819), (0.0, 227.386741525), (0.0, 231.670729639), (0.0, 235.878671129), (0.0, 240.159862729), (0.0, 244.491815379), (0.0, 248.853784329), (0.0, 253.224603578), (0.0, 257.520137061), (0.0, 261.809509861), (0.0, 266.04108197), (0.0, 270.368345702), (0.0, 274.659795208), (0.0, 278.966544899), (0.0, 283.310943345), (0.0, 287.626932839), (0.0, 291.905846471), (0.0, 296.114066248), (0.0, 300.492016125), (0.0, 304.754845574), (0.0, 308.975491432), (0.0, 313.217524157), (0.0, 317.448033221), (0.0, 321.79941202), (0.0, 326.000411891), (0.0, 330.344052348), (0.0, 334.697931175), (0.0, 339.013435671), (0.0, 343.370525783), (0.0, 347.726634617), (0.0, 352.020794869), (0.0, 356.364937727), (0.0, 360.697848475), (0.0, 364.999362998), (0.0, 369.396746845), (0.0, 373.784741353), (0.0, 378.027682283), (0.0, 382.34636681), (0.0, 386.674678339), (0.0, 391.064392481), (0.0, 395.278610893), (0.0, 399.673259349), (0.0, 404.045042659), (0.0, 408.339136043), (0.0, 412.744959522), (0.0, 417.009175936))"
i_116_2_30_MT_den403d,2,102,den403d,MT,30,BFS,0.0,-,114840,"((0.0, 0.540498836), (0.0, 4.7432309450000005), (0.0, 8.983951921), (0.0, 13.187471385), (0.0, 17.436607151), (0.0, 21.702287216), (0.0, 25.963867698), (0.0, 30.18751463), (0.0, 34.442934793), (0.0, 38.680712064), (0.0, 42.886584869), (0.0, 47.156781488), (0.0, 51.432570511), (0.0, 55.723625686), (0.0, 59.955763282), (0.0, 64.158087274), (0.0, 68.441879148), (0.0, 72.714287022), (0.0, 76.980188844), (0.0, 81.239457627), (0.0, 85.453353007), (0.0, 89.657717946), (0.0, 93.895618348), (0.0, 98.18364993), (0.0, 102.406418668), (0.0, 106.639365634), (0.0, 110.930680389), (0.0, 115.208338619), (0.0, 119.507629151), (0.0, 123.736765789), (0.0, 128.015778276), (0.0, 132.22776413), (0.0, 136.470056156), (0.0, 140.736086137), (0.0, 144.996612835), (0.0, 149.213913926), (0.0, 153.442824077), (0.0, 157.721897412), (0.0, 162.054463759), (0.0, 166.312257771), (0.0, 170.592617783), (0.0, 174.856326542), (0.0, 179.084862912), (0.0, 183.375558113), (0.0, 187.724860115), (0.0, 191.998432706), (0.0, 196.231799513), (0.0, 200.432191938), (0.0, 204.737229362), (0.0, 209.052972182), (0.0, 213.398525959), (0.0, 217.645426336), (0.0, 221.869131426), (0.0, 226.069246071), (0.0, 230.271597953), (0.0, 234.622215739), (0.0, 238.83466766), (0.0, 243.168999184), (0.0, 247.518851015), (0.0, 251.772288906), (0.0, 256.042423182), (0.0, 260.423755941), (0.0, 264.627941234), (0.0, 268.88062161), (0.0, 273.207330174), (0.0, 277.581007334), (0.0, 281.912039109), (0.0, 286.125220646), (0.0, 290.409040966), (0.0, 294.749056121), (0.0, 299.014445451), (0.0, 303.374963263), (0.0, 307.616251294), (0.0, 311.831569499), (0.0, 316.120600008), (0.0, 320.429036826), (0.0, 324.689718634), (0.0, 329.034659147), (0.0, 333.35887716), (0.0, 337.721199315), (0.0, 341.978557057), (0.0, 346.35880431), (0.0, 350.744780867), (0.0, 355.117423072), (0.0, 359.376878905), (0.0, 363.729663287), (0.0, 368.076945566), (0.0, 372.44182011), (0.0, 376.710969097), (0.0, 381.006788744), (0.0, 385.270617717), (0.0, 389.679769747), (0.0, 394.067453182), (0.0, 398.332496052), (0.0, 402.574761189), (0.0, 406.8292779), (0.0, 411.051893138), (0.0, 415.426305274), (0.0, 419.632866974))"
i_108_4_35_FR_orz101d,4,102,orz101d,FR,35,BFS,9.23,-,52704,"((7.17, 2.25658105), (8.73, 10.418185124), (8.73, 15.330573737), (8.73, 24.152982706), (8.73, 29.505671381), (8.73, 33.851746907), (8.73, 38.814923745), (9.05, 49.309637841), (9.05, 61.694831721), (9.05, 66.537104266), (9.05, 72.119875734), (9.05, 84.058300094), (9.05, 97.689570749), (9.05, 106.442563389), (9.05, 111.748117369), (9.05, 116.174277776), (9.05, 121.382983995), (9.05, 127.517886842), (9.05, 132.229001085), (9.05, 137.603571896), (9.05, 149.262370094), (9.05, 162.955671918), (9.05, 168.14887376), (9.05, 174.139181456), (9.05, 187.061487929), (9.05, 202.277032725), (9.05, 206.979306647), (9.05, 212.653984508), (9.05, 224.168626013), (9.05, 238.250150277), (9.05, 243.735142042), (9.05, 251.405631015), (9.05, 264.947531335), (9.05, 280.552050486), (9.05, 292.975327831), (9.05, 307.865178478), (9.23, 337.948989118), (9.23, 375.952779922), (9.23, 390.411299817), (9.23, 407.311604916), (9.23, 440.99689657))"
i_165_3_29_FR_isound1,3,165,isound1,FR,29,BNB,14.34,-,46744,"((5.74, 2.539972127), (10.74, 8.008597694), (10.74, 12.555643132), (10.74, 18.35182623), (10.74, 23.207105734), (10.74, 27.822742586), (10.74, 32.443053278), (12.99, 38.757242722), (12.99, 44.605313442), (12.99, 49.593146635), (12.99, 56.39365305), (12.99, 62.811338571), (12.99, 67.347979348), (12.99, 73.605933489), (12.99, 79.420172099), (12.99, 84.196576484), (12.99, 90.808729096), (12.99, 96.895785271), (12.99, 103.256063189), (12.99, 108.405227862), (12.99, 112.833305282), (12.99, 117.553975118), (12.99, 123.097349983), (12.99, 128.239053887), (12.99, 134.367047413), (12.99, 141.490537949), (12.99, 147.606635236), (12.99, 154.104618172), (12.99, 161.704285141), (12.99, 167.895083011), (12.99, 173.943456159), (12.99, 181.023965497), (12.99, 187.075508046), (12.99, 193.376842153), (12.99, 200.630453053), (12.99, 206.42670083), (12.99, 212.07831359), (12.99, 218.618382344), (12.99, 224.23944325), (12.99, 230.31497304), (12.99, 237.30594643), (12.99, 243.862683613), (12.99, 251.532017223), (12.99, 256.338861213), (13.16, 264.765531421), (13.16, 271.929317194), (13.16, 276.468816232), (13.16, 281.727577725), (13.16, 286.186893898), (14.34, 291.025020504), (14.34, 297.599111879), (14.34, 301.889374999), (14.34, 306.737956425), (14.34, 315.303560338), (14.34, 322.220156507), (14.34, 326.643072644), (14.34, 331.670786345), (14.34, 335.968331802), (14.34, 340.535771907), (14.34, 346.489815398), (14.34, 354.412035866), (14.34, 361.88713559), (14.34, 367.975603029), (14.34, 376.369893856), (14.34, 384.524118546), (14.34, 392.484107643), (14.34, 397.692929908), (14.34, 403.343779011), (14.34, 408.459811721), (14.34, 413.700106183), (14.34, 422.129905832))"
i_189_6_58_MT_lgt605d,6,165,lgt605d,MT,58,BNBL,2.75,-,69632,"((1.25, 24.532896177), (1.25, 48.277569128), (1.25, 73.233058474), (2.25, 121.036283054), (2.25, 171.042755474), (2.25, 222.594570059), (2.75, 324.015996496), (2.75, 374.001034716), (2.75, 426.353202475))"
i_165_3_29_FR_isound1,3,165,isound1,FR,29,BFS,14.34,-,51608,"((5.74, 1.909360312), (10.74, 6.788436044), (10.74, 12.841589472), (10.74, 18.010746056), (10.74, 22.316942546), (10.74, 28.525725863), (12.99, 34.093572895), (12.99, 39.257539857), (12.99, 43.647314149), (12.99, 49.663858315), (12.99, 55.282620239), (12.99, 61.811051771), (12.99, 67.295553021), (12.99, 71.867060367), (12.99, 76.736812958), (12.99, 82.363938792), (12.99, 86.776102236), (12.99, 93.279457104), (12.99, 97.712271903), (12.99, 103.74433433), (12.99, 108.638166083), (12.99, 113.278869689), (12.99, 118.680231826), (12.99, 125.013230667), (12.99, 130.424205114), (12.99, 136.204905225), (12.99, 143.007024072), (12.99, 148.605663672), (12.99, 153.911461174), (12.99, 160.090635418), (12.99, 165.444103682), (12.99, 171.158949005), (12.99, 177.636912369), (12.99, 182.855918514), (12.99, 187.966741726), (12.99, 193.771802211), (12.99, 198.876190824), (12.99, 204.263387632), (12.99, 210.48395336), (12.99, 216.229038966), (12.99, 223.148703056), (12.99, 227.540821642), (13.16, 235.15489357), (13.16, 241.406074004), (13.16, 250.109202862), (14.34, 258.31852604), (14.34, 264.219779332), (14.34, 272.317512433), (14.34, 279.888149067), (14.34, 285.94744932), (14.34, 294.478461229), (14.34, 302.467165418), (14.34, 307.656761215), (14.34, 314.828913759), (14.34, 321.59983568), (14.34, 327.117298381), (14.34, 334.480837608), (14.34, 341.724082392), (14.34, 348.902884528), (14.34, 353.498864991), (14.34, 358.680140141), (14.34, 363.163592951), (14.34, 368.089931589), (14.34, 375.723568985), (14.34, 380.663835908), (14.34, 386.153237884), (14.34, 390.99794707), (14.34, 396.129631122), (14.34, 403.365817055), (14.34, 408.04700258), (14.34, 413.102748333), (14.34, 417.508447819), (14.34, 422.344433535))"
i_204_4_47_FR_den308d,4,169,den308d,FR,47,BFS,11.8,-,47952,"((6.16, 10.766733992), (6.16, 20.882007059), (6.16, 32.24908087), (10.14, 42.713746871), (10.14, 53.945424334), (10.14, 71.042027582), (10.14, 90.074586107), (10.14, 101.355708555), (10.14, 113.880032863), (10.14, 125.339020572), (10.14, 137.587426889), (10.14, 156.528900478), (10.14, 177.054825325), (10.14, 187.581609678), (10.14, 199.411789225), (10.14, 210.118863554), (10.14, 221.944513777), (11.8, 239.908257512), (11.8, 259.494704018), (11.8, 271.220916682), (11.8, 284.189443703), (11.8, 295.974803711), (11.8, 308.789604583), (11.8, 328.72691141), (11.8, 350.585011825), (11.8, 368.81319117), (11.8, 390.136102961), (11.8, 409.082662302), (11.8, 429.672133539))"
i_165_3_29_FR_isound1,3,165,isound1,FR,29,BNBL,14.34,-,42504,"((5.74, 2.730948643), (10.74, 8.976739953), (10.74, 14.288760458), (12.99, 20.37621672), (12.99, 27.603965797), (12.99, 35.500141211), (14.34, 44.635673043), (14.34, 49.891673849), (14.34, 57.957719965), (14.34, 63.278860145), (14.34, 68.86291568), (14.34, 74.07209558), (14.34, 82.176697909), (14.34, 87.389002869), (14.34, 93.159878929), (14.34, 98.26767339), (14.34, 103.642361412), (14.34, 108.554087715), (14.34, 113.628233154), (14.34, 121.732680209), (14.34, 126.988880956), (14.34, 134.721232575), (14.34, 139.756758861), (14.34, 145.289937999), (14.34, 150.21411867), (14.34, 155.385018928), (14.34, 160.591495811), (14.34, 165.948097724), (14.34, 171.214244685), (14.34, 176.244440801), (14.34, 181.871451571), (14.34, 187.141106197), (14.34, 192.414997637), (14.34, 199.607521068), (14.34, 206.448464705), (14.34, 212.03334246), (14.34, 219.670317994), (14.34, 227.030983671), (14.34, 232.169304733), (14.34, 239.377389951), (14.34, 246.089147481), (14.34, 251.445967074), (14.34, 258.909250783), (14.34, 265.891423392), (14.34, 271.824097043), (14.34, 277.402761886), (14.34, 283.583815046), (14.34, 289.464221679), (14.34, 295.338971502), (14.34, 303.300948105), (14.34, 310.906333009), (14.34, 317.075159303), (14.34, 325.48084972), (14.34, 333.600918948), (14.34, 339.408085351), (14.34, 347.376890234), (14.34, 354.942833618), (14.34, 360.806961543), (14.34, 369.055004176), (14.34, 377.01131869), (14.34, 382.427652019), (14.34, 389.750997792), (14.34, 396.831229869), (14.34, 402.390775592), (14.34, 410.143548038), (14.34, 417.47980328))"
i_204_4_47_FR_den308d,4,169,den308d,FR,47,BNBL,11.8,-,39744,"((6.16, 13.978793956), (6.16, 26.881046602), (6.16, 40.928814733), (10.14, 54.069704949), (10.14, 68.14566736), (10.14, 89.878398074), (10.14, 113.086086751), (10.14, 127.946560697), (10.14, 151.18197373), (10.14, 176.098881163), (10.14, 190.167588141), (11.8, 211.972346871), (11.8, 235.357685838), (11.8, 249.244999581), (11.8, 264.32591488), (11.8, 278.265417157), (11.8, 293.179172031), (11.8, 316.629731999), (11.8, 341.740811567), (11.8, 354.991257316), (11.8, 369.379228812), (11.8, 391.532462221), (11.8, 415.44890163), (11.8, 429.950040347))"
i_204_4_47_FR_den308d,4,169,den308d,FR,47,BNB,11.8,-,43632,"((6.16, 12.708112528000001), (6.16, 24.361134807), (6.16, 37.250572249), (10.14, 48.968399432), (10.14, 61.701875408), (10.14, 81.311709492), (10.14, 102.58447303), (10.14, 115.364704347), (10.14, 129.469737332), (10.14, 142.525680585), (10.14, 156.566998351), (10.14, 178.244836882), (10.14, 201.846136677), (10.14, 213.947771064), (10.14, 227.593778382), (10.14, 239.896029927), (10.14, 253.150432152), (11.8, 273.790927847), (11.8, 296.03052082), (11.8, 309.413552828), (11.8, 324.158802907), (11.8, 337.623952733), (11.8, 352.15460445), (11.8, 374.970874947), (11.8, 399.488979372), (11.8, 420.153581459), (11.8, 444.860047981))"
i_233_5_54_MT_hrt001d,5,195,hrt001d,MT,54,BNB,3.0,-,82944,"((2.25, 38.004755058), (2.25, 75.431245258), (2.25, 116.027880734), (2.5, 155.010312929), (2.5, 197.391604229), (3.0, 251.547514886), (3.0, 311.344909275), (3.0, 355.854283734), (3.0, 405.919374078), (3.0, 454.897930469))"
i_233_5_54_MT_hrt001d,5,195,hrt001d,MT,54,BFS,3.0,-,101088,"((2.25, 29.908519265), (2.25, 59.900515009), (2.25, 92.85804802), (2.5, 124.069490841), (2.5, 158.196043749), (3.0, 201.541840277), (3.0, 249.575764746), (3.0, 285.737526794), (3.0, 326.474814555), (3.0, 366.382002364), (3.0, 409.450069229), (3.0, 465.550071017))"
i_233_5_54_MT_hrt001d,5,195,hrt001d,MT,54,BNBL,3.25,-,80352,"((2.25, 43.941412871), (2.25, 87.309209228), (2.25, 133.607679813), (2.5, 177.31462236), (2.5, 223.92369991), (3.0, 282.72927284), (3.0, 345.601977052), (3.0, 410.448229873), (3.25, 472.731826083))"
i_189_6_58_MT_lgt605d,6,165,lgt605d,MT,58,BFS,2.75,-,102400,"((1.25, 17.076060284), (1.25, 33.750717462), (1.25, 51.440042659), (2.25, 85.373996956), (2.25, 121.92378394), (2.25, 140.021756035), (2.25, 159.131318768), (2.25, 196.562545098), (2.25, 236.747097155), (2.25, 274.958894939), (2.25, 316.590731659), (2.75, 402.50859051), (2.75, 484.23639345))"
i_189_6_58_MT_lgt605d,6,165,lgt605d,MT,58,BNB,2.75,-,86016,"((1.25, 21.236521153), (1.25, 41.653156141), (1.25, 63.25258326), (2.25, 105.241287094), (2.25, 149.764411327), (2.25, 171.777894276), (2.25, 195.377015825), (2.25, 240.854258827), (2.25, 289.541811719), (2.25, 336.255040535), (2.25, 386.915007592), (2.75, 488.168558123))"
i_265_6_54_FR_orz000d,6,265,orz000d,FR,54,BFS,7.36,-,46656,"((7.36, 565.59122207),)"
i_265_6_54_FR_orz000d,6,265,orz000d,FR,54,BNB,7.36,-,46656,"((7.36, 611.922131493),)"
i_265_6_54_FR_orz000d,6,265,orz000d,FR,54,BNBL,7.36,-,46656,"((7.36, 642.018845288),)"
