i_4_2_2_SC_X,2,4,X,SC,2,BFS,2.0,0.037,416,"((2.0, 416, 0.037),)"
i_4_2_2_SC_X,2,4,X,SC,2,BNBL,2.0,0.041,400,"((2.0, 400, 0.041),)"
i_4_2_2_SC_X,2,4,X,SC,2,GBNB,2.0,0.039,400,"((2.0, 400, 0.039),)"
i_4_2_2_SC_X,2,4,X,SC,2,BNB,2.0,0.04,416,"((2.0, 416, 0.04),)"
i_4_2_2_SC_X,2,4,X,SC,2,ASTAR,2.0,0.04,400,"((2.0, 400, 0.04),)"
i_4_2_2_SC_X,2,4,X,SC,2,DFS,2.0,0.039,416,"((2.0, 416, 0.039),)"
i_4_2_5_FR_X,2,4,X,FR,5,BFS,12.863,0.655,7680,"((12.863, 7680, 0.655),)"
i_4_2_5_FR_X,2,4,X,FR,5,BNBL,12.863,0.652,6566,"((12.863, 6566, 0.652),)"
i_4_2_5_FR_X,2,4,X,FR,5,ASTAR,12.863,0.647,6566,"((12.863, 6566, 0.647),)"
i_4_2_5_FR_X,2,4,X,FR,5,GBNB,12.863,0.665,6674,"((12.863, 6674, 0.665),)"
i_4_2_5_FR_X,2,4,X,FR,5,BNB,12.863,0.697,7356,"((12.863, 7356, 0.697),)"
i_4_2_5_FR_X,2,4,X,FR,5,DFS,12.863,0.755,8357,"((12.863, 8357, 0.755),)"
i_4_3_6_FR_X,3,4,X,FR,6,BFS,6.728,68.879,696256,"((6.728, 305604, 30.168), (6.728, 595720, 60.811), (6.728, 696256, 68.879))"
i_4_3_6_FR_X,3,4,X,FR,6,BNBL,6.728,70.245,696256,"((6.728, 296560, 30.002), (6.728, 595672, 62.176), (6.728, 696256, 70.245))"
i_4_3_6_FR_X,3,4,X,FR,6,BNB,6.728,67.648,696256,"((6.728, 305604, 30.794), (6.728, 611640, 60.795), (6.728, 696256, 67.648))"
i_4_3_6_FR_X,3,4,X,FR,6,ASTAR,6.728,71.807,712272,"((6.728, 291330, 30.013), (6.728, 597608, 60.015), (6.728, 712272, 71.807))"
i_4_3_6_FR_X,3,4,X,FR,6,GBNB,6.728,76.596,760752,"((6.728, 295940, 30.001), (6.728, 593654, 60.004), (6.728, 760752, 76.596))"
i_4_3_6_FR_X,3,4,X,FR,6,DFS,6.728,77.789,801632,"((6.728, 309576, 30.0), (6.728, 616488, 60.001), (6.728, 801632, 77.789))"
i_5_2_5_MT_X,2,5,X,MT,5,BFS,1.25,0.137,1440,"((1.25, 1440, 0.137),)"
i_5_2_5_MT_X,2,5,X,MT,5,BNBL,1.25,0.131,1322,"((1.25, 1322, 0.131),)"
i_5_2_5_MT_X,2,5,X,MT,5,ASTAR,1.25,0.128,1322,"((1.25, 1322, 0.128),)"
i_5_2_5_MT_X,2,5,X,MT,5,DFS,1.25,0.129,1440,"((1.25, 1440, 0.129),)"
i_5_2_5_MT_X,2,5,X,MT,5,BNB,1.25,0.136,1437,"((1.25, 1437, 0.136),)"
i_5_2_5_MT_X,2,5,X,MT,5,GBNB,1.25,0.134,1322,"((1.25, 1322, 0.134),)"
i_5_3_7_MT_X,3,5,X,MT,7,BNBL,3.25,301.115,2497436,"((2.5, 257984, 30.018), (3.0, 496112, 60.02), (3.25, 733756, 90.022), (3.25, 1002400, 120.024), (3.25, 1257008, 155.161), (3.25, 1567228, 191.886), (3.25, 1882724, 221.888), (3.25, 2104140, 251.89), (3.25, 2420244, 281.89), (3.25, 2497436, 301.115))"
i_5_3_7_MT_X,3,5,X,MT,7,ASTAR,3.25,313.134,2548136,"((2.5, 245968, 30.002), (3.0, 486424, 60.005), (3.25, 712536, 90.006), (3.25, 949532, 120.007), (3.25, 1203660, 150.01), (3.25, 1450468, 180.01), (3.25, 1685827, 210.01), (3.25, 1914507, 240.992), (3.25, 2220308, 270.993), (3.25, 2416604, 300.994), (3.25, 2548136, 313.134))"
i_5_3_7_MT_X,3,5,X,MT,7,BFS,3.25,328.171,2879248,"((3.0, 269552, 30.0), (3.0, 526832, 61.421), (3.25, 809460, 97.075), (3.25, 1084040, 127.075), (3.25, 1346088, 157.078), (3.25, 1594856, 187.079), (3.25, 1922052, 217.08), (3.25, 2151088, 247.081), (3.25, 2420416, 283.027), (3.25, 2745061, 313.028), (3.25, 2879248, 328.171))"
i_5_3_7_MT_X,3,5,X,MT,7,GBNB,3.25,319.45,2699703,"((3.0, 252196, 30.001), (3.0, 508396, 60.005), (3.0, 761260, 90.007), (3.0, 983764, 120.008), (3.25, 1230788, 150.011), (3.25, 1519068, 185.762), (3.25, 1818432, 215.763), (3.25, 2044964, 245.764), (3.25, 2355965, 285.655), (3.25, 2662793, 315.656), (3.25, 2699703, 319.45))"
i_5_3_7_MT_X,3,5,X,MT,7,BNB,3.25,334.964,2870232,"((3.0, 264632, 30.002), (3.0, 517184, 60.004), (3.25, 749820, 90.008), (3.25, 1006192, 123.209), (3.25, 1260188, 153.209), (3.25, 1562480, 188.794), (3.25, 1879660, 218.795), (3.25, 2101172, 248.797), (3.25, 2419384, 278.799), (3.25, 2618556, 308.801), (3.25, 2870232, 334.964))"
i_5_3_7_MT_X,3,5,X,MT,7,DFS,3.25,394.023,3316844,"((3.0, 264322, 30.001), (3.0, 530929, 60.001), (3.0, 791476, 90.012), (3.25, 1039792, 121.985), (3.25, 1294416, 152.245), (3.25, 1617178, 189.533), (3.25, 1937114, 219.54), (3.25, 2159768, 249.541), (3.25, 2480224, 279.541), (3.25, 2627904, 309.541), (3.25, 2947404, 339.542), (3.25, 3131017, 376.52), (3.25, 3316844, 394.023))"
i_5_3_7_FR_X,3,5,X,FR,7,BFS,14.155,-,5429948,"((13.428, 280544, 30.006), (13.428, 552752, 61.753), (13.428, 853808, 91.769), (13.428, 1091216, 121.786), (13.428, 1358432, 151.802), (13.428, 1658408, 186.345), (13.428, 1990016, 216.352), (13.428, 2217776, 246.363), (13.428, 2554256, 276.37), (13.428, 2761712, 306.379), (13.428, 3099632, 336.391), (13.428, 3282848, 366.391), (14.155, 3616664, 396.392), (14.155, 3949592, 426.393), (14.155, 4086120, 456.395), (14.155, 4420328, 486.395), (14.155, 4754080, 516.396), (14.155, 4914496, 552.763), (14.155, 5240608, 582.764), (14.155, 5429948, 600.001))"
i_5_3_7_FR_X,3,5,X,FR,7,BNBL,14.155,-,5131216,"((13.428, 263840, 30.0), (13.428, 524240, 60.001), (13.428, 780032, 90.021), (13.428, 1051904, 120.03), (13.428, 1323080, 150.041), (13.428, 1573016, 180.048), (13.428, 1811528, 210.049), (13.428, 2061992, 242.807), (13.428, 2381888, 272.818), (13.428, 2587400, 302.826), (13.428, 2911232, 332.838), (13.428, 3205952, 373.922), (14.155, 3522356, 403.922), (14.155, 3821060, 433.925), (14.155, 3967592, 465.734), (14.155, 4281516, 495.736), (14.155, 4600732, 525.738), (14.155, 4899652, 555.741), (14.155, 4989196, 585.744), (14.155, 5131216, 600.003))"
i_5_3_7_FR_X,3,5,X,FR,7,GBNB,14.155,-,5009404,"((14.155, 261730, 31.267), (14.155, 516580, 61.28), (14.155, 785976, 93.857), (14.155, 1048562, 123.863), (14.155, 1302186, 153.863), (14.155, 1534262, 183.871), (14.155, 1847140, 213.872), (14.155, 2064802, 243.873), (14.155, 2337662, 280.483), (14.155, 2650368, 310.483), (14.155, 2914492, 348.309), (14.155, 3221364, 378.31), (14.155, 3535740, 408.326), (14.155, 3677322, 438.328), (14.155, 3984810, 468.348), (14.155, 4296828, 498.35), (14.155, 4513724, 552.157), (14.155, 4835020, 582.158), (14.155, 5009404, 600.0))"
i_5_3_7_FR_X,3,5,X,FR,7,BNB,14.155,-,5241772,"((13.428, 272480, 30.003), (13.428, 540368, 60.017), (13.428, 802208, 90.033), (13.428, 1066952, 123.185), (13.428, 1331168, 153.282), (13.428, 1655024, 183.289), (13.428, 1896320, 213.297), (13.428, 2122760, 243.307), (13.428, 2449208, 273.322), (13.428, 2655512, 303.331), (13.428, 2983304, 333.348), (13.428, 3205232, 367.884), (14.155, 3526892, 397.886), (14.155, 3836816, 427.888), (14.155, 3965864, 457.982), (14.155, 4286820, 487.984), (14.155, 4610440, 517.987), (14.155, 4912168, 568.514), (14.155, 5225680, 598.514), (14.155, 5241772, 600.0))"
i_5_3_7_FR_X,3,5,X,FR,7,ASTAR,14.155,-,4980214,"((10.477, 252960, 30.014), (10.477, 515880, 60.029), (10.477, 767920, 90.039), (11.449, 1032992, 123.29), (13.428, 1285052, 153.509), (13.428, 1584224, 183.518), (13.428, 1823720, 213.523), (13.428, 2048288, 243.523), (13.428, 2364380, 273.535), (13.428, 2556944, 303.535), (13.428, 2852688, 333.535), (13.428, 3071144, 368.7), (13.428, 3384012, 398.718), (13.428, 3697596, 428.729), (13.428, 3840888, 458.735), (13.428, 4146452, 488.738), (14.155, 4410068, 518.74), (14.155, 4690206, 548.742), (14.155, 4775966, 578.743), (14.155, 4980214, 600.003))"
i_5_3_7_FR_X,3,5,X,FR,7,DFS,14.155,-,5171865,"((13.428, 255399, 30.001), (14.155, 505005, 60.001), (14.155, 745110, 90.001), (14.155, 1010612, 120.008), (14.155, 1268395, 150.008), (14.155, 1508422, 180.019), (14.155, 1733686, 210.02), (14.155, 2050350, 240.024), (14.155, 2259638, 270.025), (14.155, 2586588, 300.026), (14.155, 2774586, 330.042), (14.155, 3100047, 360.053), (14.155, 3334631, 397.975), (14.155, 3657733, 427.975), (14.155, 3984417, 457.978), (14.155, 4162059, 494.661), (14.155, 4477027, 524.661), (14.155, 4792643, 554.663), (14.155, 5117113, 584.665), (14.155, 5171865, 614.125))"
i_6_3_5_FR_X,3,6,X,FR,5,BFS,8.535,-,5058232,"((7.506, 259064, 30.011), (7.506, 522784, 60.031), (7.506, 770872, 90.031), (7.506, 1043480, 120.037), (7.506, 1302888, 150.056), (7.506, 1548824, 180.083), (7.506, 1782744, 210.127), (7.506, 2067832, 246.682), (7.506, 2377656, 276.718), (7.506, 2583392, 307.654), (7.506, 2893720, 337.668), (7.506, 3202248, 367.687), (7.506, 3368088, 397.719), (8.535, 3676056, 427.737), (8.535, 3987896, 457.767), (8.535, 4115544, 487.791), (8.535, 4428184, 517.821), (8.535, 4741112, 547.828), (8.535, 5011920, 595.47), (8.535, 5058232, 600.016))"
i_6_3_5_FR_X,3,6,X,FR,5,BNB,8.535,-,5033880,"((7.506, 248472, 30.001), (7.506, 501464, 60.052), (7.506, 751704, 90.062), (7.506, 1024312, 120.085), (7.506, 1284408, 150.09), (7.506, 1530776, 180.11), (7.506, 1764312, 210.144), (7.506, 2065368, 248.032), (7.506, 2375704, 278.038), (7.506, 2580128, 308.474), (7.506, 2891512, 338.518), (7.506, 3203016, 368.539), (7.506, 3367704, 398.544), (8.535, 3670296, 428.568), (8.535, 3977864, 458.591), (8.535, 4104600, 488.594), (8.535, 4413976, 518.635), (8.535, 4726680, 548.659), (8.535, 5005656, 597.202), (8.535, 5033880, 600.014))"
i_6_3_5_FR_X,3,6,X,FR,5,BNBL,8.535,-,5014008,"((7.506, 226840, 30.282), (7.506, 463896, 60.323), (7.506, 698160, 90.328), (7.506, 969016, 120.342), (7.506, 1220480, 150.353), (7.506, 1446600, 180.376), (7.506, 1667816, 210.409), (7.506, 1972968, 240.428), (7.506, 2188680, 270.446), (7.506, 2494840, 300.459), (7.506, 2691528, 330.47), (7.506, 2995768, 360.489), (7.506, 3227752, 397.451), (8.535, 3527192, 427.453), (8.535, 3820664, 457.488), (8.535, 4019544, 496.097), (8.535, 4317112, 526.106), (8.535, 4628216, 556.139), (8.535, 4937528, 586.148), (8.535, 5014008, 615.697))"
i_6_3_5_FR_X,3,6,X,FR,5,DFS,7.506,-,5090952,"((6.432, 260592, 30.005), (7.462, 524840, 60.008), (7.462, 785616, 90.009), (7.462, 1060688, 120.012), (7.462, 1324012, 150.015), (7.462, 1576312, 180.018), (7.462, 1814016, 210.022), (7.462, 2075168, 243.981), (7.462, 2389516, 273.987), (7.506, 2592244, 304.904), (7.506, 2907028, 334.906), (7.506, 3221820, 364.909), (7.506, 3382360, 394.912), (7.506, 3696812, 424.912), (7.506, 4011620, 454.916), (7.506, 4129100, 484.921), (7.506, 4440928, 514.922), (7.506, 4752404, 544.924), (7.506, 5042760, 595.356), (7.506, 5090952, 600.0))"
i_6_3_5_FR_X,3,6,X,FR,5,GBNB,10.02,-,4907508,"((10.02, 259144, 30.044), (10.02, 516772, 62.303), (10.02, 792552, 92.309), (10.02, 1019644, 122.314), (10.02, 1264208, 152.318), (10.02, 1568604, 182.32), (10.02, 1805220, 212.32), (10.02, 2018676, 242.323), (10.02, 2320728, 272.325), (10.02, 2486548, 302.328), (10.02, 2789856, 332.354), (10.02, 3050196, 378.364), (10.02, 3363308, 408.367), (10.02, 3666668, 438.371), (10.02, 3803320, 469.582), (10.02, 4106236, 499.584), (10.02, 4411152, 529.588), (10.02, 4716048, 559.593), (10.02, 4802832, 589.595), (10.02, 4907508, 600.006))"
i_6_3_5_FR_X,3,6,X,FR,5,ASTAR,9.114,-,5013080,"((6.432, 247520, 30.009), (6.432, 512560, 60.043), (7.462, 762872, 90.043), (7.462, 1006832, 122.506), (8.946, 1251968, 153.571), (8.946, 1548112, 183.596), (8.946, 1790424, 213.6), (8.946, 2005256, 243.602), (8.946, 2297152, 273.636), (8.946, 2488096, 303.657), (8.946, 2793664, 333.663), (8.946, 3027656, 369.47), (8.946, 3334856, 399.492), (9.114, 3630536, 429.5), (9.114, 3771440, 459.978), (9.114, 4083104, 490.002), (9.114, 4392672, 520.024), (9.114, 4703360, 550.044), (9.114, 4804760, 580.08), (9.114, 5013080, 600.008))"
i_6_2_2_SC_X,2,6,X,SC,2,BFS,2.0,0.122,1276,"((2.0, 1276, 0.122),)"
i_6_2_2_SC_X,2,6,X,SC,2,BNBL,2.0,0.098,960,"((2.0, 960, 0.098),)"
i_6_2_2_SC_X,2,6,X,SC,2,GBNB,2.0,0.098,960,"((2.0, 960, 0.098),)"
i_6_2_2_SC_X,2,6,X,SC,2,ASTAR,2.0,0.1,960,"((2.0, 960, 0.1),)"
i_6_2_2_SC_X,2,6,X,SC,2,BNB,2.0,0.124,1276,"((2.0, 1276, 0.124),)"
i_6_2_2_SC_X,2,6,X,SC,2,DFS,2.0,0.12,1276,"((2.0, 1276, 0.12),)"
i_7_2_5_SC_X,2,7,X,SC,5,BNBL,5.0,2.705,23000,"((5.0, 23000, 2.705),)"
i_7_2_5_SC_X,2,7,X,SC,5,BFS,5.0,6.078,53160,"((5.0, 53160, 6.078),)"
i_7_3_6_MT_X,3,7,X,MT,6,BNBL,1.5,1.488,10264,"((1.5, 10264, 1.488),)"
i_7_3_6_MT_X,3,7,X,MT,6,BFS,1.5,2.091,15860,"((1.5, 15860, 2.091),)"
i_7_3_6_MT_X,3,7,X,MT,6,BNB,1.5,2.163,15560,"((1.5, 15560, 2.163),)"
i_7_2_5_SC_X,2,7,X,SC,5,ASTAR,5.0,2.915,24260,"((5.0, 24260, 2.915),)"
i_7_2_5_SC_X,2,7,X,SC,5,GBNB,5.0,3.302,26144,"((5.0, 26144, 3.302),)"
i_7_2_5_SC_X,2,7,X,SC,5,BNB,5.0,6.106,51500,"((5.0, 51500, 6.106),)"
i_7_2_5_SC_X,2,7,X,SC,5,DFS,5.0,7.673,65880,"((5.0, 65880, 7.673),)"
i_7_2_6_FR_X,2,7,X,FR,6,BNBL,5.164,0.768,6434,"((5.164, 6434, 0.768),)"
i_7_2_6_FR_X,2,7,X,FR,6,GBNB,5.164,0.775,6530,"((5.164, 6530, 0.775),)"
i_7_2_6_FR_X,2,7,X,FR,6,BFS,5.164,0.826,7300,"((5.164, 7300, 0.826),)"
i_7_2_6_FR_X,2,7,X,FR,6,BNB,5.164,0.833,7275,"((5.164, 7275, 0.833),)"
i_7_3_6_MT_X,3,7,X,MT,6,ASTAR,1.5,1.474,10264,"((1.5, 10264, 1.474),)"
i_7_3_6_MT_X,3,7,X,MT,6,GBNB,1.5,1.478,10264,"((1.5, 10264, 1.478),)"
i_7_3_6_MT_X,3,7,X,MT,6,DFS,1.5,2.16,16198,"((1.5, 16198, 2.16),)"
i_7_2_6_FR_X,2,7,X,FR,6,ASTAR,5.164,0.786,6506,"((5.164, 6506, 0.786),)"
i_7_2_6_FR_X,2,7,X,FR,6,DFS,5.164,0.906,7928,"((5.164, 7928, 0.906),)"
i_6_3_5_MT_X,3,6,X,MT,5,BFS,3.0,-,4952660,"((2.5, 252440, 30.008), (2.5, 494040, 60.01), (2.5, 744856, 90.024), (2.5, 1011480, 120.036), (2.5, 1265712, 150.045), (2.5, 1506712, 180.06), (2.5, 1737944, 210.061), (2.5, 2046808, 240.072), (2.5, 2263384, 270.105), (2.5, 2570680, 300.131), (2.5, 2764184, 330.155), (2.5, 3074936, 360.155), (2.5, 3228848, 390.37), (3.0, 3535768, 420.371), (3.0, 3841880, 450.374), (3.0, 3999932, 483.651), (3.0, 4302528, 513.655), (3.0, 4604912, 543.655), (3.0, 4905012, 573.658), (3.0, 4952660, 601.243))"
i_6_3_5_MT_X,3,6,X,MT,5,BNBL,3.0,-,4991504,"((2.5, 228280, 30.014), (2.5, 466008, 60.028), (2.5, 702104, 90.037), (2.5, 968592, 120.047), (2.5, 1225400, 150.054), (2.5, 1457576, 180.065), (2.5, 1680664, 210.071), (2.5, 1989112, 240.11), (2.5, 2198040, 270.126), (2.5, 2501304, 300.13), (2.5, 2690904, 330.151), (2.5, 3001112, 360.165), (2.5, 3245432, 398.662), (3.0, 3542524, 428.667), (3.0, 3832968, 458.668), (3.0, 4025212, 496.877), (3.0, 4316976, 526.88), (3.0, 4611024, 556.883), (3.0, 4900664, 586.885), (3.0, 4991504, 618.967))"
i_7_2_10_FR_X,2,7,X,FR,10,BNBL,19.591,418.436,3157462,"((17.771, 218144, 30.002), (17.771, 439892, 60.002), (19.591, 663884, 90.004), (19.591, 878048, 121.66), (19.591, 1101068, 151.664), (19.591, 1356176, 185.886), (19.591, 1640252, 215.888), (19.591, 1835492, 245.888), (19.591, 2096752, 284.369), (19.591, 2384472, 314.372), (19.591, 2603972, 351.66), (19.591, 2852750, 381.66), (19.591, 3101116, 411.661), (19.591, 3157462, 418.436))"
i_7_2_10_FR_X,2,7,X,FR,10,ASTAR,19.591,457.374,3325742,"((18.632, 214020, 30.001), (19.591, 432418, 60.003), (19.591, 651074, 90.004), (19.591, 850020, 120.337), (19.591, 1068918, 150.341), (19.591, 1311802, 183.745), (19.591, 1575546, 213.746), (19.591, 1771822, 243.746), (19.591, 2016004, 281.639), (19.591, 2284908, 311.641), (19.591, 2504176, 348.618), (19.591, 2772512, 378.62), (19.591, 3038414, 408.622), (19.591, 3161686, 438.623), (19.591, 3325742, 457.374))"
i_7_2_10_FR_X,2,7,X,FR,10,GBNB,19.591,469.556,3446440,"((19.591, 214922, 30.0), (19.591, 429836, 61.527), (19.591, 660868, 94.546), (19.591, 890098, 124.546), (19.591, 1110198, 154.548), (19.591, 1322914, 184.55), (19.591, 1581362, 221.504), (19.591, 1847802, 251.508), (19.591, 2025172, 281.508), (19.591, 2293514, 311.509), (19.591, 2456650, 341.512), (19.591, 2720978, 371.513), (19.591, 2990778, 401.513), (19.591, 3118232, 431.515), (19.591, 3376444, 461.518), (19.591, 3446440, 469.556))"
i_6_3_5_MT_X,3,6,X,MT,5,GBNB,3.0,-,4833756,"((3.0, 236628, 30.002), (3.0, 470260, 61.03), (3.0, 724548, 96.354), (3.0, 966196, 126.379), (3.0, 1207828, 156.386), (3.0, 1431044, 186.386), (3.0, 1715440, 216.386), (3.0, 1932836, 246.396), (3.0, 2140792, 277.467), (3.0, 2444072, 307.468), (3.0, 2674616, 343.204), (3.0, 2958652, 373.217), (3.0, 3241660, 403.22), (3.0, 3383988, 433.235), (3.0, 3677356, 463.253), (3.0, 3969692, 493.263), (3.0, 4131228, 528.933), (3.0, 4428592, 558.935), (3.0, 4728332, 588.943), (3.0, 4833756, 600.002))"
i_6_3_5_MT_X,3,6,X,MT,5,BNB,3.0,-,4957380,"((2.5, 237720, 30.003), (2.5, 490584, 60.029), (2.5, 735256, 90.047), (2.5, 1000728, 120.073), (2.5, 1256024, 150.077), (2.5, 1495192, 180.116), (2.5, 1719128, 210.121), (2.5, 2023512, 240.136), (2.5, 2234584, 270.146), (2.5, 2540632, 300.184), (2.5, 2729432, 330.22), (2.5, 3038360, 360.24), (2.5, 3231320, 392.999), (3.0, 3530216, 422.999), (3.0, 3822408, 453.001), (3.0, 4003256, 489.726), (3.0, 4290240, 519.726), (3.0, 4582972, 549.729), (3.0, 4877748, 579.732), (3.0, 4957380, 610.463))"
i_6_3_5_MT_X,3,6,X,MT,5,DFS,3.0,-,4956694,"((2.5, 235752, 30.003), (2.5, 484797, 60.003), (2.5, 727622, 90.003), (2.5, 989066, 120.004), (3.0, 1242332, 150.007), (3.0, 1479676, 180.009), (3.0, 1704752, 210.043), (3.0, 2004145, 240.046), (3.0, 2208079, 270.046), (3.0, 2509636, 300.064), (3.0, 2684016, 330.069), (3.0, 2986382, 360.069), (3.0, 3192850, 395.424), (3.0, 3496588, 425.426), (3.0, 3800042, 455.453), (3.0, 3981670, 491.793), (3.0, 4282075, 521.795), (3.0, 4584226, 551.833), (3.0, 4882184, 581.838), (3.0, 4956694, 612.334))"
i_6_3_5_MT_X,3,6,X,MT,5,ASTAR,3.0,-,4946424,"((2.5, 224592, 30.172), (2.5, 466568, 60.172), (2.5, 713656, 90.179), (2.5, 949520, 120.192), (2.5, 1201976, 150.193), (2.5, 1435432, 180.198), (2.5, 1667000, 210.231), (2.5, 1966936, 240.261), (2.5, 2180088, 270.282), (3.0, 2485112, 300.282), (3.0, 2665336, 330.283), (3.0, 2957156, 360.288), (3.0, 3203684, 400.17), (3.0, 3496552, 430.172), (3.0, 3787000, 460.173), (3.0, 3976760, 497.383), (3.0, 4274364, 527.405), (3.0, 4574724, 557.408), (3.0, 4873624, 587.411), (3.0, 4946424, 616.814))"
i_7_2_10_FR_X,2,7,X,FR,10,BNB,19.591,593.089,4272057,"((17.771, 230244, 30.003), (17.771, 457556, 61.378), (19.591, 707048, 94.76), (19.591, 944660, 124.761), (19.591, 1173368, 154.764), (19.591, 1391272, 184.765), (19.591, 1672044, 214.767), (19.591, 1873164, 244.77), (19.591, 2091312, 278.956), (19.591, 2371276, 308.957), (19.591, 2603000, 346.007), (19.591, 2897880, 376.009), (19.591, 3149888, 406.009), (19.591, 3264984, 436.009), (19.591, 3512674, 466.01), (19.591, 3747838, 496.01), (19.591, 3926646, 550.278), (19.591, 4169106, 580.278), (19.591, 4272057, 593.089))"
i_7_2_10_FR_X,2,7,X,FR,10,BFS,19.591,-,4559083,"((17.771, 238560, 30.98), (17.771, 461744, 60.982), (19.591, 706988, 93.083), (19.591, 950060, 123.084), (19.591, 1182404, 153.084), (19.591, 1404460, 183.087), (19.591, 1684672, 220.912), (19.591, 1969740, 250.913), (19.591, 2149908, 280.913), (19.591, 2435840, 310.913), (19.591, 2602288, 341.443), (19.591, 2890672, 371.445), (19.591, 3160406, 401.445), (19.591, 3276660, 431.446), (19.591, 3540918, 461.446), (19.591, 3807476, 491.446), (19.591, 3911678, 523.679), (19.591, 4173724, 553.679), (19.591, 4426192, 583.679), (19.591, 4559083, 600.0))"
i_8_3_8_FR_X,3,8,X,FR,8,BFS,11.914,-,4095172,"((10.757, 209192, 30.002), (11.914, 408992, 60.003), (11.914, 614528, 90.015), (11.914, 827168, 123.559), (11.914, 1030256, 153.812), (11.914, 1278512, 183.824), (11.914, 1472384, 213.834), (11.914, 1649264, 243.835), (11.914, 1894448, 273.844), (11.914, 2058248, 303.857), (11.914, 2304632, 333.883), (11.914, 2484632, 368.287), (11.914, 2733632, 398.311), (11.914, 2980208, 428.311), (11.914, 3099056, 458.727), (11.914, 3346280, 488.735), (11.914, 3594412, 518.738), (11.914, 3844320, 548.739), (11.914, 3917148, 578.74), (11.914, 4095172, 600.001))"
i_7_2_10_FR_X,2,7,X,FR,10,DFS,19.591,-,4641869,"((13.923, 235872, 30.953), (14.877, 463119, 60.954), (14.877, 707544, 93.265), (19.138, 942822, 123.265), (19.591, 1171240, 153.265), (19.591, 1390042, 183.266), (19.591, 1666701, 213.267), (19.591, 1872367, 243.267), (19.591, 2093122, 277.399), (19.591, 2374844, 307.4), (19.591, 2603634, 344.857), (19.591, 2886689, 374.857), (19.591, 3163154, 404.858), (19.591, 3289430, 434.858), (19.591, 3566150, 464.859), (19.591, 3848776, 494.861), (19.591, 4028058, 533.822), (19.591, 4305431, 563.822), (19.591, 4583442, 593.824), (19.591, 4641869, 600.002))"
i_8_3_8_FR_X,3,8,X,FR,8,BNB,11.914,-,3953640,"((10.757, 201920, 30.016), (11.914, 406448, 60.029), (11.914, 590480, 90.045), (11.914, 800192, 120.069), (11.914, 1001672, 150.07), (11.914, 1197512, 180.091), (11.914, 1386824, 210.109), (11.914, 1608176, 246.028), (11.914, 1843616, 276.037), (11.914, 2001824, 306.41), (11.914, 2235656, 336.419), (11.914, 2473616, 366.427), (11.914, 2606840, 396.436), (11.914, 2844992, 426.45), (11.914, 3083648, 456.459), (11.914, 3193976, 486.467), (11.914, 3431888, 516.492), (11.914, 3679228, 546.494), (11.914, 3881292, 591.266), (11.914, 3953640, 600.002))"
i_8_3_8_FR_X,3,8,X,FR,8,BNBL,11.914,-,3876852,"((10.757, 190088, 30.026), (11.914, 384752, 60.03), (11.914, 563768, 90.037), (11.914, 763856, 120.044), (11.914, 956168, 150.068), (11.914, 1145552, 180.074), (11.914, 1327952, 210.087), (11.914, 1554920, 240.114), (11.914, 1717712, 270.117), (11.914, 1945952, 300.135), (11.914, 2093840, 330.141), (11.914, 2324744, 360.162), (11.914, 2492048, 394.532), (11.914, 2726096, 424.533), (11.914, 2962256, 454.537), (11.914, 3108440, 489.132), (11.914, 3342152, 519.157), (11.914, 3588184, 549.157), (11.914, 3836704, 579.159), (11.914, 3876852, 603.938))"
i_8_3_8_FR_X,3,8,X,FR,8,DFS,10.757,-,4234864,"((10.757, 207144, 30.001), (10.757, 417436, 60.003), (10.757, 620724, 90.003), (10.757, 838216, 120.005), (10.757, 1048304, 150.006), (10.757, 1247900, 180.007), (10.757, 1455308, 212.464), (10.757, 1704428, 242.467), (10.757, 1876436, 272.469), (10.757, 2127804, 302.469), (10.757, 2278760, 332.472), (10.757, 2528864, 362.474), (10.757, 2778728, 392.475), (10.757, 2904852, 422.476), (10.757, 3154832, 452.478), (10.757, 3406084, 482.479), (10.757, 3535832, 516.32), (10.757, 3787348, 546.323), (10.757, 4038112, 576.323), (10.757, 4234864, 600.002))"
i_8_3_8_FR_X,3,8,X,FR,8,GBNB,10.757,-,3958600,"((10.757, 197236, 30.003), (10.757, 392200, 60.006), (10.757, 584620, 90.263), (10.757, 800392, 120.278), (10.757, 1003496, 150.278), (10.757, 1173044, 180.28), (10.757, 1405328, 210.282), (10.757, 1555316, 240.284), (10.757, 1771568, 276.476), (10.757, 2011440, 306.48), (10.757, 2209320, 344.207), (10.757, 2441916, 374.21), (10.757, 2677704, 404.21), (10.757, 2796240, 434.211), (10.757, 3035052, 464.212), (10.757, 3279948, 494.215), (10.757, 3440188, 532.547), (10.757, 3671248, 562.55), (10.757, 3900880, 592.554), (10.757, 3958600, 600.005))"
i_8_3_8_FR_X,3,8,X,FR,8,ASTAR,11.914,-,3813908,"((10.757, 161968, 30.005), (11.914, 340924, 60.009), (11.914, 513688, 90.031), (11.914, 693940, 120.237), (11.914, 892624, 150.241), (11.914, 1081120, 180.342), (11.914, 1314976, 210.344), (11.914, 1480732, 240.349), (11.914, 1674808, 276.912), (11.914, 1902112, 306.913), (11.914, 2090312, 342.545), (11.914, 2321972, 372.549), (11.914, 2554568, 402.554), (11.914, 2673152, 432.566), (11.914, 2875856, 462.592), (11.914, 3099224, 492.61), (11.914, 3241256, 528.036), (11.914, 3480620, 558.039), (11.914, 3721184, 588.04), (11.914, 3813908, 600.001))"
i_8_2_6_SC_X,2,8,X,SC,6,BFS,6.0,19.508,153696,"((6.0, 153696, 19.508),)"
i_8_2_6_MT_X,2,8,X,MT,6,BNBL,0.75,0.055,424,"((0.75, 424, 0.055),)"
i_8_2_6_MT_X,2,8,X,MT,6,BFS,0.75,0.082,697,"((0.75, 697, 0.082),)"
i_8_2_6_SC_X,2,8,X,SC,6,BNBL,6.0,9.274,68984,"((6.0, 68984, 9.274),)"
i_8_2_6_MT_X,2,8,X,MT,6,GBNB,0.75,0.055,424,"((0.75, 424, 0.055),)"
i_8_2_6_MT_X,2,8,X,MT,6,ASTAR,0.75,0.055,424,"((0.75, 424, 0.055),)"
i_8_2_6_MT_X,2,8,X,MT,6,BNB,0.75,0.085,682,"((0.75, 682, 0.085),)"
i_8_2_6_MT_X,2,8,X,MT,6,DFS,0.75,0.086,711,"((0.75, 711, 0.086),)"
i_8_2_6_SC_X,2,8,X,SC,6,ASTAR,6.0,10.859,78056,"((6.0, 78056, 10.859),)"
i_8_2_6_SC_X,2,8,X,SC,6,GBNB,6.0,11.622,88116,"((6.0, 88116, 11.622),)"
i_8_2_7_MT_X,2,8,X,MT,7,BNBL,2.5,7.405,48570,"((2.5, 48570, 7.405),)"
i_8_2_6_SC_X,2,8,X,SC,6,BNB,6.0,17.755,130880,"((6.0, 130880, 17.755),)"
i_8_2_7_MT_X,2,8,X,MT,7,BNB,2.5,7.818,55116,"((2.5, 55116, 7.818),)"
i_8_2_7_MT_X,2,8,X,MT,7,BFS,2.5,8.537,61536,"((2.5, 61536, 8.537),)"
i_9_1_10_MT_X,1,9,X,MT,10,BNB,2.486,0.069,521,"((2.486, 521, 0.069),)"
i_9_1_10_MT_X,1,9,X,MT,10,BNBL,2.486,0.072,511,"((2.486, 511, 0.072),)"
i_9_1_10_MT_X,1,9,X,MT,10,BFS,2.486,0.084,682,"((2.486, 682, 0.084),)"
i_9_1_10_MT_X,1,9,X,MT,10,GBNB,2.486,0.084,627,"((2.486, 627, 0.084),)"
i_8_2_7_MT_X,2,8,X,MT,7,GBNB,2.5,7.595,52148,"((2.5, 52148, 7.595),)"
i_8_2_7_MT_X,2,8,X,MT,7,ASTAR,2.5,7.665,52320,"((2.5, 52320, 7.665),)"
i_8_2_6_SC_X,2,8,X,SC,6,DFS,6.0,27.718,211992,"((6.0, 211992, 27.718),)"
i_9_1_10_MT_X,1,9,X,MT,10,ASTAR,2.486,0.072,528,"((2.486, 528, 0.072),)"
i_9_1_10_MT_X,1,9,X,MT,10,DFS,2.486,0.113,886,"((2.486, 886, 0.113),)"
i_9_1_8_FR_X,1,9,X,FR,8,BNBL,21.535,0.674,4441,"((21.535, 4441, 0.674),)"
i_9_1_8_FR_X,1,9,X,FR,8,GBNB,21.535,0.683,4551,"((21.535, 4551, 0.683),)"
i_9_1_8_FR_X,1,9,X,FR,8,ASTAR,21.535,0.685,4493,"((21.535, 4493, 0.685),)"
i_9_1_8_FR_X,1,9,X,FR,8,BNB,21.535,0.866,6063,"((21.535, 6063, 0.866),)"
i_9_1_8_FR_X,1,9,X,FR,8,BFS,21.535,1.081,8061,"((21.535, 8061, 1.081),)"
i_8_2_7_MT_X,2,8,X,MT,7,DFS,2.5,12.281,88760,"((2.5, 88760, 12.281),)"
i_9_1_8_FR_X,1,9,X,FR,8,DFS,21.535,1.198,8938,"((21.535, 8938, 1.198),)"
i_9_2_3_SC_X,2,9,X,SC,3,BFS,3.0,1.933,14644,"((3.0, 14644, 1.933),)"
i_9_2_3_SC_X,2,9,X,SC,3,BNBL,3.0,0.688,4996,"((3.0, 4996, 0.688),)"
i_9_2_3_SC_X,2,9,X,SC,3,ASTAR,3.0,0.685,4996,"((3.0, 4996, 0.685),)"
i_9_2_3_SC_X,2,9,X,SC,3,GBNB,3.0,0.701,4996,"((3.0, 4996, 0.701),)"
i_9_2_3_SC_X,2,9,X,SC,3,BNB,3.0,2.039,14644,"((3.0, 14644, 2.039),)"
i_9_2_3_SC_X,2,9,X,SC,3,DFS,3.0,2.035,14644,"((3.0, 14644, 2.035),)"
i_8_2_11_MT_X,2,8,X,MT,11,BNBL,4.25,-,4069724,"((3.0, 196220, 30.003), (3.5, 401444, 60.008), (3.75, 608012, 90.012), (3.75, 821344, 120.014), (3.75, 1033800, 150.02), (3.75, 1241404, 180.021), (4.25, 1405884, 210.027), (4.25, 1637736, 246.576), (4.25, 1885488, 276.58), (4.25, 2048216, 306.584), (4.25, 2299204, 336.589), (4.25, 2539216, 378.741), (4.25, 2791076, 408.743), (4.25, 3039836, 438.743), (4.25, 3163388, 469.471), (4.25, 3408500, 499.472), (4.25, 3657380, 529.476), (4.25, 3900812, 559.482), (4.25, 3983660, 589.488), (4.25, 4069724, 600.0))"
i_8_2_11_MT_X,2,8,X,MT,11,BFS,4.25,-,4276356,"((3.5, 225220, 31.024), (3.75, 443132, 61.025), (3.75, 680856, 93.695), (3.75, 906540, 123.697), (3.75, 1124944, 153.699), (4.25, 1334564, 183.699), (4.25, 1600060, 213.705), (4.25, 1794472, 243.707), (4.25, 2042580, 281.696), (4.25, 2307868, 311.7), (4.25, 2543284, 351.328), (4.25, 2808684, 381.333), (4.25, 3074228, 411.336), (4.25, 3168472, 446.657), (4.25, 3427060, 476.66), (4.25, 3689388, 506.664), (4.25, 3946380, 562.392), (4.25, 4209100, 592.397), (4.25, 4276356, 600.007))"
i_9_2_7_SC_X,2,9,X,SC,7,BNBL,7.0,71.872,462148,"((7.0, 188584, 30.001), (7.0, 386860, 60.005), (7.0, 462148, 71.872))"
i_9_2_7_SC_X,2,9,X,SC,7,ASTAR,7.0,74.43,482728,"((7.0, 189256, 30.004), (7.0, 386104, 60.006), (7.0, 482728, 74.43))"
i_9_2_7_SC_X,2,9,X,SC,7,BFS,7.0,88.623,583536,"((7.0, 204852, 30.002), (7.0, 411060, 60.005), (7.0, 583536, 88.623))"
i_9_2_7_SC_X,2,9,X,SC,7,GBNB,7.0,80.977,531664,"((7.0, 192256, 30.002), (7.0, 386108, 60.004), (7.0, 531664, 80.977))"
i_9_2_7_SC_X,2,9,X,SC,7,BNB,7.0,90.22,572628,"((7.0, 196092, 30.003), (7.0, 392864, 60.004), (7.0, 571464, 90.005), (7.0, 572628, 90.22))"
i_9_2_7_SC_X,2,9,X,SC,7,DFS,7.0,120.15,816880,"((6.0, 200080, 30.002), (6.0, 404468, 60.002), (7.0, 604240, 90.006), (7.0, 815748, 120.009), (7.0, 816880, 120.15))"
i_10_2_4_SC_X,2,10,X,SC,4,BFS,4.0,14.953,100604,"((4.0, 100604, 14.953),)"
i_10_2_10_MT_X,2,10,X,MT,10,BNBL,3.25,4.536,26036,"((3.25, 26036, 4.536),)"
i_10_2_10_MT_X,2,10,X,MT,10,BFS,3.25,5.544,33888,"((3.25, 33888, 5.544),)"
i_10_2_4_SC_X,2,10,X,SC,4,BNBL,4.0,7.499,48884,"((4.0, 48884, 7.499),)"
i_10_2_4_SC_X,2,10,X,SC,4,GBNB,4.0,7.64,50532,"((4.0, 50532, 7.64),)"
i_10_2_4_SC_X,2,10,X,SC,4,ASTAR,4.0,7.758,49380,"((4.0, 49380, 7.758),)"
i_10_3_8_MT_X,3,10,X,MT,8,BNBL,0.0,2.627,16576,"((0.0, 16576, 2.627),)"
i_10_3_8_MT_X,3,10,X,MT,8,BFS,0.0,3.049,19356,"((0.0, 19356, 3.049),)"
i_10_3_8_MT_X,3,10,X,MT,8,BNB,0.0,3.07,19356,"((0.0, 19356, 3.07),)"
i_10_2_10_MT_X,2,10,X,MT,10,ASTAR,3.25,4.949,27630,"((3.25, 27630, 4.949),)"
i_10_2_10_MT_X,2,10,X,MT,10,GBNB,3.25,5.176,28721,"((3.25, 28721, 5.176),)"
i_10_2_4_SC_X,2,10,X,SC,4,BNB,4.0,15.36,100604,"((4.0, 100604, 15.36),)"
i_10_2_10_MT_X,2,10,X,MT,10,BNB,3.25,5.44,31466,"((3.25, 31466, 5.44),)"
i_10_2_4_SC_X,2,10,X,SC,4,DFS,4.0,16.245,108932,"((4.0, 108932, 16.245),)"
i_10_2_10_MT_X,2,10,X,MT,10,DFS,3.25,6.353,38214,"((3.25, 38214, 6.353),)"
i_10_3_8_MT_X,3,10,X,MT,8,ASTAR,0.0,2.548,16576,"((0.0, 16576, 2.548),)"
i_10_3_8_MT_X,3,10,X,MT,8,GBNB,0.0,2.567,16576,"((0.0, 16576, 2.567),)"
i_10_3_8_MT_X,3,10,X,MT,8,DFS,0.0,4.111,26148,"((0.0, 26148, 4.111),)"
i_12_1_8_MT_X,1,12,X,MT,8,BFS,4.25,1.024,6114,"((4.25, 6114, 1.024),)"
i_12_1_8_MT_X,1,12,X,MT,8,BNBL,4.25,0.871,4846,"((4.25, 4846, 0.871),)"
i_12_1_8_MT_X,1,12,X,MT,8,ASTAR,4.25,0.872,4890,"((4.25, 4890, 0.872),)"
i_12_1_8_MT_X,1,12,X,MT,8,BNB,4.25,0.905,5116,"((4.25, 5116, 0.905),)"
i_12_1_8_MT_X,1,12,X,MT,8,GBNB,4.25,0.913,5174,"((4.25, 5174, 0.913),)"
i_12_1_8_MT_X,1,12,X,MT,8,DFS,4.25,1.188,6804,"((4.25, 6804, 1.188),)"
i_12_2_4_SC_X,2,12,X,SC,4,BNBL,4.0,7.528,43464,"((4.0, 43464, 7.528),)"
i_12_2_4_SC_X,2,12,X,SC,4,BFS,4.0,16.985,98736,"((4.0, 98736, 16.985),)"
i_12_2_4_SC_X,2,12,X,SC,4,ASTAR,4.0,7.782,44488,"((4.0, 44488, 7.782),)"
i_12_2_4_SC_X,2,12,X,SC,4,GBNB,4.0,7.984,45372,"((4.0, 45372, 7.984),)"
i_12_2_4_SC_X,2,12,X,SC,4,BNB,4.0,17.408,98736,"((4.0, 98736, 17.408),)"
i_12_2_4_SC_X,2,12,X,SC,4,DFS,4.0,18.74,108912,"((4.0, 108912, 18.74),)"
i_12_2_9_MT_X,2,12,X,MT,9,BNBL,3.25,48.706,249642,"((3.25, 152196, 30.001), (3.25, 249642, 48.706))"
i_12_2_9_MT_X,2,12,X,MT,9,BNB,3.25,55.905,292980,"((3.25, 161358, 30.0), (3.25, 292980, 55.905))"
i_12_2_9_MT_X,2,12,X,MT,9,BFS,3.25,60.764,333408,"((3.25, 162882, 30.001), (3.25, 328742, 60.001), (3.25, 333408, 60.764))"
i_12_2_9_MT_X,2,12,X,MT,9,ASTAR,3.25,53.053,276858,"((3.25, 153062, 30.003), (3.25, 276858, 53.053))"
i_12_2_9_MT_X,2,12,X,MT,9,GBNB,3.25,60.102,304634,"((3.25, 148974, 30.005), (3.25, 304004, 60.005), (3.25, 304634, 60.102))"
i_12_2_5_SC_X,2,12,X,SC,5,BNBL,5.0,43.035,243452,"((5.0, 171260, 30.002), (5.0, 243452, 43.035))"
i_12_2_5_SC_X,2,12,X,SC,5,BFS,5.0,87.074,512892,"((5.0, 179484, 30.004), (5.0, 359388, 60.011), (5.0, 512892, 87.074))"
i_12_2_9_MT_X,2,12,X,MT,9,DFS,3.25,99.597,541234,"((3.25, 166170, 30.0), (3.25, 335046, 60.001), (3.25, 501402, 90.002), (3.25, 541234, 99.597))"
i_12_2_5_SC_X,2,12,X,SC,5,GBNB,5.0,50.794,286772,"((5.0, 173024, 30.006), (5.0, 286772, 50.794))"
i_12_2_5_SC_X,2,12,X,SC,5,ASTAR,5.0,44.021,251008,"((5.0, 172108, 30.002), (5.0, 251008, 44.021))"
i_12_2_5_SC_X,2,12,X,SC,5,BNB,5.0,86.301,494060,"((5.0, 173012, 30.007), (5.0, 343628, 60.01), (5.0, 494060, 86.301))"
i_13_2_7_FR_X,2,13,X,FR,7,BNBL,13.417,43.366,212384,"((13.417, 147070, 30.0), (13.417, 212384, 43.366))"
i_13_2_7_FR_X,2,13,X,FR,7,BFS,13.417,45.398,234992,"((13.417, 156494, 30.0), (13.417, 234992, 45.398))"
i_13_2_7_FR_X,2,13,X,FR,7,BNB,13.417,45.942,234024,"((13.417, 153146, 30.001), (13.417, 234024, 45.942))"
i_13_2_7_FR_X,2,13,X,FR,7,GBNB,13.417,45.885,227234,"((13.417, 147244, 30.002), (13.417, 227234, 45.885))"
i_13_2_7_FR_X,2,13,X,FR,7,ASTAR,13.417,47.864,233918,"((13.417, 145400, 30.001), (13.417, 233918, 47.864))"
i_12_2_5_SC_X,2,12,X,SC,5,DFS,5.0,107.101,612884,"((5.0, 176084, 30.006), (5.0, 348776, 60.01), (5.0, 525520, 90.016), (5.0, 612884, 107.101))"
i_13_2_7_FR_X,2,13,X,FR,7,DFS,13.417,60.892,313486,"((13.417, 154434, 30.0), (13.417, 308052, 60.0), (13.417, 313486, 60.892))"
i_13_1_14_MT_X,1,13,X,MT,14,BFS,2.5,0.033,187,"((2.5, 187, 0.033),)"
i_13_1_14_MT_X,1,13,X,MT,14,BNBL,2.5,0.031,166,"((2.5, 166, 0.031),)"
i_13_2_8_MT_X,2,13,X,MT,8,BNBL,3.75,83.769,419360,"((3.75, 147056, 30.004), (3.75, 303716, 60.006), (3.75, 419360, 83.769))"
i_13_2_8_MT_X,2,13,X,MT,8,GBNB,3.75,86.275,438356,"((3.75, 146872, 30.003), (3.75, 303340, 60.006), (3.75, 438356, 86.275))"
i_13_2_8_MT_X,2,13,X,MT,8,ASTAR,3.75,86.43,443870,"((3.75, 151426, 30.002), (3.75, 296396, 60.003), (3.75, 443870, 86.43))"
i_13_2_8_MT_X,2,13,X,MT,8,BNB,3.75,113.657,583938,"((3.75, 151568, 30.004), (3.75, 309524, 60.005), (3.75, 464450, 90.005), (3.75, 583938, 113.657))"
i_13_2_8_MT_X,2,13,X,MT,8,BFS,3.75,113.851,596688,"((3.75, 157840, 30.002), (3.75, 320336, 60.004), (3.75, 473320, 90.005), (3.75, 596688, 113.851))"
i_8_2_11_MT_X,2,8,X,MT,11,BNB,4.25,-,4252604,"((3.0, 220004, 30.001), (3.75, 431892, 60.002), (3.75, 652600, 90.004), (3.75, 846848, 120.049), (3.75, 1056508, 150.052), (4.25, 1317716, 186.686), (4.25, 1573708, 216.687), (4.25, 1758916, 246.691), (4.25, 2017820, 276.693), (4.25, 2184588, 306.695), (4.25, 2444332, 336.698), (4.25, 2561692, 366.702), (4.25, 2821932, 396.709), (4.25, 3080536, 426.711), (4.25, 3195524, 456.714), (4.25, 3455188, 486.715), (4.25, 3710356, 516.716), (4.25, 3943356, 564.422), (4.25, 4203772, 594.425), (4.25, 4252604, 600.001))"
i_8_2_11_MT_X,2,8,X,MT,11,GBNB,5.0,-,4241000,"((5.0, 210088, 30.003), (5.0, 416064, 60.006), (5.0, 630588, 90.009), (5.0, 855988, 120.013), (5.0, 1065828, 150.014), (5.0, 1265384, 180.02), (5.0, 1457384, 210.022), (5.0, 1708336, 240.027), (5.0, 1890920, 270.03), (5.0, 2142464, 300.033), (5.0, 2299752, 330.036), (5.0, 2552652, 360.04), (5.0, 2734872, 395.832), (5.0, 2986892, 425.838), (5.0, 3237024, 455.841), (5.0, 3405944, 493.822), (5.0, 3651036, 523.823), (5.0, 3905080, 553.827), (5.0, 4152304, 583.831), (5.0, 4241000, 617.702))"
i_8_2_11_MT_X,2,8,X,MT,11,DFS,4.75,-,4166058,"((4.25, 206144, 30.001), (4.25, 414529, 60.004), (4.25, 618944, 90.004), (4.25, 837935, 120.004), (4.25, 1050706, 150.009), (4.25, 1252654, 180.014), (4.25, 1446643, 210.014), (4.25, 1704844, 240.015), (4.25, 1877612, 270.019), (4.25, 2132887, 300.022), (4.25, 2284099, 330.023), (4.75, 2541013, 360.026), (4.75, 2796671, 390.027), (4.75, 2920295, 420.031), (4.75, 3173889, 450.034), (4.75, 3419893, 480.034), (4.75, 3495014, 520.914), (4.75, 3748061, 550.915), (4.75, 4000847, 580.918), (4.75, 4166058, 600.0))"
i_13_2_8_MT_X,2,13,X,MT,8,DFS,3.75,140.073,743194,"((3.5, 154174, 30.0), (3.75, 316288, 60.0), (3.75, 471058, 90.001), (3.75, 640806, 120.002), (3.75, 743194, 140.073))"
i_8_2_11_MT_X,2,8,X,MT,11,ASTAR,4.895,-,4008588,"((3.75, 184188, 30.002), (3.75, 384764, 60.006), (3.75, 583640, 90.006), (4.25, 779436, 120.009), (4.25, 978740, 150.012), (4.25, 1172708, 180.019), (4.25, 1361308, 210.022), (4.25, 1605608, 240.024), (4.25, 1773836, 270.028), (4.25, 2018084, 300.033), (4.895, 2141168, 330.04), (4.895, 2377056, 360.042), (4.895, 2573224, 399.698), (4.895, 2817732, 429.699), (4.895, 3062636, 459.699), (4.895, 3210768, 494.095), (4.895, 3460200, 524.097), (4.895, 3708972, 554.098), (4.895, 3956844, 584.102), (4.895, 4008588, 610.787))"
i_9_3_6_MT_X,3,9,X,MT,6,BNB,3.25,-,3784964,"((2.5, 196872, 30.015), (2.5, 393672, 60.031), (2.5, 586872, 90.054), (2.5, 793656, 120.065), (2.5, 993408, 150.078), (2.5, 1185096, 180.089), (2.5, 1364688, 210.09), (2.5, 1575312, 245.582), (2.5, 1807368, 275.593), (3.25, 1960936, 306.7), (3.25, 2183224, 336.703), (3.25, 2404196, 366.704), (3.25, 2532512, 396.706), (3.25, 2754360, 426.71), (3.25, 2976500, 456.713), (3.25, 3081532, 486.717), (3.25, 3309980, 516.718), (3.25, 3533596, 546.721), (3.25, 3725156, 592.055), (3.25, 3784964, 600.003))"
i_9_3_6_MT_X,3,9,X,MT,6,DFS,3.5,-,3926452,"((3.0, 195916, 30.003), (3.5, 391292, 60.006), (3.5, 582540, 90.009), (3.5, 787900, 120.012), (3.5, 985396, 150.014), (3.5, 1175772, 180.015), (3.5, 1355984, 210.452), (3.5, 1589904, 240.454), (3.5, 1732140, 270.455), (3.5, 1963432, 300.456), (3.5, 2103352, 330.458), (3.5, 2334736, 360.459), (3.5, 2566888, 390.459), (3.5, 2676712, 420.46), (3.5, 2909660, 450.46), (3.5, 3142920, 480.465), (3.5, 3248788, 512.764), (3.5, 3480988, 542.767), (3.5, 3714584, 572.771), (3.5, 3926452, 600.002))"
i_9_3_6_MT_X,3,9,X,MT,6,BFS,3.25,-,3872996,"((2.5, 196872, 30.017), (2.5, 393816, 60.031), (2.5, 589536, 90.041), (2.5, 798528, 120.042), (2.5, 999384, 150.046), (2.5, 1194456, 180.046), (2.5, 1378176, 210.062), (2.5, 1575672, 243.589), (2.5, 1808232, 273.595), (3.25, 1961476, 303.808), (3.25, 2191444, 333.811), (3.25, 2421776, 363.812), (3.25, 2555516, 393.813), (3.25, 2785004, 423.814), (3.25, 3003688, 468.17), (3.25, 3238108, 498.171), (3.25, 3469300, 528.172), (3.25, 3701816, 558.173), (3.25, 3781328, 588.176), (3.25, 3872996, 600.003))"
i_9_3_6_MT_X,3,9,X,MT,6,ASTAR,3.656,-,3587932,"((3.0, 173944, 30.0), (3.5, 346336, 60.474), (3.5, 534556, 92.476), (3.5, 724624, 122.48), (3.5, 906028, 152.481), (3.5, 1086184, 182.482), (3.5, 1268464, 217.544), (3.5, 1476808, 247.547), (3.5, 1622596, 277.55), (3.5, 1834204, 307.554), (3.656, 1966456, 337.558), (3.656, 2179372, 367.576), (3.656, 2383780, 397.58), (3.656, 2496616, 427.592), (3.656, 2704384, 457.596), (3.656, 2912020, 487.62), (3.656, 3001180, 518.022), (3.656, 3221164, 548.029), (3.656, 3433684, 578.034), (3.656, 3587932, 600.002))"
i_9_3_6_MT_X,3,9,X,MT,6,GBNB,3.75,-,3643804,"((3.75, 181156, 30.003), (3.75, 365800, 60.007), (3.75, 543520, 90.011), (3.75, 735208, 120.013), (3.75, 919972, 150.014), (3.75, 1072420, 180.017), (3.75, 1226116, 210.09), (3.75, 1456840, 240.09), (3.75, 1600000, 270.092), (3.75, 1815964, 300.092), (3.75, 1951672, 330.093), (3.75, 2170048, 360.093), (3.75, 2356420, 401.145), (3.75, 2573548, 431.147), (3.75, 2791504, 461.15), (3.75, 2926288, 495.828), (3.75, 3149044, 525.832), (3.75, 3379732, 555.833), (3.75, 3603832, 585.837), (3.75, 3643804, 611.492))"
i_9_3_6_MT_X,3,9,X,MT,6,BNBL,3.25,-,3660484,"((2.5, 185128, 30.014), (2.5, 374032, 60.03), (2.5, 559600, 90.05), (2.5, 758008, 120.075), (2.5, 948592, 150.084), (2.5, 1134472, 180.094), (2.5, 1309912, 210.105), (2.5, 1535920, 240.13), (2.5, 1696624, 270.14), (3.25, 1905436, 300.143), (3.25, 2040376, 330.146), (3.25, 2249428, 360.149), (3.25, 2384536, 393.214), (3.25, 2587768, 423.218), (3.25, 2797048, 453.22), (3.25, 2953516, 492.934), (3.25, 3165340, 522.938), (3.25, 3376936, 552.941), (3.25, 3586060, 582.943), (3.25, 3660484, 612.401))"
i_13_1_14_MT_X,1,13,X,MT,14,BNB,2.5,0.031,166,"((2.5, 166, 0.031),)"
i_13_1_14_MT_X,1,13,X,MT,14,GBNB,2.5,0.033,166,"((2.5, 166, 0.033),)"
i_13_1_14_MT_X,1,13,X,MT,14,ASTAR,2.5,0.032,166,"((2.5, 166, 0.032),)"
i_13_1_14_MT_X,1,13,X,MT,14,DFS,2.5,0.038,188,"((2.5, 188, 0.038),)"
i_10_3_6_FR_X,3,10,X,FR,6,BFS,11.238,-,3689644,"((7.624, 187616, 30.018), (8.104, 378704, 60.026), (11.238, 565928, 90.054), (11.238, 745352, 121.864), (11.238, 929816, 151.88), (11.238, 1152752, 181.893), (11.238, 1321856, 211.902), (11.238, 1475792, 241.907), (11.238, 1699760, 271.914), (11.238, 1844696, 301.92), (11.238, 2068256, 331.94), (11.238, 2237960, 368.683), (11.238, 2462816, 398.691), (11.238, 2686256, 428.694), (11.238, 2791040, 458.741), (11.238, 3014048, 488.757), (11.238, 3237824, 518.769), (11.238, 3460834, 548.769), (11.238, 3536000, 578.77), (11.238, 3689644, 600.0))"
i_10_3_6_FR_X,3,10,X,FR,6,BNBL,11.238,586.499,3434834,"((7.624, 178960, 30.028), (11.238, 360424, 60.037), (11.238, 539632, 90.055), (11.238, 724744, 123.529), (11.238, 902488, 153.986), (11.238, 1114576, 183.988), (11.238, 1282960, 213.998), (11.238, 1434160, 243.998), (11.238, 1648192, 274.007), (11.238, 1784872, 304.025), (11.238, 1994800, 334.053), (11.238, 2169064, 371.856), (11.238, 2383120, 401.871), (11.238, 2601876, 431.872), (11.238, 2712146, 461.873), (11.238, 2920130, 491.873), (11.238, 3127202, 521.873), (11.238, 3313634, 568.435), (11.238, 3434834, 586.499))"
i_10_3_6_FR_X,3,10,X,FR,6,BNB,11.238,-,3578416,"((7.624, 185048, 30.017), (8.104, 373040, 60.041), (11.238, 540152, 90.067), (11.238, 733760, 120.084), (11.238, 922640, 150.101), (11.238, 1085384, 180.125), (11.238, 1254752, 210.132), (11.238, 1440200, 244.473), (11.238, 1655456, 274.497), (11.238, 1793024, 306.276), (11.238, 2007872, 336.294), (11.238, 2222480, 366.323), (11.238, 2346872, 396.341), (11.238, 2566592, 426.344), (11.238, 2784536, 471.434), (11.238, 3006416, 501.448), (11.238, 3229016, 531.467), (11.238, 3450362, 561.467), (11.238, 3516562, 591.467), (11.238, 3578416, 600.0))"
i_10_3_6_FR_X,3,10,X,FR,6,DFS,11.238,-,3595352,"((9.413, 184238, 30.0), (9.413, 367446, 61.45), (9.413, 568532, 91.468), (9.413, 732596, 121.47), (9.413, 900140, 151.478), (9.413, 1117100, 188.316), (11.238, 1337196, 218.365), (11.238, 1488844, 248.373), (11.238, 1706772, 278.378), (11.238, 1834564, 308.379), (11.238, 2055196, 338.381), (11.238, 2178768, 368.388), (11.238, 2396172, 398.388), (11.238, 2615388, 428.391), (11.238, 2720158, 458.392), (11.238, 2939950, 488.392), (11.238, 3158934, 518.392), (11.238, 3359196, 567.374), (11.238, 3576408, 597.374), (11.238, 3595352, 600.001))"
i_10_3_6_FR_X,3,10,X,FR,6,ASTAR,11.238,-,3486322,"((11.238, 158440, 30.069), (11.238, 319360, 60.077), (11.238, 487912, 90.083), (11.238, 666586, 120.092), (11.238, 846760, 150.111), (11.238, 1024306, 180.122), (11.238, 1191424, 210.131), (11.238, 1400734, 240.142), (11.238, 1555468, 270.142), (11.238, 1751200, 308.698), (11.238, 1962214, 338.717), (11.238, 2173096, 368.728), (11.238, 2290462, 398.728), (11.238, 2507740, 428.751), (11.238, 2716942, 473.906), (11.238, 2939624, 503.907), (11.238, 3152962, 533.907), (11.238, 3362706, 563.907), (11.238, 3443192, 593.915), (11.238, 3486322, 600.001))"
i_10_3_6_FR_X,3,10,X,FR,6,GBNB,11.238,-,3452878,"((11.238, 174382, 30.001), (11.238, 349828, 60.018), (11.238, 520774, 90.038), (11.238, 701740, 120.04), (11.238, 875380, 150.059), (11.238, 1045432, 180.082), (11.238, 1201528, 210.112), (11.238, 1407502, 240.112), (11.238, 1551298, 270.123), (11.238, 1755880, 300.15), (11.238, 1890952, 330.179), (11.238, 2095660, 360.192), (11.238, 2211004, 390.227), (11.238, 2420632, 420.256), (11.238, 2631770, 450.26), (11.238, 2732370, 480.26), (11.238, 2955660, 510.264), (11.238, 3164878, 540.289), (11.238, 3376420, 570.316), (11.238, 3452878, 600.002))"
i_11_2_12_FR_X,2,11,X,FR,12,BNBL,22.008,-,3269804,"((16.929, 166160, 30.005), (19.172, 330540, 60.006), (19.506, 493332, 90.007), (19.506, 666768, 120.011), (19.506, 834840, 150.013), (19.506, 993912, 180.017), (19.506, 1146504, 210.019), (21.455, 1328244, 246.16), (21.994, 1519428, 276.163), (21.994, 1647744, 306.167), (22.008, 1845760, 336.168), (22.008, 2044240, 366.171), (22.008, 2154536, 396.174), (22.008, 2351752, 426.176), (22.008, 2539536, 469.804), (22.008, 2734976, 499.806), (22.008, 2928744, 529.809), (22.008, 3126608, 559.811), (22.008, 3202016, 589.816), (22.008, 3269804, 600.003))"
i_11_2_12_FR_X,2,11,X,FR,12,BNB,19.506,-,3494216,"((16.861, 179380, 30.005), (16.929, 354852, 62.085), (16.929, 543896, 92.086), (16.929, 700376, 122.086), (19.025, 870020, 152.09), (19.025, 1047920, 184.372), (19.506, 1250168, 214.374), (19.506, 1404572, 244.377), (19.506, 1606604, 274.382), (19.506, 1741812, 304.382), (19.506, 1949540, 334.383), (19.506, 2077692, 364.384), (19.506, 2284096, 394.387), (19.506, 2483068, 437.067), (19.506, 2690120, 467.071), (19.506, 2898588, 497.074), (19.506, 3081852, 541.224), (19.506, 3291440, 571.237), (19.506, 3494216, 600.003))"
i_11_2_12_FR_X,2,11,X,FR,12,GBNB,20.724,-,3261868,"((16.777, 165932, 30.003), (20.124, 320424, 60.006), (20.124, 487580, 90.007), (20.124, 657252, 120.011), (20.337, 823564, 150.012), (20.337, 984748, 180.016), (20.337, 1128184, 210.019), (20.35, 1329396, 240.019), (20.668, 1465904, 270.024), (20.668, 1658868, 300.025), (20.668, 1788480, 330.029), (20.668, 1990196, 360.032), (20.668, 2113428, 390.035), (20.668, 2305808, 420.04), (20.668, 2500216, 450.045), (20.668, 2604016, 481.684), (20.668, 2801756, 511.685), (20.724, 3005580, 541.687), (20.724, 3203476, 571.689), (20.724, 3261868, 600.005))"
i_11_2_12_FR_X,2,11,X,FR,12,BFS,19.506,-,3628964,"((16.861, 184420, 31.711), (16.929, 354660, 61.947), (16.929, 547892, 95.317), (16.996, 732176, 125.319), (19.025, 907784, 155.321), (19.025, 1078388, 185.322), (19.506, 1292900, 215.322), (19.506, 1456344, 245.325), (19.506, 1609580, 276.404), (19.506, 1826508, 306.407), (19.506, 1996488, 341.429), (19.506, 2212732, 371.433), (19.506, 2430508, 401.435), (19.506, 2546956, 431.437), (19.506, 2761828, 461.439), (19.506, 2977524, 491.443), (19.506, 3075224, 523.999), (19.506, 3294200, 554.002), (19.506, 3512168, 584.004), (19.506, 3628964, 600.003))"
i_11_2_12_FR_X,2,11,X,FR,12,DFS,19.545,-,3638456,"((13.151, 181668, 30.001), (13.299, 366468, 60.003), (13.299, 548944, 90.005), (18.412, 720032, 121.717), (18.412, 898508, 151.719), (19.545, 1114744, 188.302), (19.545, 1331632, 218.307), (19.545, 1490204, 248.311), (19.545, 1707396, 278.313), (19.545, 1854912, 308.317), (19.545, 2076452, 338.32), (19.545, 2206040, 368.321), (19.545, 2423116, 398.323), (19.545, 2640196, 428.323), (19.545, 2744944, 458.327), (19.545, 2962996, 488.328), (19.545, 3179004, 518.329), (19.545, 3313480, 555.417), (19.545, 3531932, 585.421), (19.545, 3638456, 600.0))"
i_11_2_12_FR_X,2,11,X,FR,12,ASTAR,24.497,-,3172260,"((21.449, 161296, 30.003), (21.449, 317148, 60.008), (24.497, 475956, 90.012), (24.497, 641772, 120.013), (24.497, 809204, 150.017), (24.497, 966536, 180.019), (24.497, 1108568, 210.023), (24.497, 1270280, 243.87), (24.497, 1459356, 273.872), (24.497, 1580652, 303.875), (24.497, 1772784, 333.881), (24.497, 1942452, 372.829), (24.497, 2132980, 402.834), (24.497, 2324952, 432.838), (24.497, 2413608, 462.845), (24.497, 2602572, 492.85), (24.497, 2793584, 522.855), (24.497, 2970936, 568.597), (24.497, 3163404, 598.598), (24.497, 3172260, 600.002))"
i_13_2_11_SC_X,2,13,X,SC,11,BFS,9.0,-,3175248,"((6.0, 162264, 30.003), (7.0, 319412, 60.003), (7.0, 479028, 90.004), (8.0, 648960, 120.006), (8.0, 813408, 150.008), (8.0, 966456, 180.011), (8.0, 1111560, 210.015), (8.0, 1305636, 240.015), (8.0, 1439364, 270.019), (8.0, 1633728, 300.022), (9.0, 1753992, 330.023), (9.0, 1948644, 360.029), (9.0, 2051916, 390.032), (9.0, 2246172, 420.037), (9.0, 2440576, 450.041), (9.0, 2548540, 484.077), (9.0, 2742832, 514.079), (9.0, 2937288, 544.082), (9.0, 3130720, 574.085), (9.0, 3175248, 602.473))"
i_13_2_11_SC_X,2,13,X,SC,11,BNBL,10.0,-,3070112,"((7.0, 149344, 30.005), (8.0, 300164, 60.01), (8.0, 451952, 90.015), (9.0, 613820, 120.016), (9.0, 771680, 150.017), (9.0, 918248, 180.023), (9.0, 1060088, 210.023), (9.0, 1243592, 240.025), (9.0, 1376084, 270.029), (10.0, 1562564, 300.031), (10.0, 1683164, 330.037), (10.0, 1870124, 360.042), (10.0, 1980572, 390.947), (10.0, 2166464, 420.952), (10.0, 2354252, 450.953), (10.0, 2466140, 485.276), (10.0, 2652176, 515.277), (10.0, 2836532, 545.278), (10.0, 3023708, 575.282), (10.0, 3070112, 602.856))"
i_13_2_11_SC_X,2,13,X,SC,11,BNB,9.0,-,3163176,"((6.0, 157608, 30.001), (7.0, 313732, 60.006), (7.0, 472164, 90.01), (8.0, 640416, 120.013), (8.0, 803556, 150.013), (8.0, 954840, 180.017), (8.0, 1099608, 210.02), (8.0, 1290276, 240.025), (8.0, 1424724, 270.027), (9.0, 1616436, 300.029), (9.0, 1737864, 330.034), (9.0, 1930188, 360.037), (9.0, 2037972, 390.331), (9.0, 2229268, 420.331), (9.0, 2421060, 450.335), (9.0, 2539328, 485.565), (9.0, 2730580, 515.565), (9.0, 2921664, 545.57), (9.0, 3111828, 575.572), (9.0, 3163176, 604.253))"
i_13_2_11_SC_X,2,13,X,SC,11,DFS,8.0,-,3181120,"((6.0, 160216, 30.003), (6.0, 317668, 60.005), (6.0, 477892, 90.006), (6.0, 648064, 120.009), (7.0, 811716, 150.012), (7.0, 969436, 180.013), (7.0, 1119568, 210.019), (7.0, 1309144, 247.909), (7.0, 1500880, 277.91), (8.0, 1633292, 308.887), (8.0, 1825304, 338.892), (8.0, 2016436, 368.894), (8.0, 2127188, 398.897), (8.0, 2318840, 428.898), (8.0, 2509944, 458.902), (8.0, 2599620, 488.902), (8.0, 2792128, 518.907), (8.0, 2984508, 548.907), (8.0, 3173224, 598.764), (8.0, 3181120, 600.003))"
i_13_2_11_SC_X,2,13,X,SC,11,GBNB,10.0,-,3091880,"((8.0, 153576, 30.003), (10.0, 305080, 60.005), (10.0, 460216, 90.007), (10.0, 625640, 120.01), (10.0, 784412, 150.011), (10.0, 935708, 180.013), (10.0, 1080056, 210.017), (10.0, 1222880, 241.621), (10.0, 1409588, 271.625), (10.0, 1530336, 301.629), (10.0, 1716744, 331.634), (10.0, 1898068, 373.34), (10.0, 2083192, 403.341), (10.0, 2270032, 433.346), (10.0, 2363740, 463.8), (10.0, 2548820, 493.8), (10.0, 2735924, 523.801), (10.0, 2922968, 553.802), (10.0, 2992256, 583.802), (10.0, 3091880, 600.005))"
i_13_2_11_SC_X,2,13,X,SC,11,ASTAR,10.0,-,3109916,"((10.0, 151156, 30.014), (10.0, 307516, 60.017), (10.0, 459448, 90.018), (10.0, 625060, 120.022), (10.0, 783892, 150.026), (10.0, 941596, 180.03), (10.0, 1089388, 210.035), (10.0, 1258848, 244.904), (10.0, 1448448, 274.909), (10.0, 1576968, 304.912), (10.0, 1759992, 334.916), (10.0, 1941408, 364.917), (10.0, 2052168, 394.923), (10.0, 2237820, 424.926), (10.0, 2422428, 454.93), (10.0, 2515732, 484.933), (10.0, 2701384, 514.938), (10.0, 2886248, 544.939), (10.0, 3025388, 586.382), (10.0, 3109916, 600.003))"
i_14_2_9_FR_X,2,14,X,FR,9,BFS,9.397,-,2971988,"((7.491, 148504, 30.006), (8.171, 294552, 60.007), (8.171, 443504, 90.007), (8.171, 602048, 120.01), (9.397, 751256, 155.066), (9.397, 928520, 185.068), (9.397, 1065728, 215.069), (9.397, 1193084, 245.074), (9.397, 1371176, 275.079), (9.397, 1488768, 305.08), (9.397, 1666956, 335.08), (9.397, 1795104, 368.517), (9.397, 1971796, 398.518), (9.397, 2149840, 428.519), (9.397, 2242012, 458.522), (9.397, 2417972, 488.528), (9.397, 2596264, 518.532), (9.397, 2773796, 566.395), (9.397, 2950484, 596.397), (9.397, 2971988, 600.005))"
i_14_2_8_FR_X,2,14,X,FR,8,BNBL,17.126,60.696,274316,"((11.934, 140796, 30.0), (17.126, 270676, 60.001), (17.126, 274316, 60.696))"
i_14_2_8_FR_X,2,14,X,FR,8,BFS,17.126,106.958,505530,"((11.934, 149130, 30.001), (17.126, 292106, 60.001), (17.126, 432169, 90.001), (17.126, 505530, 106.958))"
i_14_2_8_FR_X,2,14,X,FR,8,ASTAR,17.126,64.525,283016,"((17.126, 130605, 30.001), (17.126, 269168, 60.001), (17.126, 283016, 64.525))"
i_14_2_8_FR_X,2,14,X,FR,8,GBNB,17.126,67.663,301268,"((11.934, 134366, 30.005), (17.126, 271588, 60.006), (17.126, 301268, 67.663))"
i_14_2_9_FR_X,2,14,X,FR,9,GBNB,9.209,166.913,786856,"((9.209, 140164, 30.004), (9.209, 281320, 60.005), (9.209, 420532, 90.007), (9.209, 551032, 120.01), (9.209, 692416, 150.015), (9.209, 786856, 166.913))"
i_14_2_9_FR_X,2,14,X,FR,9,BNBL,9.209,167.895,779188,"((8.171, 139684, 30.001), (8.171, 282268, 60.004), (9.209, 414436, 90.007), (9.209, 564340, 120.009), (9.209, 707260, 150.011), (9.209, 779188, 167.895))"
i_14_2_8_FR_X,2,14,X,FR,8,BNB,17.126,96.23,440793,"((11.934, 145264, 30.001), (17.126, 277442, 60.001), (17.126, 408180, 90.001), (17.126, 440793, 96.23))"
i_14_2_9_FR_X,2,14,X,FR,9,ASTAR,9.209,166.971,779836,"((8.523, 137632, 30.002), (9.209, 276124, 60.843), (9.209, 427324, 95.294), (9.209, 572836, 125.299), (9.209, 714856, 155.305), (9.209, 779836, 166.971))"
i_14_2_8_FR_X,2,14,X,FR,8,DFS,17.126,134.39,629650,"((16.903, 145043, 30.0), (17.126, 282280, 60.522), (17.126, 433514, 90.522), (17.126, 551556, 120.522), (17.126, 629650, 134.39))"
i_14_2_9_FR_X,2,14,X,FR,9,BNB,9.397,-,2900636,"((7.491, 146116, 30.004), (8.171, 294012, 60.006), (8.171, 438416, 90.01), (8.171, 590924, 120.011), (9.397, 739052, 150.015), (9.397, 881528, 180.017), (9.397, 1019456, 210.018), (9.397, 1163888, 242.86), (9.397, 1336352, 272.86), (9.397, 1453100, 302.864), (9.397, 1625588, 332.866), (9.397, 1797848, 362.87), (9.397, 1901204, 392.876), (9.397, 2072888, 422.88), (9.397, 2236208, 465.932), (9.397, 2407688, 495.935), (9.397, 2580584, 525.939), (9.397, 2753276, 555.943), (9.397, 2819444, 585.943), (9.397, 2900636, 600.003))"
i_14_2_9_FR_X,2,14,X,FR,9,DFS,9.397,-,2913101,"((6.805, 146883, 30.0), (7.426, 297303, 60.001), (7.426, 443586, 90.002), (7.426, 597805, 120.008), (7.491, 747225, 150.012), (7.491, 892591, 180.017), (8.171, 1029447, 210.023), (8.171, 1201657, 247.721), (8.171, 1374999, 277.725), (8.171, 1496635, 308.575), (8.588, 1669639, 338.579), (9.209, 1841435, 368.582), (9.209, 1945979, 398.586), (9.209, 2119431, 428.586), (9.397, 2291553, 458.589), (9.397, 2377644, 488.589), (9.397, 2551461, 518.59), (9.397, 2723771, 548.593), (9.397, 2888273, 595.712), (9.397, 2913101, 600.003))"
i_15_1_16_MT_X,1,15,X,MT,16,BNBL,6.368,-,2615868,"((5.628, 126284, 30.0), (5.803, 258180, 60.003), (5.803, 390720, 90.004), (6.121, 507372, 120.006), (6.121, 634430, 150.007), (6.121, 761700, 180.007), (6.25, 912342, 210.008), (6.25, 1026854, 240.008), (6.25, 1140690, 270.185), (6.25, 1290540, 300.186), (6.25, 1406034, 332.47), (6.25, 1558968, 362.47), (6.25, 1705954, 392.472), (6.25, 1795918, 422.474), (6.326, 1947374, 452.476), (6.368, 2096810, 482.477), (6.368, 2172604, 512.478), (6.368, 2324396, 542.479), (6.368, 2475824, 572.481), (6.368, 2615868, 600.0))"
i_15_1_16_MT_X,1,15,X,MT,16,BNB,6.368,-,2747214,"((5.628, 137158, 30.001), (5.803, 279220, 60.002), (5.803, 420350, 90.002), (6.121, 564894, 120.004), (6.121, 707288, 150.004), (6.121, 844314, 180.005), (6.25, 971614, 210.005), (6.25, 1134442, 240.006), (6.25, 1256024, 270.006), (6.25, 1400970, 306.293), (6.25, 1565648, 336.293), (6.25, 1725616, 378.079), (6.25, 1887212, 408.08), (6.368, 2047642, 438.08), (6.368, 2130768, 468.081), (6.368, 2292536, 498.082), (6.368, 2454510, 528.083), (6.368, 2608588, 574.451), (6.368, 2747214, 600.0))"
i_15_1_16_MT_X,1,15,X,MT,16,BFS,6.368,-,2898656,"((5.628, 143760, 30.0), (5.803, 291678, 60.001), (5.803, 438564, 90.002), (6.121, 592538, 120.002), (6.121, 742548, 150.003), (6.121, 886496, 180.005), (6.25, 1021880, 210.005), (6.25, 1149040, 240.005), (6.25, 1321388, 270.006), (6.25, 1438020, 300.006), (6.25, 1610556, 330.006), (6.25, 1726288, 362.07), (6.25, 1898214, 392.071), (6.368, 2068870, 422.072), (6.368, 2157170, 452.073), (6.368, 2329556, 482.073), (6.368, 2500894, 512.074), (6.368, 2608912, 548.769), (6.368, 2778658, 578.77), (6.368, 2898656, 600.001))"
i_15_1_16_MT_X,1,15,X,MT,16,GBNB,6.341,-,2692360,"((6.121, 136108, 30.001), (6.121, 273340, 60.001), (6.121, 408678, 90.003), (6.168, 527434, 120.831), (6.168, 656224, 150.832), (6.168, 808026, 184.918), (6.168, 966894, 214.919), (6.168, 1089306, 244.919), (6.168, 1240076, 281.869), (6.185, 1397064, 311.87), (6.185, 1530896, 347.824), (6.185, 1687420, 377.825), (6.341, 1843313, 407.826), (6.341, 1930949, 437.826), (6.341, 2086297, 467.827), (6.341, 2241792, 497.827), (6.341, 2326408, 529.765), (6.341, 2483285, 559.766), (6.341, 2639107, 589.766), (6.341, 2692360, 600.001))"
i_15_1_16_MT_X,1,15,X,MT,16,ASTAR,6.442,-,2608976,"((6.426, 120004, 30.874), (6.426, 242830, 60.875), (6.426, 366492, 90.876), (6.426, 497642, 120.877), (6.426, 625782, 150.877), (6.426, 752614, 180.877), (6.426, 878640, 210.877), (6.426, 995798, 240.878), (6.426, 1145464, 270.88), (6.426, 1256894, 300.88), (6.426, 1411124, 330.881), (6.426, 1512308, 360.881), (6.426, 1671100, 390.882), (6.442, 1822297, 420.883), (6.442, 1909614, 450.884), (6.442, 2066818, 480.885), (6.442, 2225779, 510.887), (6.442, 2300775, 540.888), (6.442, 2456496, 570.889), (6.442, 2608976, 600.002))"
i_15_1_16_MT_X,1,15,X,MT,16,DFS,6.286,-,2917464,"((5.628, 145903, 30.215), (5.628, 291365, 60.215), (5.803, 436274, 90.775), (5.803, 587774, 120.777), (6.121, 732080, 150.778), (6.121, 871196, 180.778), (6.121, 1040490, 210.779), (6.246, 1168701, 240.78), (6.246, 1293363, 271.812), (6.246, 1462847, 301.813), (6.246, 1604492, 337.675), (6.246, 1776142, 367.676), (6.246, 1945419, 397.676), (6.246, 2039255, 427.677), (6.246, 2208452, 457.677), (6.246, 2377460, 487.678), (6.25, 2470245, 520.368), (6.25, 2639718, 550.369), (6.286, 2807051, 580.371), (6.286, 2917464, 600.001))"
i_16_1_20_MT_X,1,16,X,MT,20,BFS,0.75,0.023,91,"((0.75, 91, 0.023),)"
i_16_1_20_MT_X,1,16,X,MT,20,BNBL,0.75,0.022,89,"((0.75, 89, 0.022),)"
i_16_1_20_MT_X,1,16,X,MT,20,BNB,0.75,0.022,90,"((0.75, 90, 0.022),)"
i_16_1_20_MT_X,1,16,X,MT,20,GBNB,0.75,0.021,89,"((0.75, 89, 0.021),)"
i_16_1_20_MT_X,1,16,X,MT,20,DFS,0.75,0.023,91,"((0.75, 91, 0.023),)"
i_16_1_20_MT_X,1,16,X,MT,20,ASTAR,0.75,0.022,89,"((0.75, 89, 0.022),)"
i_16_1_10_FR_X,1,16,X,FR,10,BFS,15.867,4.201,19167,"((15.867, 19167, 4.201),)"
i_16_1_10_FR_X,1,16,X,FR,10,BNBL,15.867,1.917,8072,"((15.867, 8072, 1.917),)"
i_16_1_10_FR_X,1,16,X,FR,10,ASTAR,15.867,1.916,8151,"((15.867, 8151, 1.916),)"
i_16_1_10_FR_X,1,16,X,FR,10,GBNB,15.867,1.97,8243,"((15.867, 8243, 1.97),)"
i_16_1_10_FR_X,1,16,X,FR,10,BNB,15.867,2.647,11746,"((15.867, 11746, 2.647),)"
i_16_1_10_FR_X,1,16,X,FR,10,DFS,15.867,4.377,20404,"((15.867, 20404, 4.377),)"
i_18_1_12_MT_X,1,18,X,MT,12,BFS,3.75,1.144,4853,"((3.75, 4853, 1.144),)"
i_18_1_12_FR_X,1,18,X,FR,12,BNBL,21.834,12.982,49250,"((21.834, 49250, 12.982),)"
i_16_2_5_SC_X,2,16,X,SC,5,BNBL,5.0,35.067,161396,"((5.0, 140196, 30.004), (5.0, 161396, 35.067))"
i_18_1_12_MT_X,1,18,X,MT,12,BNBL,3.75,0.82,3369,"((3.75, 3369, 0.82),)"
i_18_1_12_MT_X,1,18,X,MT,12,GBNB,3.75,0.827,3369,"((3.75, 3369, 0.827),)"
i_18_1_12_MT_X,1,18,X,MT,12,ASTAR,3.75,0.84,3385,"((3.75, 3385, 0.84),)"
i_18_1_12_MT_X,1,18,X,MT,12,BNB,3.75,0.997,3983,"((3.75, 3983, 0.997),)"
i_18_1_12_FR_X,1,18,X,FR,12,GBNB,21.834,11.123,42037,"((21.834, 42037, 11.123),)"
i_18_1_12_MT_X,1,18,X,MT,12,DFS,3.75,1.217,5384,"((3.75, 5384, 1.217),)"
i_18_1_12_FR_X,1,18,X,FR,12,ASTAR,21.834,12.005,45740,"((21.834, 45740, 12.005),)"
i_16_2_5_SC_X,2,16,X,SC,5,ASTAR,5.0,35.537,166452,"((5.0, 141352, 30.005), (5.0, 166452, 35.537))"
i_16_2_5_SC_X,2,16,X,SC,5,GBNB,5.0,37.971,177624,"((5.0, 139384, 30.01), (5.0, 177624, 37.971))"
i_15_2_11_FR_X,2,15,X,FR,11,BFS,16.642,-,2857748,"((13.992, 144100, 30.748), (13.992, 287492, 60.75), (13.992, 432340, 91.419), (16.642, 582148, 121.424), (16.642, 726004, 151.433), (16.642, 866628, 181.434), (16.642, 1034532, 218.3), (16.642, 1205220, 248.301), (16.642, 1327364, 278.302), (16.642, 1496772, 308.311), (16.642, 1609640, 338.32), (16.642, 1779796, 368.327), (16.642, 1949468, 398.33), (16.642, 2047004, 428.34), (16.642, 2216364, 458.345), (16.642, 2385788, 488.353), (16.642, 2474752, 532.104), (16.642, 2644232, 562.113), (16.642, 2813148, 592.128), (16.642, 2857748, 600.006))"
i_19_1_10_AG05_X,1,19,X,AG05,10,BFS,10.0,2.049,8188,"((10.0, 8188, 2.049),)"
i_19_1_10_AG05_X,1,19,X,AG05,10,BNBL,10.0,0.018,68,"((10.0, 68, 0.018),)"
i_19_1_10_AG05_X,1,19,X,AG05,10,GBNB,10.0,0.018,68,"((10.0, 68, 0.018),)"
i_19_1_10_AG05_X,1,19,X,AG05,10,ASTAR,10.0,0.017,68,"((10.0, 68, 0.017),)"
i_19_1_10_AG001_X,1,19,X,AG001,10,BNBL,10.0,0.019,68,"((10.0, 68, 0.019),)"
i_19_1_10_AG001_X,1,19,X,AG001,10,BFS,10.0,0.944,3588,"((10.0, 3588, 0.944),)"
i_19_1_10_AG05_X,1,19,X,AG05,10,BNB,10.0,1.01,4122,"((10.0, 4122, 1.01),)"
i_19_1_10_AG05_X,1,19,X,AG05,10,DFS,10.0,2.432,9712,"((10.0, 9712, 2.432),)"
i_18_1_12_FR_X,1,18,X,FR,12,BNB,21.834,33.922,134354,"((21.455, 116418, 30.002), (21.834, 134354, 33.922))"
i_19_1_10_AG001_X,1,19,X,AG001,10,GBNB,10.0,0.019,68,"((10.0, 68, 0.019),)"
i_19_1_10_AG001_X,1,19,X,AG001,10,ASTAR,10.0,0.019,68,"((10.0, 68, 0.019),)"
i_19_1_10_AG01_X,1,19,X,AG01,10,BNBL,10.0,0.019,68,"((10.0, 68, 0.019),)"
i_19_1_10_AG001_X,1,19,X,AG001,10,BNB,10.0,0.916,3464,"((10.0, 3464, 0.916),)"
i_19_1_10_AG001_X,1,19,X,AG001,10,DFS,10.0,1.161,4344,"((10.0, 4344, 1.161),)"
i_19_1_10_AG01_X,1,19,X,AG01,10,BNB,10.0,1.218,4784,"((10.0, 4784, 1.218),)"
i_18_1_12_FR_X,1,18,X,FR,12,BFS,21.834,51.866,204780,"((21.455, 120252, 30.001), (21.834, 204780, 51.866))"
i_19_1_10_AG01_X,1,19,X,AG01,10,BFS,10.0,1.985,8184,"((10.0, 8184, 1.985),)"
i_19_1_10_AG01_X,1,19,X,AG01,10,GBNB,10.0,0.018,68,"((10.0, 68, 0.018),)"
i_19_1_10_AG01_X,1,19,X,AG01,10,ASTAR,10.0,0.017,68,"((10.0, 68, 0.017),)"
i_19_1_10_AG01_X,1,19,X,AG01,10,DFS,10.0,2.379,9708,"((10.0, 9708, 2.379),)"
i_18_1_12_FR_X,1,18,X,FR,12,DFS,21.834,53.241,222724,"((21.834, 121875, 30.001), (21.834, 222724, 53.241))"
i_16_2_5_SC_X,2,16,X,SC,5,BFS,5.0,99.883,488696,"((5.0, 143012, 30.009), (5.0, 288756, 60.017), (5.0, 433328, 90.017), (5.0, 488696, 99.883))"
i_16_2_5_SC_X,2,16,X,SC,5,BNB,5.0,100.479,485732,"((5.0, 143012, 30.007), (5.0, 286784, 60.018), (5.0, 427096, 90.029), (5.0, 485732, 100.479))"
i_16_2_5_SC_X,2,16,X,SC,5,DFS,5.0,122.402,603168,"((4.0, 144252, 30.001), (5.0, 291156, 60.012), (5.0, 436276, 90.016), (5.0, 589516, 120.022), (5.0, 603168, 122.402))"
i_18_2_6_SC_X,2,18,X,SC,6,BNBL,6.0,97.431,416848,"((5.0, 125244, 30.01), (5.0, 253952, 60.016), (6.0, 380292, 90.023), (6.0, 416848, 97.431))"
i_18_2_6_SC_X,2,18,X,SC,6,ASTAR,6.0,103.328,426924,"((6.0, 121908, 30.015), (6.0, 248108, 60.029), (6.0, 375508, 90.044), (6.0, 426924, 103.328))"
i_18_2_6_SC_X,2,18,X,SC,6,GBNB,6.0,105.658,442148,"((6.0, 125280, 30.009), (6.0, 253096, 60.011), (6.0, 378052, 90.016), (6.0, 442148, 105.658))"
i_20_1_18_MT_X,1,20,X,MT,18,BFS,6.5,418.24,1620018,"((5.0, 113770, 30.001), (5.75, 230686, 60.002), (6.25, 345764, 90.004), (6.25, 465826, 120.005), (6.25, 584594, 150.006), (6.25, 697490, 180.007), (6.5, 806010, 210.008), (6.5, 915986, 241.51), (6.5, 1052196, 271.512), (6.5, 1146386, 301.513), (6.5, 1283808, 331.513), (6.5, 1408482, 370.496), (6.5, 1541950, 400.496), (6.5, 1620018, 418.24))"
i_15_2_11_FR_X,2,15,X,FR,11,GBNB,19.194,-,2671584,"((15.514, 133768, 30.387), (17.155, 269810, 60.387), (17.612, 404930, 91.189), (17.612, 540446, 121.193), (17.612, 670802, 151.195), (17.612, 797038, 181.195), (17.612, 952354, 211.196), (17.612, 1070524, 241.205), (17.612, 1215458, 278.143), (17.612, 1367046, 308.143), (17.612, 1513670, 346.751), (17.612, 1672316, 376.759), (17.612, 1834036, 406.76), (17.612, 1923374, 436.761), (17.649, 2077196, 466.762), (19.194, 2230740, 496.771), (19.194, 2355348, 538.582), (19.194, 2510094, 568.598), (19.194, 2664152, 598.599), (19.194, 2671584, 600.001))"
i_15_2_11_FR_X,2,15,X,FR,11,BNBL,16.642,-,2544936,"((13.992, 123116, 30.0), (13.992, 248928, 60.008), (13.992, 373104, 90.009), (13.992, 511412, 120.025), (16.642, 640948, 150.038), (16.642, 765060, 180.046), (16.642, 871940, 210.049), (16.642, 1018668, 240.059), (16.642, 1135028, 270.075), (16.642, 1272428, 306.036), (16.642, 1420388, 336.038), (16.642, 1573716, 366.039), (16.642, 1673996, 396.049), (16.642, 1821812, 426.058), (16.642, 1967228, 469.447), (16.642, 2124860, 499.456), (16.642, 2273384, 529.456), (16.642, 2421824, 559.46), (16.642, 2491976, 589.471), (16.642, 2544936, 600.017))"
i_15_2_11_FR_X,2,15,X,FR,11,BNB,16.642,-,2808880,"((13.992, 137300, 30.011), (13.992, 274532, 60.925), (13.992, 425452, 90.926), (16.642, 556628, 120.936), (16.642, 693780, 150.946), (16.642, 826856, 180.962), (16.642, 988796, 210.972), (16.642, 1113540, 240.981), (16.642, 1269248, 278.093), (16.642, 1432172, 308.099), (16.642, 1578388, 345.01), (16.642, 1743380, 375.014), (16.642, 1906220, 405.016), (16.642, 1999764, 435.02), (16.642, 2166472, 465.021), (16.642, 2329304, 495.041), (16.642, 2440960, 532.961), (16.642, 2606016, 562.962), (16.642, 2769636, 592.974), (16.642, 2808880, 600.0))"
i_18_2_6_SC_X,2,18,X,SC,6,BFS,6.0,522.947,2241176,"((5.0, 128596, 30.003), (5.0, 253516, 60.007), (5.0, 381204, 90.011), (5.0, 516856, 120.022), (6.0, 647636, 150.032), (6.0, 774100, 180.039), (6.0, 893040, 210.041), (6.0, 1044852, 240.051), (6.0, 1155968, 270.053), (6.0, 1307844, 300.057), (6.0, 1409844, 330.061), (6.0, 1561716, 360.062), (6.0, 1678792, 395.231), (6.0, 1829544, 425.233), (6.0, 1982224, 455.245), (6.0, 2094556, 493.581), (6.0, 2241176, 522.947))"
i_18_2_6_SC_X,2,18,X,SC,6,BNB,6.0,521.517,2217432,"((5.0, 127652, 30.003), (5.0, 254516, 60.004), (5.0, 379088, 90.012), (5.0, 512984, 120.014), (6.0, 642744, 150.02), (6.0, 767124, 180.027), (6.0, 886168, 210.034), (6.0, 1036304, 240.041), (6.0, 1148312, 270.047), (6.0, 1298360, 300.06), (6.0, 1400676, 330.068), (6.0, 1551392, 360.076), (6.0, 1682276, 399.716), (6.0, 1832916, 429.729), (6.0, 1984424, 459.733), (6.0, 2099036, 498.152), (6.0, 2217432, 521.517))"
i_15_2_11_FR_X,2,15,X,FR,11,ASTAR,18.957,-,2458080,"((18.195, 115936, 30.015), (18.957, 235944, 60.032), (18.957, 354888, 90.037), (18.957, 469556, 121.309), (18.957, 592610, 151.316), (18.957, 725486, 183.9), (18.957, 864922, 213.905), (18.957, 977854, 243.91), (18.957, 1118152, 281.657), (18.957, 1259030, 311.658), (18.957, 1387168, 349.426), (18.957, 1529704, 379.43), (18.957, 1673866, 409.43), (18.957, 1758988, 439.431), (18.957, 1905226, 469.432), (18.957, 2049792, 499.444), (18.957, 2142246, 533.875), (18.957, 2286206, 563.876), (18.957, 2430998, 593.877), (18.957, 2458080, 600.007))"
i_15_2_11_FR_X,2,15,X,FR,11,DFS,10.893,-,2891428,"((9.684, 141742, 30.001), (10.31, 283196, 60.001), (10.593, 419290, 90.001), (10.593, 566288, 120.003), (10.593, 707622, 150.012), (10.593, 844600, 180.012), (10.593, 981230, 211.086), (10.593, 1149948, 241.087), (10.593, 1271070, 271.088), (10.593, 1440184, 301.09), (10.593, 1551208, 331.09), (10.593, 1719024, 361.09), (10.593, 1887052, 391.091), (10.807, 1981066, 421.092), (10.807, 2149320, 451.093), (10.893, 2318256, 481.094), (10.893, 2395022, 511.095), (10.893, 2561430, 541.096), (10.893, 2728322, 571.098), (10.893, 2891428, 600.0))"
i_20_2_6_SC_X,2,20,X,SC,6,BNBL,6.0,122.662,495392,"((5.0, 117744, 30.015), (5.0, 239628, 60.016), (6.0, 358424, 90.027), (6.0, 483188, 120.037), (6.0, 495392, 122.662))"
i_18_2_6_SC_X,2,18,X,SC,6,DFS,6.0,-,2586884,"((4.0, 129804, 30.005), (5.0, 260176, 60.009), (5.0, 388340, 90.015), (5.0, 524896, 120.021), (5.0, 658256, 150.032), (5.0, 786232, 180.043), (5.0, 906732, 210.054), (5.0, 1059516, 240.063), (6.0, 1173636, 270.069), (6.0, 1325104, 300.076), (6.0, 1429992, 330.081), (6.0, 1582520, 360.093), (6.0, 1675536, 390.106), (6.0, 1826960, 420.115), (6.0, 1979616, 450.117), (6.0, 2072800, 484.27), (6.0, 2223020, 514.272), (6.0, 2372552, 544.284), (6.0, 2522624, 574.289), (6.0, 2586884, 606.11))"
i_20_1_14_FR_X,1,20,X,FR,14,BNBL,15.012,-,1862062,"((14.688, 93830, 30.003), (14.889, 182280, 60.005), (14.889, 273420, 90.007), (14.889, 371562, 120.008), (14.889, 465792, 150.009), (14.911, 556384, 180.009), (14.911, 644812, 210.011), (15.012, 752428, 240.012), (15.012, 837598, 270.013), (15.012, 932914, 304.796), (15.012, 1041894, 334.796), (15.012, 1145052, 374.272), (15.012, 1253690, 404.273), (15.012, 1362086, 434.276), (15.012, 1424854, 464.277), (15.012, 1533556, 494.277), (15.012, 1643776, 524.278), (15.012, 1727446, 562.473), (15.012, 1834678, 592.474), (15.012, 1862062, 600.0))"
i_20_1_14_FR_X,1,20,X,FR,14,BFS,15.012,-,2204136,"((14.675, 113814, 30.0), (14.688, 218800, 60.283), (14.688, 330846, 90.914), (14.889, 445694, 120.914), (14.889, 558130, 150.915), (14.889, 665596, 180.916), (14.889, 769422, 210.918), (14.889, 900344, 240.92), (14.889, 998568, 270.922), (14.889, 1129388, 300.922), (14.889, 1219488, 330.922), (14.889, 1350012, 360.924), (14.889, 1429668, 390.925), (14.911, 1560138, 420.925), (14.911, 1689876, 450.926), (15.012, 1759388, 480.928), (15.012, 1890844, 510.929), (15.012, 2022230, 540.93), (15.012, 2101746, 576.403), (15.012, 2204136, 600.0))"
i_20_1_14_FR_X,1,20,X,FR,14,GBNB,15.158,-,2050622,"((14.935, 103059, 30.15), (15.091, 206914, 60.151), (15.091, 310095, 90.151), (15.091, 418882, 120.152), (15.091, 524904, 150.153), (15.091, 627390, 180.155), (15.091, 726493, 210.157), (15.091, 829490, 242.367), (15.091, 947915, 272.368), (15.091, 1034260, 302.368), (15.091, 1153949, 332.37), (15.104, 1253884, 368.898), (15.158, 1374145, 398.898), (15.158, 1493500, 428.898), (15.158, 1557749, 458.899), (15.158, 1675909, 488.902), (15.158, 1796056, 518.902), (15.158, 1900421, 561.572), (15.158, 2017606, 591.573), (15.158, 2050622, 600.0))"
i_20_1_14_FR_X,1,20,X,FR,14,BNB,15.012,-,2084922,"((14.675, 103934, 30.001), (14.688, 210052, 60.002), (14.889, 313778, 90.004), (14.889, 409656, 120.005), (14.889, 513568, 150.007), (14.889, 617358, 180.883), (14.889, 737750, 210.883), (14.889, 833272, 240.883), (14.889, 931558, 272.582), (14.911, 1052128, 302.583), (14.911, 1142818, 334.332), (15.012, 1263258, 364.333), (15.012, 1383846, 394.333), (15.012, 1458842, 424.335), (15.012, 1578544, 454.337), (15.012, 1697938, 484.337), (15.012, 1748246, 514.339), (15.012, 1866734, 544.34), (15.012, 1984180, 574.342), (15.012, 2084922, 600.0))"
i_20_1_14_FR_X,1,20,X,FR,14,DFS,14.466,-,2212458,"((13.801, 114559, 30.0), (13.801, 229912, 60.001), (13.801, 342879, 90.001), (13.801, 462408, 120.002), (13.801, 577844, 150.004), (13.801, 690115, 180.006), (14.466, 798458, 210.021), (14.466, 921747, 245.068), (14.466, 1054399, 275.069), (14.466, 1148723, 305.069), (14.466, 1281469, 335.069), (14.466, 1407277, 374.178), (14.466, 1539201, 404.179), (14.466, 1670453, 434.18), (14.466, 1737717, 474.659), (14.466, 1868459, 504.659), (14.466, 2000098, 534.66), (14.466, 2130752, 564.66), (14.466, 2189271, 594.661), (14.466, 2212458, 600.001))"
i_20_1_14_FR_X,1,20,X,FR,14,ASTAR,15.158,-,2042792,"((15.158, 99993, 30.0), (15.158, 203669, 60.0), (15.158, 306029, 90.0), (15.158, 413257, 120.0), (15.158, 515958, 150.002), (15.158, 616582, 180.003), (15.158, 713939, 210.004), (15.158, 806168, 240.005), (15.158, 926258, 270.005), (15.158, 1013078, 300.006), (15.158, 1131774, 330.007), (15.158, 1211046, 360.009), (15.158, 1329788, 390.009), (15.158, 1444317, 431.977), (15.158, 1563199, 461.98), (15.158, 1680758, 491.981), (15.158, 1774169, 531.744), (15.158, 1892207, 561.744), (15.158, 2010765, 591.744), (15.158, 2042792, 600.0))"
i_20_2_6_SC_X,2,20,X,SC,6,ASTAR,6.0,130.513,512600,"((6.0, 115732, 30.012), (6.0, 235344, 60.021), (6.0, 354260, 90.026), (6.0, 480100, 120.03), (6.0, 512600, 130.513))"
i_20_1_18_MT_X,1,20,X,MT,18,BNBL,6.5,268.807,954316,"((5.0, 100244, 30.001), (5.75, 203676, 60.566), (5.75, 313290, 91.489), (6.25, 429388, 121.49), (6.25, 540816, 151.492), (6.25, 632920, 181.493), (6.5, 741396, 212.58), (6.5, 872828, 242.58), (6.5, 954316, 268.807))"
i_20_1_18_MT_X,1,20,X,MT,18,ASTAR,6.5,271.379,973774,"((6.5, 106234, 30.001), (6.5, 209122, 60.004), (6.5, 319306, 91.846), (6.5, 430582, 121.846), (6.5, 539372, 151.847), (6.5, 644144, 181.848), (6.5, 752626, 212.952), (6.5, 881134, 242.954), (6.5, 973774, 271.379))"
i_20_2_6_SC_X,2,20,X,SC,6,GBNB,6.0,144.023,577000,"((6.0, 119512, 30.015), (6.0, 238360, 61.224), (6.0, 365100, 91.23), (6.0, 471340, 121.237), (6.0, 577000, 144.023))"
i_20_1_18_MT_X,1,20,X,MT,18,GBNB,6.5,293.31,1051656,"((6.25, 103214, 30.0), (6.25, 207626, 60.002), (6.25, 311316, 90.002), (6.25, 409468, 123.043), (6.5, 519696, 153.044), (6.5, 632718, 183.936), (6.5, 763550, 213.936), (6.5, 868240, 243.938), (6.5, 974274, 275.77), (6.5, 1051656, 293.31))"
i_20_1_18_MT_X,1,20,X,MT,18,BNB,6.5,347.818,1310173,"((5.0, 107574, 30.0), (5.75, 218446, 60.001), (5.75, 327012, 90.001), (6.25, 444042, 120.023), (6.25, 559344, 150.024), (6.25, 670902, 180.025), (6.5, 775732, 210.027), (6.5, 906830, 240.027), (6.5, 1007668, 270.028), (6.5, 1139440, 308.734), (6.5, 1270456, 338.736), (6.5, 1310173, 347.818))"
i_20_2_6_SC_X,2,20,X,SC,6,BFS,6.0,497.803,2019844,"((4.0, 119004, 30.004), (5.0, 243132, 60.004), (5.0, 365588, 90.007), (5.0, 495056, 120.009), (6.0, 618496, 150.018), (6.0, 737196, 180.03), (6.0, 852200, 210.039), (6.0, 995084, 240.046), (6.0, 1103676, 270.055), (6.0, 1246752, 300.067), (6.0, 1347316, 330.079), (6.0, 1490756, 360.079), (6.0, 1584636, 391.336), (6.0, 1726144, 421.342), (6.0, 1867672, 451.346), (6.0, 1978716, 488.696), (6.0, 2019844, 497.803))"
i_20_1_18_MT_X,1,20,X,MT,18,DFS,6.5,502.196,1978228,"((5.5, 115021, 30.0), (5.75, 227603, 60.155), (6.0, 352229, 92.41), (6.25, 473595, 122.411), (6.25, 590003, 152.412), (6.25, 700938, 182.412), (6.25, 835060, 212.414), (6.25, 940846, 242.416), (6.5, 1047158, 274.116), (6.5, 1182324, 304.118), (6.5, 1302468, 340.718), (6.5, 1437764, 370.72), (6.5, 1573336, 400.721), (6.5, 1654539, 430.721), (6.5, 1790434, 460.722), (6.5, 1926614, 490.724), (6.5, 1978228, 502.196))"
i_20_2_6_SC_X,2,20,X,SC,6,BNB,6.0,478.432,1963744,"((4.0, 116700, 30.006), (5.0, 234960, 60.011), (5.0, 353636, 90.021), (5.0, 479952, 120.042), (6.0, 602796, 150.054), (6.0, 720404, 180.065), (6.0, 834308, 210.076), (6.0, 975628, 240.089), (6.0, 1082520, 270.094), (6.0, 1222852, 300.108), (6.0, 1320720, 330.118), (6.0, 1461228, 360.13), (6.0, 1577664, 396.5), (6.0, 1719164, 426.513), (6.0, 1860864, 456.524), (6.0, 1963744, 478.432))"
i_21_2_12_MT_X,2,21,X,MT,12,BFS,3.75,-,2230384,"((3.0, 110896, 30.018), (3.0, 222896, 60.02), (3.0, 333324, 90.031), (3.0, 441124, 121.185), (3.75, 550676, 151.189), (3.75, 677300, 181.193), (3.75, 784404, 211.199), (3.75, 885576, 241.204), (3.75, 1013572, 271.218), (3.75, 1107124, 301.225), (3.75, 1235260, 331.226), (3.75, 1321428, 361.235), (3.75, 1449776, 391.252), (3.75, 1579252, 421.253), (3.75, 1654904, 451.263), (3.75, 1784192, 481.275), (3.75, 1913420, 511.278), (3.75, 2042660, 541.291), (3.75, 2106928, 571.301), (3.75, 2230384, 600.001))"
i_21_2_12_MT_X,2,21,X,MT,12,BNB,3.75,-,2169616,"((3.0, 102928, 30.008), (3.0, 210224, 60.023), (3.0, 317184, 90.044), (3.0, 432324, 120.051), (3.75, 543140, 150.055), (3.75, 648820, 180.059), (3.75, 752308, 210.074), (3.75, 850944, 240.08), (3.75, 974596, 270.082), (3.75, 1066996, 300.089), (3.75, 1191716, 330.091), (3.75, 1312484, 368.237), (3.75, 1437680, 398.24), (3.75, 1564764, 428.251), (3.75, 1640584, 458.261), (3.75, 1765720, 488.271), (3.75, 1890636, 518.278), (3.75, 2017780, 548.292), (3.75, 2079684, 578.307), (3.75, 2169616, 600.013))"
i_20_2_6_SC_X,2,20,X,SC,6,DFS,6.0,-,2397736,"((4.0, 122056, 30.01), (5.0, 243240, 60.022), (5.0, 356088, 90.033), (5.0, 482484, 120.039), (5.0, 604304, 150.039), (5.0, 723184, 180.044), (5.0, 835732, 210.044), (5.0, 974856, 240.053), (6.0, 1082040, 270.054), (6.0, 1221980, 300.057), (6.0, 1321288, 330.064), (6.0, 1461016, 360.07), (6.0, 1549928, 390.079), (6.0, 1687740, 420.096), (6.0, 1826180, 450.098), (6.0, 1920840, 484.166), (6.0, 2058236, 514.169), (6.0, 2196344, 544.177), (6.0, 2333828, 574.186), (6.0, 2397736, 605.049))"
i_21_2_12_MT_X,2,21,X,MT,12,BNBL,3.75,-,2048788,"((3.0, 93184, 30.01), (3.0, 185744, 60.027), (3.0, 283208, 90.948), (3.0, 387068, 120.957), (3.0, 490068, 150.967), (3.75, 585932, 180.972), (3.75, 682584, 212.3), (3.75, 798516, 242.307), (3.75, 885976, 272.309), (3.75, 1000516, 302.321), (3.75, 1084076, 332.333), (3.75, 1200916, 362.336), (3.75, 1319108, 401.838), (3.75, 1437344, 431.858), (3.75, 1557392, 461.874), (3.75, 1644428, 495.802), (3.75, 1760800, 525.807), (3.75, 1876580, 555.814), (3.75, 1998532, 585.828), (3.75, 2048788, 613.977))"
i_24_1_16_FR_X,1,24,X,FR,16,GBNB,23.417,14.076,42288,"((23.417, 42288, 14.076),)"
i_24_1_16_FR_X,1,24,X,FR,16,BNBL,23.417,16.036,47906,"((23.417, 47906, 16.036),)"
i_24_1_16_FR_X,1,24,X,FR,16,BNB,23.417,32.127,99126,"((23.417, 91510, 30.001), (23.417, 99126, 32.127))"
i_24_1_16_FR_X,1,24,X,FR,16,ASTAR,23.417,16.389,49647,"((23.417, 49647, 16.389),)"
i_24_1_16_FR_X,1,24,X,FR,16,BFS,23.417,107.9,347456,"((23.04, 98282, 30.001), (23.417, 191954, 60.002), (23.417, 290300, 90.003), (23.417, 347456, 107.9))"
i_21_2_12_MT_X,2,21,X,MT,12,GBNB,5.5,-,2046276,"((3.5, 102392, 30.016), (4.25, 202780, 60.03), (4.5, 302320, 90.039), (4.5, 404916, 120.045), (4.5, 506720, 150.045), (4.5, 607900, 180.061), (4.5, 707552, 210.443), (4.5, 828772, 240.454), (4.5, 902356, 270.455), (4.75, 1016408, 300.462), (4.75, 1096944, 331.609), (5.5, 1213104, 361.619), (5.5, 1327160, 391.633), (5.5, 1402144, 421.644), (5.5, 1520192, 451.663), (5.5, 1637960, 481.676), (5.5, 1701824, 511.69), (5.5, 1818792, 541.692), (5.5, 1937684, 571.696), (5.5, 2046276, 600.026))"
i_21_2_12_MT_X,2,21,X,MT,12,ASTAR,5.0,-,1897132,"((4.75, 86088, 30.012), (5.0, 177836, 60.017), (5.0, 270684, 90.026), (5.0, 372536, 120.03), (5.0, 470512, 150.049), (5.0, 571828, 180.058), (5.0, 662284, 210.078), (5.0, 750516, 240.086), (5.0, 860020, 270.099), (5.0, 946840, 300.114), (5.0, 1061360, 330.127), (5.0, 1158628, 364.246), (5.0, 1268608, 394.257), (5.0, 1378792, 424.265), (5.0, 1449296, 454.275), (5.0, 1559528, 484.281), (5.0, 1666248, 514.284), (5.0, 1779880, 544.286), (5.0, 1799696, 574.313), (5.0, 1897132, 600.006))"
i_24_1_16_FR_X,1,24,X,FR,16,DFS,23.417,115.023,373991,"((21.34, 96927, 30.002), (21.34, 194558, 60.004), (23.345, 291061, 90.006), (23.417, 373991, 115.023))"
i_21_2_12_MT_X,2,21,X,MT,12,DFS,3.0,-,2227192,"((2.5, 109244, 30.0), (3.0, 221016, 60.002), (3.0, 330152, 90.002), (3.0, 445374, 120.014), (3.0, 557216, 150.014), (3.0, 665872, 180.014), (3.0, 769924, 210.02), (3.0, 898294, 240.023), (3.0, 996644, 270.024), (3.0, 1124320, 300.025), (3.0, 1214702, 330.026), (3.0, 1342454, 360.026), (3.0, 1430934, 391.406), (3.0, 1557464, 421.407), (3.0, 1684662, 451.419), (3.0, 1784480, 488.33), (3.0, 1912316, 518.331), (3.0, 2039092, 548.331), (3.0, 2165960, 578.332), (3.0, 2227192, 609.691))"
i_24_2_11_SC_X,2,24,X,SC,11,BNB,6.0,-,2007292,"((4.0, 98300, 30.002), (5.0, 199196, 60.011), (5.0, 297668, 90.027), (5.0, 401436, 120.03), (5.0, 503164, 150.036), (6.0, 600684, 180.04), (6.0, 693132, 210.051), (6.0, 806732, 240.057), (6.0, 892292, 270.071), (6.0, 1006948, 300.087), (6.0, 1085028, 330.091), (6.0, 1199108, 360.108), (6.0, 1313452, 390.115), (6.0, 1380988, 420.124), (6.0, 1495196, 450.138), (6.0, 1609956, 480.148), (6.0, 1666068, 510.156), (6.0, 1780012, 540.157), (6.0, 1894436, 570.162), (6.0, 2007292, 600.006))"
i_24_2_11_SC_X,2,24,X,SC,11,BFS,6.0,-,2021748,"((5.0, 102764, 30.005), (5.0, 205948, 60.016), (5.0, 306644, 90.018), (5.0, 412284, 120.031), (5.0, 515260, 150.032), (6.0, 614524, 180.041), (6.0, 709100, 210.05), (6.0, 825836, 240.058), (6.0, 896516, 270.073), (6.0, 1013604, 300.082), (6.0, 1079108, 330.089), (6.0, 1195748, 360.091), (6.0, 1312748, 390.094), (6.0, 1381948, 420.104), (6.0, 1498684, 450.113), (6.0, 1615752, 480.125), (6.0, 1672660, 510.127), (6.0, 1788892, 540.139), (6.0, 1905932, 570.144), (6.0, 2021748, 600.003))"
i_24_2_11_SC_X,2,24,X,SC,11,BNBL,7.0,-,1937296,"((5.0, 91404, 30.003), (5.0, 185132, 60.004), (6.0, 277712, 90.01), (6.0, 374400, 120.024), (6.0, 470932, 150.037), (6.0, 562596, 180.052), (6.0, 664924, 213.54), (6.0, 773024, 243.541), (6.0, 856880, 273.542), (6.0, 967008, 303.551), (6.0, 1045952, 333.563), (7.0, 1156016, 363.593), (7.0, 1265040, 393.606), (7.0, 1337744, 423.621), (7.0, 1446880, 453.629), (7.0, 1557568, 483.637), (7.0, 1619184, 513.654), (7.0, 1727856, 543.665), (7.0, 1839184, 573.67), (7.0, 1937296, 600.001))"
i_24_2_11_SC_X,2,24,X,SC,11,GBNB,8.0,-,1954860,"((7.0, 94988, 30.014), (7.0, 189500, 60.799), (7.0, 292812, 90.805), (7.0, 382828, 120.82), (7.0, 478844, 150.827), (7.0, 571916, 180.835), (7.0, 681804, 210.85), (7.0, 771644, 240.853), (7.0, 877340, 276.71), (7.0, 988892, 306.719), (7.0, 1092508, 343.765), (8.0, 1203660, 373.766), (8.0, 1314300, 403.777), (8.0, 1385468, 433.79), (8.0, 1498572, 463.799), (8.0, 1609660, 493.814), (8.0, 1693948, 530.184), (8.0, 1805788, 560.194), (8.0, 1918524, 590.199), (8.0, 1954860, 600.005))"
i_24_2_11_SC_X,2,24,X,SC,11,ASTAR,11.0,-,1920872,"((9.0, 89920, 30.016), (10.0, 184856, 60.024), (11.0, 274248, 90.032), (11.0, 371600, 120.045), (11.0, 466576, 150.062), (11.0, 558216, 180.074), (11.0, 649836, 211.283), (11.0, 759020, 241.291), (11.0, 844060, 271.294), (11.0, 951916, 301.299), (11.0, 1027484, 331.307), (11.0, 1137856, 361.325), (11.0, 1247732, 391.325), (11.0, 1315316, 421.326), (11.0, 1425168, 451.333), (11.0, 1536084, 481.341), (11.0, 1595240, 511.346), (11.0, 1705992, 541.361), (11.0, 1818728, 571.364), (11.0, 1920872, 600.009))"
i_24_2_11_SC_X,2,24,X,SC,11,DFS,5.0,-,1968280,"((4.0, 101032, 30.01), (4.0, 203416, 60.016), (5.0, 303816, 90.032), (5.0, 407848, 120.045), (5.0, 499624, 150.047), (5.0, 598088, 180.051), (5.0, 692440, 210.051), (5.0, 807208, 240.052), (5.0, 896536, 270.056), (5.0, 1011336, 300.067), (5.0, 1093800, 330.076), (5.0, 1209032, 360.085), (5.0, 1281480, 390.087), (5.0, 1396312, 420.093), (5.0, 1511320, 450.109), (5.0, 1576248, 481.402), (5.0, 1691128, 511.414), (5.0, 1806136, 541.429), (5.0, 1921064, 571.433), (5.0, 1968280, 600.006))"
i_24_1_18_FR_X,1,24,X,FR,18,BFS,14.227,-,1911940,"((13.26, 97510, 30.001), (13.714, 196940, 60.003), (13.714, 294532, 90.005), (13.714, 384754, 120.007), (13.714, 481590, 150.008), (13.714, 575484, 180.009), (13.714, 682776, 214.703), (13.897, 795388, 244.704), (13.897, 879992, 274.705), (14.227, 991208, 304.707), (14.227, 1068896, 334.707), (14.227, 1180534, 364.709), (14.227, 1267146, 399.511), (14.227, 1378890, 429.513), (14.227, 1490652, 459.515), (14.227, 1556820, 490.935), (14.227, 1668652, 520.936), (14.227, 1780354, 550.937), (14.227, 1890674, 580.937), (14.227, 1911940, 618.328))"
i_24_1_18_FR_X,1,24,X,FR,18,BNBL,14.419,-,1566622,"((13.714, 81414, 30.001), (13.897, 160620, 60.625), (14.227, 242640, 90.625), (14.227, 318280, 120.629), (14.227, 395932, 150.632), (14.227, 473116, 180.635), (14.227, 555842, 213.227), (14.227, 645864, 243.228), (14.419, 716376, 273.231), (14.419, 803854, 303.231), (14.419, 870820, 333.233), (14.419, 958790, 363.234), (14.419, 1031140, 397.197), (14.419, 1122150, 427.198), (14.419, 1211312, 457.2), (14.419, 1268292, 487.201), (14.419, 1358290, 517.203), (14.419, 1448948, 547.205), (14.419, 1538942, 577.205), (14.419, 1566622, 600.001))"
i_24_1_18_FR_X,1,24,X,FR,18,ASTAR,14.795,-,1790025,"((14.795, 87298, 30.0), (14.795, 177320, 60.001), (14.795, 265747, 90.003), (14.795, 359587, 120.004), (14.795, 451210, 150.005), (14.795, 540724, 180.007), (14.795, 626270, 210.009), (14.795, 707337, 240.011), (14.795, 809908, 270.012), (14.795, 886391, 300.013), (14.795, 989575, 330.014), (14.795, 1059570, 360.016), (14.795, 1162418, 390.018), (14.795, 1264869, 420.02), (14.795, 1327184, 450.02), (14.795, 1429679, 480.023), (14.795, 1532683, 510.024), (14.795, 1585000, 540.025), (14.795, 1687708, 570.027), (14.795, 1790025, 600.002))"
i_24_1_18_FR_X,1,24,X,FR,18,GBNB,14.617,-,1774141,"((14.541, 90299, 30.001), (14.585, 176072, 60.002), (14.585, 263471, 90.024), (14.585, 355337, 120.025), (14.585, 445609, 150.027), (14.585, 533176, 180.028), (14.585, 616272, 210.028), (14.617, 719396, 240.028), (14.617, 798268, 270.028), (14.617, 901059, 300.03), (14.617, 975551, 330.03), (14.617, 1078947, 360.031), (14.617, 1147520, 390.032), (14.617, 1250369, 420.032), (14.617, 1353038, 450.033), (14.617, 1413094, 480.033), (14.617, 1515760, 510.034), (14.617, 1619210, 540.034), (14.617, 1718780, 583.868), (14.617, 1774141, 600.002))"
i_24_1_18_FR_X,1,24,X,FR,18,BNB,14.227,-,1782434,"((13.513, 89926, 30.001), (13.714, 179830, 60.003), (13.714, 268400, 90.004), (13.714, 361216, 120.005), (13.714, 452278, 150.007), (13.897, 541156, 180.007), (14.227, 625794, 210.008), (14.227, 705374, 240.01), (14.227, 807128, 270.01), (14.227, 883214, 300.012), (14.227, 985300, 330.014), (14.227, 1054546, 360.016), (14.227, 1156490, 390.018), (14.227, 1257988, 420.02), (14.227, 1319898, 450.022), (14.227, 1421922, 480.024), (14.227, 1524190, 510.024), (14.227, 1577688, 540.024), (14.227, 1680378, 570.025), (14.227, 1782434, 600.002))"
i_24_1_18_FR_X,1,24,X,FR,18,DFS,14.19,-,1952994,"((13.638, 98389, 30.799), (13.638, 196640, 60.8), (13.772, 293892, 90.801), (13.772, 396280, 120.801), (13.772, 495369, 150.802), (13.772, 590569, 180.803), (13.772, 681629, 210.803), (13.772, 794428, 240.803), (13.772, 880344, 270.804), (13.772, 993044, 300.805), (14.152, 1072877, 330.806), (14.152, 1185077, 360.806), (14.19, 1277924, 396.416), (14.19, 1390533, 426.416), (14.19, 1503360, 456.417), (14.19, 1580196, 490.43), (14.19, 1692326, 520.432), (14.19, 1804494, 550.432), (14.19, 1916184, 580.433), (14.19, 1952994, 606.976))"
i_28_2_13_SC_X,2,28,X,SC,13,BFS,6.0,-,1816196,"((4.0, 88668, 30.02), (5.0, 178308, 60.034), (5.0, 266084, 90.045), (5.0, 352772, 120.054), (5.0, 436924, 150.057), (5.0, 525180, 180.079), (6.0, 613004, 210.908), (6.0, 716748, 240.916), (6.0, 797276, 270.923), (6.0, 900676, 300.939), (6.0, 975332, 330.947), (6.0, 1078212, 360.965), (6.0, 1180900, 390.965), (6.0, 1248004, 420.984), (6.0, 1350876, 450.99), (6.0, 1453468, 481.001), (6.0, 1511772, 511.013), (6.0, 1614516, 541.015), (6.0, 1717268, 571.031), (6.0, 1816196, 600.018))"
i_28_2_13_SC_X,2,28,X,SC,13,BNBL,7.0,-,1663040,"((5.0, 80096, 30.384), (5.0, 161640, 60.401), (5.0, 243564, 90.601), (6.0, 328492, 120.617), (6.0, 411348, 150.622), (6.0, 492244, 180.623), (6.0, 586308, 210.641), (6.0, 656956, 240.656), (6.0, 734220, 275.606), (6.0, 828288, 305.617), (6.0, 915392, 340.914), (6.0, 1011584, 370.915), (6.0, 1108000, 400.929), (7.0, 1172160, 430.945), (7.0, 1266128, 460.945), (7.0, 1361568, 490.956), (7.0, 1421856, 522.708), (7.0, 1516208, 552.722), (7.0, 1609984, 582.735), (7.0, 1663040, 600.01))"

