i_4_1_2_FR_X,1,4,X,FR,2,BFS,9.919,0.033,42,"((9.919, 42, 0.033),)"
i_4_1_2_FR_X,1,4,X,FR,2,BFS,9.919,0.037,42,"((9.919, 42, 0.037),)"
i_4_1_2_FR_X,1,4,X,FR,2,BNBL,9.919,0.043,42,"((9.919, 42, 0.043),)"
i_4_1_2_FR_X,1,4,X,FR,2,GBNB,9.919,0.042,42,"((9.919, 42, 0.042),)"
i_4_1_2_MT_X,1,4,X,MT,2,BFS,2.25,0.021,42,"((2.25, 42, 0.021),)"
i_4_1_2_MT_X,1,4,X,MT,2,BNBL,2.25,0.026,42,"((2.25, 42, 0.026),)"
i_4_1_2_FR_X,1,4,X,FR,2,ASTAR,9.919,0.043,42,"((9.919, 42, 0.043),)"
i_4_1_2_MT_X,1,4,X,MT,2,GBNB,2.25,0.025,42,"((2.25, 42, 0.025),)"
i_4_1_2_MT_X,1,4,X,MT,2,ASTAR,2.25,0.026,42,"((2.25, 42, 0.026),)"
i_4_1_3_MT_X,1,4,X,MT,3,BFS,2.719,0.112,258,"((2.719, 258, 0.112),)"
i_4_1_3_MT_X,1,4,X,MT,3,BNBL,2.719,0.128,258,"((2.719, 258, 0.128),)"
i_4_1_3_MT_X,1,4,X,MT,3,GBNB,2.719,0.128,258,"((2.719, 258, 0.128),)"
i_4_1_3_MT_X,1,4,X,MT,3,ASTAR,2.719,0.128,258,"((2.719, 258, 0.128),)"
i_4_1_4_FR_X,1,4,X,FR,4,BFS,6.209,1.092,1554,"((6.209, 1554, 1.092),)"
i_4_1_4_FR_X,1,4,X,FR,4,BNBL,6.209,1.262,1554,"((6.209, 1554, 1.262),)"
i_4_1_4_FR_X,1,4,X,FR,4,GBNB,6.209,1.3,1554,"((6.209, 1554, 1.3),)"
i_4_2_1_SC_X,2,4,X,SC,1,BFS,2.0,0.021,36,"((2.0, 36, 0.021),)"
i_4_2_1_SC_X,2,4,X,SC,1,BNBL,2.0,0.023,36,"((2.0, 36, 0.023),)"
i_4_1_4_FR_X,1,4,X,FR,4,ASTAR,6.209,1.266,1554,"((6.209, 1554, 1.266),)"
i_4_2_1_SC_X,2,4,X,SC,1,GBNB,2.0,0.023,36,"((2.0, 36, 0.023),)"
i_4_2_1_SC_X,2,4,X,SC,1,ASTAR,2.0,0.022,36,"((2.0, 36, 0.022),)"
i_4_1_3_FR_X,1,4,X,FR,3,BFS,8.606,0.057,78,"((8.606, 78, 0.057),)"
i_4_1_3_FR_X,1,4,X,FR,3,BNBL,8.606,0.066,78,"((8.606, 78, 0.066),)"
i_4_1_3_FR_X,1,4,X,FR,3,GBNB,8.606,0.064,78,"((8.606, 78, 0.064),)"
i_4_1_3_FR_X,1,4,X,FR,3,ASTAR,8.606,0.066,78,"((8.606, 78, 0.066),)"
i_6_1_5_FR_X,1,6,X,FR,5,BFS,10.391,0.138,166,"((10.391, 166, 0.138),)"
i_6_1_5_FR_X,1,6,X,FR,5,BNBL,10.391,0.161,166,"((10.391, 166, 0.161),)"
i_6_1_5_FR_X,1,6,X,FR,5,GBNB,10.391,0.162,166,"((10.391, 166, 0.162),)"
i_6_1_5_FR_X,1,6,X,FR,5,ASTAR,10.391,0.166,166,"((10.391, 166, 0.166),)"
i_6_1_4_FR_X,1,6,X,FR,4,BFS,10.377,0.464,590,"((10.377, 590, 0.464),)"
i_6_1_4_FR_X,1,6,X,FR,4,BNBL,10.377,0.54,590,"((10.377, 590, 0.54),)"
i_6_1_3_MT_X,1,6,X,MT,3,BFS,2.406,0.133,318,"((2.406, 318, 0.133),)"
i_6_1_4_FR_X,1,6,X,FR,4,GBNB,10.377,0.54,590,"((10.377, 590, 0.54),)"
i_6_1_4_FR_X,1,6,X,FR,4,ASTAR,10.377,0.542,590,"((10.377, 590, 0.542),)"
i_6_1_3_MT_X,1,6,X,MT,3,BNBL,2.406,0.161,318,"((2.406, 318, 0.161),)"
i_6_1_3_MT_X,1,6,X,MT,3,GBNB,2.406,0.164,318,"((2.406, 318, 0.164),)"
i_6_1_3_MT_X,1,6,X,MT,3,ASTAR,2.406,0.161,318,"((2.406, 318, 0.161),)"
i_6_1_6_FR_X,1,6,X,FR,6,BFS,16.316,24.395,27518,"((16.316, 27518, 24.395),)"
i_6_1_6_FR_X,1,6,X,FR,6,BNBL,16.316,28.433,27518,"((16.316, 27518, 28.433),)"
i_6_1_6_FR_X,1,6,X,FR,6,GBNB,16.316,29.743,27518,"((16.316, 27518, 29.743),)"
i_7_1_4_AG001_X,1,7,X,AG001,4,BNBL,2.0,0.067,66,"((2.0, 66, 0.067),)"
i_7_1_4_AG001_X,1,7,X,AG001,4,BFS,4.0,1.548,1522,"((4.0, 1522, 1.548),)"
i_7_1_4_AG001_X,1,7,X,AG001,4,GBNB,3.0,0.078,74,"((3.0, 74, 0.078),)"
i_7_1_4_AG001_X,1,7,X,AG001,4,ASTAR,3.0,0.075,74,"((3.0, 74, 0.075),)"
i_7_1_4_AG05_X,1,7,X,AG05,4,BFS,4.0,0.532,1522,"((4.0, 1522, 0.532),)"
i_7_1_4_AG05_X,1,7,X,AG05,4,BNBL,2.0,0.029,66,"((2.0, 66, 0.029),)"
i_7_1_4_AG05_X,1,7,X,AG05,4,GBNB,3.0,0.037,74,"((3.0, 74, 0.037),)"
i_7_1_4_AG05_X,1,7,X,AG05,4,ASTAR,3.0,0.037,74,"((3.0, 74, 0.037),)"
i_6_1_6_FR_X,1,6,X,FR,6,ASTAR,16.316,28.161,27518,"((16.316, 27518, 28.161),)"
i_7_1_4_AG01_X,1,7,X,AG01,4,BNBL,2.0,0.032,66,"((2.0, 66, 0.032),)"
i_7_1_4_AG01_X,1,7,X,AG01,4,GBNB,3.0,0.039,74,"((3.0, 74, 0.039),)"
i_7_1_4_AG01_X,1,7,X,AG01,4,BFS,4.0,0.652,1522,"((4.0, 1522, 0.652),)"
i_7_1_4_AG01_X,1,7,X,AG01,4,ASTAR,3.0,0.04,74,"((3.0, 74, 0.04),)"
i_8_1_2_FR_X,1,8,X,FR,2,BFS,10.579,0.043,46,"((10.579, 46, 0.043),)"
i_8_1_2_FR_X,1,8,X,FR,2,BNBL,10.579,0.047,46,"((10.579, 46, 0.047),)"
i_8_1_2_FR_X,1,8,X,FR,2,GBNB,10.579,0.047,46,"((10.579, 46, 0.047),)"
i_8_1_2_FR_X,1,8,X,FR,2,ASTAR,10.579,0.046,46,"((10.579, 46, 0.046),)"
i_9_1_7_MT_X,1,9,X,MT,7,BFS,2.719,0.654,1690,"((2.719, 1690, 0.654),)"
i_9_1_7_MT_X,1,9,X,MT,7,BNBL,2.719,0.817,1690,"((2.719, 1690, 0.817),)"
i_9_1_7_MT_X,1,9,X,MT,7,ASTAR,2.719,0.816,1690,"((2.719, 1690, 0.816),)"
i_9_1_7_MT_X,1,9,X,MT,7,GBNB,2.719,0.818,1690,"((2.719, 1690, 0.818),)"
i_9_1_3_FR_X,1,9,X,FR,3,BFS,5.704,0.016,18,"((5.704, 18, 0.016),)"
i_9_1_3_FR_X,1,9,X,FR,3,BNBL,5.704,0.017,18,"((5.704, 18, 0.017),)"
i_9_1_3_FR_X,1,9,X,FR,3,GBNB,5.704,0.019,18,"((5.704, 18, 0.019),)"
i_9_1_3_FR_X,1,9,X,FR,3,ASTAR,5.704,0.018,18,"((5.704, 18, 0.018),)"
i_9_2_3_SC_X,2,9,X,SC,3,BNBL,6.0,1.267,2084,"((6.0, 2084, 1.267),)"
i_9_2_3_SC_X,2,9,X,SC,3,GBNB,6.0,0.684,1116,"((6.0, 1116, 0.684),)"
i_9_2_3_SC_X,2,9,X,SC,3,ASTAR,6.0,0.685,1116,"((6.0, 1116, 0.685),)"
i_9_1_5_MT_X,1,9,X,MT,5,BFS,2.906,2.204,5402,"((2.906, 5402, 2.204),)"
i_9_1_5_MT_X,1,9,X,MT,5,BNBL,2.906,2.726,5402,"((2.906, 5402, 2.726),)"
i_9_1_5_MT_X,1,9,X,MT,5,GBNB,2.906,2.741,5402,"((2.906, 5402, 2.741),)"
i_9_1_5_MT_X,1,9,X,MT,5,ASTAR,2.906,2.744,5402,"((2.906, 5402, 2.744),)"
i_9_1_3_MT_X,1,9,X,MT,3,BFS,2.719,0.167,378,"((2.719, 378, 0.167),)"
i_9_1_3_MT_X,1,9,X,MT,3,BNBL,2.719,0.198,378,"((2.719, 378, 0.198),)"
i_9_1_3_MT_X,1,9,X,MT,3,GBNB,2.719,0.206,378,"((2.719, 378, 0.206),)"
i_9_1_3_MT_X,1,9,X,MT,3,ASTAR,2.719,0.203,378,"((2.719, 378, 0.203),)"
i_9_1_4_MT_X,1,9,X,MT,4,BFS,2.5,0.301,706,"((2.5, 706, 0.301),)"
i_9_1_4_MT_X,1,9,X,MT,4,BNBL,2.5,0.354,664,"((2.5, 664, 0.354),)"
i_9_1_4_MT_X,1,9,X,MT,4,GBNB,2.5,0.25,450,"((2.5, 450, 0.25),)"
i_9_1_4_MT_X,1,9,X,MT,4,ASTAR,2.5,0.248,450,"((2.5, 450, 0.248),)"
i_9_2_3_SC_X,2,9,X,SC,3,BFS,6.0,57.974,109556,"((6.0, 57716, 30.002), (6.0, 109556, 57.974))"
i_12_1_8_FR_X,1,12,X,FR,8,BFS,16.254,-,371032,"((14.736, 21698, 30.009), (14.736, 43310, 60.01), (14.736, 63092, 90.023), (16.254, 80760, 120.029), (16.254, 97618, 150.034), (16.254, 116910, 180.047), (16.254, 134998, 210.054), (16.254, 151002, 240.055), (16.254, 169382, 270.067), (16.254, 187830, 300.067), (16.254, 208174, 330.069), (16.254, 226802, 360.076), (16.254, 245310, 390.076), (16.254, 261546, 420.089), (16.254, 279890, 450.098), (16.254, 298838, 480.105), (16.254, 314890, 510.114), (16.254, 332412, 540.122), (16.254, 351158, 570.125), (16.254, 371032, 600.006))"
i_12_1_8_FR_X,1,12,X,FR,8,GBNB,16.768,-,290030,"((16.612, 13872, 30.0), (16.612, 28032, 60.007), (16.612, 42796, 90.019), (16.612, 57112, 120.03), (16.612, 71530, 150.039), (16.612, 86274, 180.04), (16.612, 100946, 210.043), (16.612, 115454, 240.05), (16.612, 131212, 270.057), (16.612, 145694, 300.057), (16.612, 160648, 330.067), (16.612, 175880, 360.075), (16.612, 191706, 390.08), (16.612, 206936, 420.094), (16.612, 222066, 450.109), (16.612, 234978, 480.123), (16.612, 248826, 510.133), (16.768, 262526, 540.135), (16.768, 275814, 570.137), (16.768, 290030, 600.015))"
i_12_1_8_FR_X,1,12,X,FR,8,BNBL,16.254,-,355950,"((14.736, 18914, 30.01), (14.736, 37962, 60.018), (14.736, 56698, 90.029), (14.736, 74766, 120.038), (16.254, 91100, 150.042), (16.254, 108686, 180.045), (16.254, 126978, 210.048), (16.254, 143124, 240.049), (16.254, 160380, 270.064), (16.254, 178050, 300.068), (16.254, 197590, 330.075), (16.254, 215642, 360.083), (16.254, 234230, 390.086), (16.254, 251728, 420.089), (16.254, 267874, 450.089), (16.254, 286422, 480.097), (16.254, 304356, 510.102), (16.254, 319874, 540.108), (16.254, 337534, 570.115), (16.254, 355950, 600.002))"
i_12_1_8_FR_X,1,12,X,FR,8,ASTAR,18.388,-,283534,"((18.388, 12452, 30.011), (18.388, 25618, 60.029), (18.388, 39440, 90.035), (18.388, 52996, 120.035), (18.388, 67526, 150.046), (18.388, 81692, 180.048), (18.388, 96980, 210.05), (18.388, 112612, 240.061), (18.388, 126618, 270.069), (18.388, 141838, 300.073), (18.388, 155956, 330.082), (18.388, 170308, 360.083), (18.388, 185768, 390.086), (18.388, 200144, 420.102), (18.388, 213556, 450.12), (18.388, 227620, 480.127), (18.388, 241036, 510.14), (18.388, 255114, 540.149), (18.388, 269842, 570.155), (18.388, 283534, 600.017))"
i_12_1_10_MT_X,1,12,X,MT,10,BNBL,4.534,-,859334,"((4.145, 46810, 30.002), (4.289, 92108, 60.003), (4.289, 137350, 90.008), (4.289, 183152, 120.014), (4.289, 226704, 150.017), (4.289, 268866, 180.019), (4.289, 311682, 210.021), (4.289, 353536, 240.027), (4.534, 395292, 270.029), (4.534, 435394, 300.031), (4.534, 476188, 330.032), (4.534, 515314, 360.033), (4.534, 560434, 390.034), (4.534, 606574, 420.035), (4.534, 649002, 450.036), (4.534, 693920, 480.039), (4.534, 736306, 510.045), (4.534, 777520, 540.051), (4.534, 815272, 570.057), (4.534, 859334, 600.005))"
i_12_1_10_MT_X,1,12,X,MT,10,BFS,4.534,-,1097442,"((4.145, 56638, 30.001), (4.289, 107918, 60.003), (4.289, 160170, 90.004), (4.289, 212346, 120.007), (4.289, 267306, 150.008), (4.289, 324246, 180.215), (4.289, 384994, 210.22), (4.289, 441084, 240.225), (4.289, 500384, 270.229), (4.289, 556198, 300.232), (4.534, 613114, 330.232), (4.534, 666268, 360.233), (4.534, 718390, 390.234), (4.534, 769438, 420.238), (4.534, 816410, 450.239), (4.534, 869780, 480.241), (4.534, 930462, 510.242), (4.534, 981018, 540.244), (4.534, 1040264, 570.245), (4.534, 1097442, 600.002))"
i_12_1_7_MT_X,1,12,X,MT,7,BFS,3.359,4.771,11010,"((3.359, 11010, 4.771),)"
i_12_1_7_MT_X,1,12,X,MT,7,ASTAR,3.359,3.826,6848,"((3.359, 6848, 3.826),)"
i_12_1_7_MT_X,1,12,X,MT,7,GBNB,3.359,3.891,6848,"((3.359, 6848, 3.891),)"
i_12_1_7_MT_X,1,12,X,MT,7,BNBL,3.359,4.314,7560,"((3.359, 7560, 4.314),)"
i_12_1_7_FR_X,1,12,X,FR,7,BFS,16.878,67.582,66690,"((16.878, 28948, 30.0), (16.878, 58967, 60.001), (16.878, 66690, 67.582))"
i_12_1_7_FR_X,1,12,X,FR,7,BNBL,16.878,80.907,66690,"((16.878, 23898, 30.001), (16.878, 49421, 60.002), (16.878, 66690, 80.907))"
i_12_1_7_FR_X,1,12,X,FR,7,GBNB,16.878,81.747,66690,"((16.861, 22648, 30.0), (16.878, 47716, 60.001), (16.878, 66690, 81.747))"
i_12_1_3_FR_X,1,12,X,FR,3,BFS,9.946,0.259,386,"((9.946, 386, 0.259),)"
i_12_1_3_FR_X,1,12,X,FR,3,BNBL,9.946,0.255,314,"((9.946, 314, 0.255),)"
i_12_1_3_FR_X,1,12,X,FR,3,GBNB,9.946,0.254,314,"((9.946, 314, 0.254),)"
i_12_1_3_FR_X,1,12,X,FR,3,ASTAR,9.946,0.254,314,"((9.946, 314, 0.254),)"
i_12_1_7_FR_X,1,12,X,FR,7,ASTAR,16.878,80.583,66690,"((16.861, 23534, 30.001), (16.878, 48450, 60.003), (16.878, 66690, 80.583))"
i_12_1_10_MT_X,1,12,X,MT,10,GBNB,4.62,-,859013,"((4.62, 41074, 30.0), (4.62, 83807, 60.001), (4.62, 123586, 90.001), (4.62, 165609, 120.002), (4.62, 209049, 150.002), (4.62, 252133, 180.003), (4.62, 296724, 210.003), (4.62, 340157, 240.009), (4.62, 386618, 270.009), (4.62, 430518, 300.009), (4.62, 473708, 330.011), (4.62, 515858, 360.012), (4.62, 555396, 390.012), (4.62, 599453, 420.012), (4.62, 644038, 450.017), (4.62, 684675, 480.02), (4.62, 729351, 510.021), (4.62, 774083, 540.021), (4.62, 814264, 570.021), (4.62, 859013, 600.0))"
i_12_1_10_MT_X,1,12,X,MT,10,ASTAR,4.62,-,812118,"((4.62, 40683, 30.004), (4.62, 82677, 60.005), (4.62, 126078, 90.005), (4.62, 167528, 120.005), (4.62, 208493, 150.006), (4.62, 250301, 180.006), (4.62, 291922, 210.009), (4.62, 335090, 240.009), (4.62, 374876, 270.01), (4.62, 415742, 300.01), (4.62, 454786, 330.01), (4.62, 495627, 360.01), (4.62, 533819, 390.011), (4.62, 575076, 420.017), (4.62, 615784, 450.025), (4.62, 653506, 480.027), (4.62, 694507, 510.035), (4.62, 735036, 540.039), (4.62, 775710, 570.04), (4.62, 812118, 600.0))"
i_12_1_10_FR_X,1,12,X,FR,10,BFS,18.079,-,437509,"((16.83, 21732, 30.007), (16.83, 41474, 60.016), (16.83, 61370, 90.017), (16.83, 82294, 120.023), (17.44, 102162, 150.028), (17.44, 124250, 180.029), (18.079, 144950, 210.032), (18.079, 165722, 240.041), (18.079, 188066, 270.042), (18.079, 211830, 300.044), (18.079, 235573, 330.044), (18.079, 257425, 360.044), (18.079, 279476, 390.045), (18.079, 302533, 420.046), (18.079, 323728, 450.047), (18.079, 345907, 480.047), (18.079, 370813, 510.047), (18.079, 394945, 540.048), (18.079, 416683, 570.05), (18.079, 437509, 600.0))"
i_12_1_10_FR_X,1,12,X,FR,10,GBNB,18.079,-,362835,"((17.44, 16313, 30.012), (17.44, 32948, 60.013), (17.44, 50689, 90.014), (17.44, 68941, 120.015), (17.44, 87144, 150.015), (17.44, 105965, 180.017), (17.44, 125185, 210.018), (17.44, 141716, 240.018), (17.44, 159601, 270.02), (17.44, 178703, 300.023), (17.44, 197779, 330.024), (17.44, 218723, 360.025), (17.44, 237394, 390.026), (17.44, 258636, 420.03), (17.44, 280223, 450.031), (17.44, 298091, 480.031), (18.079, 315006, 510.044), (18.079, 329843, 540.045), (18.079, 345658, 570.045), (18.079, 362835, 600.0))"
i_12_1_10_FR_X,1,12,X,FR,10,BNBL,18.079,-,380927,"((16.83, 19824, 30.001), (16.83, 39580, 60.003), (16.83, 59306, 90.004), (16.83, 77450, 120.016), (17.44, 94498, 150.018), (17.44, 113362, 180.02), (17.44, 132108, 210.03), (18.079, 149374, 240.036), (18.079, 167688, 270.046), (18.079, 186530, 300.057), (18.079, 206618, 330.057), (18.079, 227370, 360.057), (18.079, 246346, 390.058), (18.079, 264404, 420.058), (18.079, 283604, 450.059), (18.079, 303611, 480.06), (18.079, 321691, 510.062), (18.079, 339777, 540.062), (18.079, 359943, 570.064), (18.079, 380927, 600.001))"
i_15_1_7_MT_X,1,15,X,MT,7,BFS,2.906,4.799,11074,"((2.906, 11074, 4.799),)"
i_15_1_7_MT_X,1,15,X,MT,7,BNBL,2.906,6.298,11074,"((2.906, 11074, 6.298),)"
i_15_1_4_FR_X,1,15,X,FR,4,BFS,10.871,0.12,138,"((10.871, 138, 0.12),)"
i_15_1_7_MT_X,1,15,X,MT,7,ASTAR,2.906,6.152,11074,"((2.906, 11074, 6.152),)"
i_15_1_7_MT_X,1,15,X,MT,7,GBNB,2.906,6.282,11074,"((2.906, 11074, 6.282),)"
i_15_1_4_FR_X,1,15,X,FR,4,BNBL,10.871,0.139,138,"((10.871, 138, 0.139),)"
i_15_1_4_FR_X,1,15,X,FR,4,GBNB,10.871,0.139,138,"((10.871, 138, 0.139),)"
i_15_1_4_FR_X,1,15,X,FR,4,ASTAR,10.871,0.141,138,"((10.871, 138, 0.141),)"
i_15_1_6_FR_X,1,15,X,FR,6,BFS,12.369,47.364,46194,"((12.369, 28992, 30.0), (12.369, 46194, 47.364))"
i_15_1_6_FR_X,1,15,X,FR,6,GBNB,12.369,51.616,46194,"((12.369, 26281, 30.001), (12.369, 46194, 51.616))"
i_15_1_6_FR_X,1,15,X,FR,6,BNBL,12.369,51.829,46194,"((12.369, 26606, 30.001), (12.369, 46194, 51.829))"
i_15_1_8_FR_X,1,15,X,FR,8,BFS,10.046,10.477,13746,"((10.046, 13746, 10.477),)"
i_15_1_8_FR_X,1,15,X,FR,8,BNBL,10.046,12.925,13746,"((10.046, 13746, 12.925),)"
i_15_1_8_FR_X,1,15,X,FR,8,GBNB,10.046,12.941,13746,"((10.046, 13746, 12.941),)"
i_15_1_8_FR_X,1,15,X,FR,8,ASTAR,10.046,12.953,13746,"((10.046, 13746, 12.953),)"
i_15_1_6_FR_X,1,15,X,FR,6,ASTAR,12.369,50.967,46194,"((12.369, 26554, 30.001), (12.369, 46194, 50.967))"
i_15_1_6_MT_X,1,15,X,MT,6,GBNB,2.879,35.293,61462,"((2.879, 52314, 30.003), (2.879, 61462, 35.293))"
i_15_1_6_MT_X,1,15,X,MT,6,BNBL,2.879,46.246,80260,"((2.879, 52650, 30.0), (2.879, 80260, 46.246))"
i_15_1_6_MT_X,1,15,X,MT,6,BFS,2.879,89.92,200946,"((2.781, 69008, 30.002), (2.879, 134610, 60.003), (2.879, 200946, 89.92))"
i_15_1_6_MT_X,1,15,X,MT,6,ASTAR,2.879,35.35,61462,"((2.879, 52250, 30.002), (2.879, 61462, 35.35))"
i_12_1_10_FR_X,1,12,X,FR,10,ASTAR,18.079,-,342960,"((18.014, 16703, 30.01), (18.079, 33103, 60.011), (18.079, 50774, 90.012), (18.079, 67450, 120.012), (18.079, 83567, 150.014), (18.079, 100063, 180.021), (18.079, 118510, 210.033), (18.079, 137730, 240.038), (18.079, 156080, 270.039), (18.079, 173566, 300.04), (18.079, 187269, 330.04), (18.079, 202667, 360.04), (18.079, 217124, 390.051), (18.079, 231967, 420.052), (18.079, 248849, 450.054), (18.079, 267484, 480.055), (18.079, 284342, 510.055), (18.079, 304637, 540.056), (18.079, 325169, 570.057), (18.079, 342960, 600.001))"
i_16_1_9_MT_X,1,16,X,MT,9,BFS,2.966,-,1206346,"((2.896, 61804, 30.0), (2.937, 121558, 60.002), (2.937, 183374, 90.006), (2.937, 244228, 120.008), (2.937, 304458, 150.01), (2.937, 364432, 180.014), (2.937, 428422, 210.017), (2.937, 487708, 240.022), (2.937, 550994, 270.024), (2.937, 609182, 300.027), (2.937, 671434, 330.028), (2.966, 725110, 360.029), (2.966, 787114, 390.029), (2.966, 846970, 420.033), (2.966, 899654, 450.035), (2.966, 961646, 480.039), (2.966, 1025282, 510.042), (2.966, 1079350, 540.045), (2.966, 1143130, 570.047), (2.966, 1206346, 600.001))"
i_16_1_9_MT_X,1,16,X,MT,9,BNBL,2.966,-,923290,"((2.896, 49818, 30.003), (2.937, 97106, 60.009), (2.937, 145040, 90.011), (2.937, 191626, 120.016), (2.937, 240214, 150.017), (2.937, 288638, 180.496), (2.937, 338092, 210.499), (2.937, 384514, 240.499), (2.937, 434810, 270.502), (2.937, 481474, 300.504), (2.937, 530804, 330.506), (2.937, 574676, 360.512), (2.937, 621426, 390.514), (2.937, 666564, 420.516), (2.951, 706886, 450.517), (2.966, 751154, 480.523), (2.966, 796702, 510.525), (2.966, 840202, 540.53), (2.966, 879004, 570.533), (2.966, 923290, 600.003))"
i_16_1_9_MT_X,1,16,X,MT,9,GBNB,2.991,-,840380,"((2.977, 42572, 30.004), (2.977, 85194, 60.006), (2.991, 126214, 90.009), (2.991, 166490, 120.872), (2.991, 208446, 151.188), (2.991, 252242, 181.194), (2.991, 295172, 211.2), (2.991, 335088, 241.201), (2.991, 376052, 271.205), (2.991, 413706, 301.207), (2.991, 456130, 331.207), (2.991, 500718, 361.208), (2.991, 541844, 391.211), (2.991, 586050, 421.212), (2.991, 626106, 451.217), (2.991, 670258, 481.22), (2.991, 714378, 511.224), (2.991, 759278, 541.225), (2.991, 798552, 571.227), (2.991, 840380, 600.0))"
i_16_2_5_SC_X,2,16,X,SC,5,BNBL,8.0,59.808,66068,"((8.0, 34248, 30.021), (8.0, 66068, 59.808))"
i_16_2_5_SC_X,2,16,X,SC,5,GBNB,8.0,12.103,13440,"((8.0, 13440, 12.103),)"
i_16_2_5_SC_X,2,16,X,SC,5,ASTAR,8.0,12.108,13664,"((8.0, 13664, 12.108),)"
i_16_1_9_MT_X,1,16,X,MT,9,ASTAR,2.991,-,844450,"((2.977, 41626, 30.006), (2.977, 83626, 60.008), (2.991, 123706, 90.013), (2.991, 165334, 120.017), (2.991, 204994, 150.02), (2.991, 246770, 180.021), (2.991, 289946, 210.026), (2.991, 333436, 240.03), (2.991, 378132, 270.032), (2.991, 419236, 300.034), (2.991, 460492, 330.034), (2.991, 502376, 360.06), (2.991, 547564, 390.062), (2.991, 591744, 420.065), (2.991, 632216, 450.066), (2.991, 675672, 480.068), (2.991, 719458, 510.071), (2.991, 763414, 540.075), (2.991, 802394, 570.079), (2.991, 844450, 600.005))"
i_16_2_5_SC_X,2,16,X,SC,5,BFS,7.0,-,986692,"((6.0, 51316, 30.011), (6.0, 102252, 60.044), (6.0, 151796, 90.067), (6.0, 198932, 120.078), (6.0, 248688, 150.11), (6.0, 296996, 180.139), (6.0, 348020, 210.168), (6.0, 399576, 240.196), (6.0, 448464, 270.233), (7.0, 498560, 300.266), (7.0, 545444, 330.303), (7.0, 598516, 360.306), (7.0, 644440, 390.335), (7.0, 693876, 420.359), (7.0, 743124, 450.384), (7.0, 787988, 480.421), (7.0, 839672, 510.439), (7.0, 890868, 540.443), (7.0, 941348, 570.468), (7.0, 986692, 600.015))"
i_16_1_10_FR_X,1,16,X,FR,10,BFS,16.453,-,533382,"((16.438, 28422, 30.001), (16.438, 56296, 60.005), (16.438, 83268, 90.009), (16.438, 107382, 120.016), (16.453, 134646, 150.023), (16.453, 161266, 180.025), (16.453, 186652, 210.027), (16.453, 213470, 240.036), (16.453, 242262, 270.042), (16.453, 269734, 300.044), (16.453, 294958, 330.046), (16.453, 319890, 360.051), (16.453, 347930, 390.054), (16.453, 372962, 420.061), (16.453, 398984, 450.073), (16.453, 427412, 480.076), (16.453, 455950, 510.082), (16.453, 480314, 540.09), (16.453, 505730, 570.095), (16.453, 533382, 600.007))"
i_16_1_10_FR_X,1,16,X,FR,10,GBNB,13.749,-,342319,"((13.702, 15611, 30.0), (13.748, 31574, 60.003), (13.748, 48386, 90.003), (13.749, 65161, 120.018), (13.749, 82698, 150.018), (13.749, 100559, 180.019), (13.749, 119039, 210.025), (13.749, 136390, 240.025), (13.749, 152641, 270.025), (13.749, 169875, 300.035), (13.749, 187109, 330.055), (13.749, 202401, 360.055), (13.749, 218859, 390.058), (13.749, 236630, 420.06), (13.749, 253068, 450.067), (13.749, 271365, 480.07), (13.749, 290505, 510.074), (13.749, 308167, 540.075), (13.749, 325927, 570.076), (13.749, 342319, 600.01))"
i_16_1_10_FR_X,1,16,X,FR,10,BNBL,16.453,-,447862,"((16.438, 23676, 30.008), (16.438, 46922, 60.01), (16.438, 70142, 90.012), (16.438, 91510, 120.014), (16.438, 112200, 150.023), (16.453, 135070, 180.028), (16.453, 157690, 210.032), (16.453, 177982, 240.04), (16.453, 200798, 270.043), (16.453, 224030, 300.053), (16.453, 247710, 330.058), (16.453, 270474, 360.059), (16.453, 291836, 390.068), (16.453, 311854, 420.076), (16.453, 334902, 450.086), (16.453, 357114, 480.09), (16.453, 378746, 510.094), (16.453, 400516, 540.095), (16.453, 424304, 570.102), (16.453, 447862, 600.003))"
i_16_1_3_FR_X,1,16,X,FR,3,BFS,12.209,0.378,394,"((12.209, 394, 0.378),)"
i_16_1_3_FR_X,1,16,X,FR,3,BNBL,12.209,0.453,394,"((12.209, 394, 0.453),)"
i_16_1_3_FR_X,1,16,X,FR,3,GBNB,12.209,0.446,394,"((12.209, 394, 0.446),)"
i_16_1_3_FR_X,1,16,X,FR,3,ASTAR,12.209,0.454,394,"((12.209, 394, 0.454),)"
i_16_1_6_MT_X,1,16,X,MT,6,BFS,2.879,22.406,49722,"((2.879, 49722, 22.406),)"
i_16_1_6_MT_X,1,16,X,MT,6,BNBL,2.879,28.312,49722,"((2.879, 49722, 28.312),)"
i_16_1_6_MT_X,1,16,X,MT,6,GBNB,2.879,28.431,49722,"((2.879, 49722, 28.431),)"
i_16_1_5_MT_X,1,16,X,MT,5,BFS,2.781,2.731,5994,"((2.781, 5994, 2.731),)"
i_16_1_5_MT_X,1,16,X,MT,5,BNBL,2.781,3.495,5994,"((2.781, 5994, 3.495),)"
i_16_1_5_MT_X,1,16,X,MT,5,GBNB,2.781,3.513,5994,"((2.781, 5994, 3.513),)"
i_16_1_5_MT_X,1,16,X,MT,5,ASTAR,2.781,3.519,5994,"((2.781, 5994, 3.519),)"
i_16_1_6_MT_X,1,16,X,MT,6,ASTAR,2.879,28.793,49722,"((2.879, 49722, 28.793),)"
i_16_1_8_FR_X,1,16,X,FR,8,BFS,15.567,16.283,14394,"((15.567, 14394, 16.283),)"
i_16_1_8_FR_X,1,16,X,FR,8,GBNB,15.567,18.772,12586,"((15.567, 12586, 18.772),)"
i_16_1_8_FR_X,1,16,X,FR,8,BNBL,15.567,19.421,14394,"((15.567, 14394, 19.421),)"
i_17_1_9_AG05_X,1,17,X,AG05,9,BNBL,7.0,0.82,1042,"((7.0, 1042, 0.82),)"
i_16_1_8_FR_X,1,16,X,FR,8,ASTAR,15.567,17.7,12586,"((15.567, 12586, 17.7),)"
i_17_1_9_AG05_X,1,17,X,AG05,9,GBNB,7.0,0.353,442,"((7.0, 442, 0.353),)"
i_17_1_9_AG05_X,1,17,X,AG05,9,ASTAR,7.0,0.35,442,"((7.0, 442, 0.35),)"
i_17_1_9_AG001_X,1,17,X,AG001,9,BNBL,3.0,83.832,44694,"((3.0, 17280, 30.012), (3.0, 32658, 60.012), (3.0, 44694, 83.832))"
i_17_1_9_AG001_X,1,17,X,AG001,9,ASTAR,3.0,4.998,2598,"((3.0, 2598, 4.998),)"
i_17_1_9_AG01_X,1,17,X,AG01,9,BNBL,3.0,31.239,44694,"((3.0, 43374, 30.0), (3.0, 44694, 31.239))"
i_18_1_6_MT_X,1,18,X,MT,6,BFS,0.75,0.613,1394,"((0.75, 1394, 0.613),)"
i_17_1_9_AG01_X,1,17,X,AG01,9,ASTAR,3.0,1.8,2598,"((3.0, 2598, 1.8),)"
i_18_1_6_MT_X,1,18,X,MT,6,BNBL,0.75,0.783,1394,"((0.75, 1394, 0.783),)"
i_18_1_6_MT_X,1,18,X,MT,6,ASTAR,0.75,0.784,1394,"((0.75, 1394, 0.784),)"
i_18_1_6_MT_X,1,18,X,MT,6,GBNB,0.75,0.787,1394,"((0.75, 1394, 0.787),)"
i_20_1_7_MT_X,1,20,X,MT,7,GBNB,3.75,2.446,3692,"((3.75, 3692, 2.446),)"
i_20_1_7_MT_X,1,20,X,MT,7,BNBL,3.75,5.23,8005,"((3.75, 8005, 5.23),)"
i_20_1_7_MT_X,1,20,X,MT,7,BFS,3.75,5.952,11658,"((3.75, 11658, 5.952),)"
i_20_1_7_MT_X,1,20,X,MT,7,ASTAR,3.75,2.451,3692,"((3.75, 3692, 2.451),)"
i_17_1_9_AG01_X,1,17,X,AG01,9,GBNB,3.0,81.878,104354,"((3.0, 37254, 30.003), (3.0, 75502, 60.006), (3.0, 104354, 81.878))"
i_17_1_9_AG001_X,1,17,X,AG001,9,GBNB,3.0,192.23,104354,"((3.0, 16408, 30.009), (3.0, 32770, 60.012), (3.0, 48908, 90.016), (3.0, 65108, 120.02), (3.0, 81472, 150.021), (3.0, 98054, 180.025), (3.0, 104354, 192.23))"
i_20_1_9_FR_X,1,20,X,FR,9,BFS,12.175,121.271,121290,"((12.175, 29128, 30.001), (12.175, 59778, 60.001), (12.175, 90359, 90.002), (12.175, 119991, 120.003), (12.175, 121290, 121.271))"
i_20_1_9_FR_X,1,20,X,FR,9,BNBL,12.175,149.158,121290,"((12.049, 22338, 30.004), (12.175, 46566, 60.004), (12.175, 71434, 90.004), (12.175, 96640, 120.005), (12.175, 121290, 149.158))"
i_20_1_4_MT_X,1,20,X,MT,4,BFS,2.781,1.587,3210,"((2.781, 3210, 1.587),)"
i_20_1_9_FR_X,1,20,X,FR,9,GBNB,12.175,144.762,121290,"((12.049, 23530, 30.0), (12.049, 48994, 60.001), (12.049, 72845, 90.002), (12.049, 99583, 120.011), (12.175, 121290, 144.762))"
i_20_1_4_MT_X,1,20,X,MT,4,BNBL,2.781,2.024,3210,"((2.781, 3210, 2.024),)"
i_20_1_4_MT_X,1,20,X,MT,4,GBNB,2.781,2.033,3210,"((2.781, 3210, 2.033),)"
i_20_1_4_MT_X,1,20,X,MT,4,ASTAR,2.781,2.045,3210,"((2.781, 3210, 2.045),)"
i_20_1_9_FR_X,1,20,X,FR,9,ASTAR,12.175,145.323,121290,"((12.049, 23507, 30.001), (12.049, 49681, 60.008), (12.049, 75713, 90.008), (12.049, 99313, 120.009), (12.175, 121290, 145.323))"
i_16_1_10_FR_X,1,16,X,FR,10,ASTAR,14.367,-,346559,"((14.364, 16012, 30.001), (14.364, 32076, 60.006), (14.364, 49254, 90.007), (14.364, 68252, 120.008), (14.364, 85453, 150.008), (14.364, 102025, 180.022), (14.364, 117630, 210.022), (14.364, 134385, 240.022), (14.364, 150477, 270.024), (14.364, 166123, 300.025), (14.364, 183793, 330.025), (14.364, 200904, 360.026), (14.367, 218250, 390.027), (14.367, 236228, 420.028), (14.367, 253041, 450.029), (14.367, 269782, 480.029), (14.367, 289118, 510.038), (14.367, 307941, 540.039), (14.367, 328302, 570.047), (14.367, 346559, 600.0))"
i_17_1_9_AG05_X,1,17,X,AG05,9,BFS,7.0,-,1229262,"((6.0, 65820, 30.003), (6.0, 127584, 60.003), (7.0, 184602, 90.006), (7.0, 246324, 120.006), (7.0, 315684, 150.007), (7.0, 379098, 180.007), (7.0, 439404, 210.01), (7.0, 499500, 240.012), (7.0, 562914, 270.014), (7.0, 631386, 300.015), (7.0, 689970, 330.017), (7.0, 752406, 360.017), (7.0, 814344, 390.018), (7.0, 875940, 420.02), (7.0, 936282, 450.02), (7.0, 996870, 480.023), (7.0, 1043640, 510.025), (7.0, 1103790, 540.026), (7.0, 1167618, 570.029), (7.0, 1229262, 600.001))"
i_17_1_9_AG001_X,1,17,X,AG001,9,BFS,3.0,-,380274,"((3.0, 18948, 30.001), (3.0, 37434, 60.007), (3.0, 56850, 90.009), (3.0, 75810, 120.016), (3.0, 94830, 150.02), (3.0, 114282, 180.023), (3.0, 132936, 210.025), (3.0, 152004, 240.034), (3.0, 170748, 270.034), (3.0, 189090, 300.039), (3.0, 207990, 330.048), (3.0, 226236, 360.054), (3.0, 245604, 390.054), (3.0, 265248, 420.059), (3.0, 283980, 450.059), (3.0, 303576, 480.062), (3.0, 323298, 510.063), (3.0, 342732, 540.07), (3.0, 360876, 570.072), (3.0, 380274, 600.006))"
i_17_1_9_AG01_X,1,17,X,AG01,9,BFS,3.0,-,1071858,"((3.0, 56304, 30.001), (3.0, 111822, 60.001), (3.0, 165330, 90.002), (3.0, 218580, 120.003), (3.0, 274512, 150.004), (3.0, 330276, 180.004), (3.0, 384960, 210.007), (3.0, 437214, 240.008), (3.0, 492390, 270.008), (3.0, 545526, 300.009), (3.0, 605016, 330.011), (3.0, 663420, 360.013), (3.0, 714654, 390.014), (3.0, 768528, 420.015), (3.0, 825894, 450.015), (3.0, 876036, 480.016), (3.0, 930810, 510.016), (3.0, 985980, 540.019), (3.0, 1029588, 576.072), (3.0, 1071858, 600.001))"
i_20_1_7_FR_X,1,20,X,FR,7,GBNB,12.73,-,394492,"((11.628, 20006, 30.014), (11.722, 39634, 60.021), (11.722, 59356, 90.023), (11.722, 79756, 120.025), (11.722, 100250, 150.036), (11.722, 120834, 180.049), (11.722, 140584, 210.05), (12.73, 157456, 240.051), (12.73, 175808, 270.058), (12.73, 193948, 300.071), (12.73, 213814, 330.072), (12.73, 233884, 360.077), (12.73, 253208, 390.086), (12.73, 273744, 420.093), (12.73, 293496, 450.093), (12.73, 313476, 480.094), (12.73, 333930, 510.098), (12.73, 354272, 540.109), (12.73, 373474, 570.119), (12.73, 394492, 600.001))"
i_20_1_7_FR_X,1,20,X,FR,7,BNBL,12.226,-,469836,"((11.467, 24480, 30.002), (11.467, 48770, 60.003), (11.467, 72786, 90.005), (11.467, 95498, 120.009), (11.467, 116726, 150.016), (11.467, 141570, 180.017), (11.518, 164616, 210.03), (12.226, 186538, 240.033), (12.226, 210060, 270.046), (12.226, 235220, 300.056), (12.226, 259072, 330.068), (12.226, 283314, 360.07), (12.226, 304742, 390.078), (12.226, 328318, 420.082), (12.226, 353774, 450.087), (12.226, 374674, 480.096), (12.226, 397290, 510.101), (12.226, 422034, 540.108), (12.226, 447006, 570.117), (12.226, 469836, 600.012))"
i_20_1_7_FR_X,1,20,X,FR,7,BFS,12.226,-,562686,"((11.467, 29922, 30.0), (11.467, 58990, 60.002), (11.467, 87006, 90.004), (11.467, 113466, 120.009), (11.518, 143126, 150.019), (11.518, 169948, 180.021), (12.226, 194722, 210.022), (12.226, 224530, 240.024), (12.226, 253426, 270.026), (12.226, 282660, 300.03), (12.226, 307932, 330.042), (12.226, 337558, 360.046), (12.226, 366010, 390.052), (12.226, 390790, 420.061), (12.226, 419942, 450.072), (12.226, 450090, 480.073), (12.226, 477866, 510.077), (12.226, 504984, 540.082), (12.226, 533394, 570.09), (12.226, 562686, 600.004))"
i_20_1_3_MT_X,1,20,X,MT,3,BFS,2.719,0.194,394,"((2.719, 394, 0.194),)"
i_20_1_3_MT_X,1,20,X,MT,3,BNBL,2.719,0.243,394,"((2.719, 394, 0.243),)"
i_20_1_3_MT_X,1,20,X,MT,3,ASTAR,2.719,0.241,394,"((2.719, 394, 0.241),)"
i_20_1_3_MT_X,1,20,X,MT,3,GBNB,2.719,0.241,394,"((2.719, 394, 0.241),)"

