i_30_2_6_MT_X,2,30,X,MT,6,MCTS_V,5.236,-,712952,"((4.732, 39204, 15.016), (4.732, 78198, 30.098), (4.732, 118276, 45.109), (4.899, 154232, 60.931), (4.899, 191174, 75.934), (4.899, 224712, 90.936), (4.899, 257104, 105.939), (4.899, 294230, 120.941), (4.899, 327466, 135.941), (4.899, 364580, 150.942), (4.899, 396794, 165.942), (5.034, 433790, 180.944), (5.034, 470518, 195.946), (5.034, 501376, 210.948), (5.034, 538270, 225.949), (5.034, 575116, 240.95), (5.034, 604066, 255.951), (5.236, 641200, 270.952), (5.236, 678252, 285.953), (5.236, 712952, 300.001))"
i_35_2_6_MT_X,2,35,X,MT,6,MCTS_V,5.688,-,750472,"((5.125, 36708, 15.018), (5.125, 73736, 30.039), (5.281, 112128, 45.067), (5.281, 147700, 60.09), (5.281, 184952, 75.108), (5.281, 222252, 90.232), (5.688, 262788, 105.237), (5.688, 299208, 120.253), (5.688, 339732, 135.265), (5.688, 375008, 150.282), (5.688, 414992, 165.313), (5.688, 448820, 180.328), (5.688, 489056, 195.332), (5.688, 522996, 210.92), (5.688, 563428, 225.938), (5.688, 603668, 240.967), (5.688, 643616, 255.979), (5.688, 673444, 271.0), (5.688, 713152, 286.003), (5.688, 750472, 300.011))"
i_35_2_6_MT_X,2,35,X,MT,6,GBNB,5.867,-,243292,"((5.867, 11930, 15.007), (5.867, 24014, 30.011), (5.867, 36082, 45.015), (5.867, 48334, 60.017), (5.867, 60662, 75.024), (5.867, 72852, 90.03), (5.867, 85526, 105.039), (5.867, 97870, 120.043), (5.867, 110424, 135.05), (5.867, 122348, 150.058), (5.867, 134856, 165.06), (5.867, 146570, 180.06), (5.867, 158840, 195.07), (5.867, 171330, 210.079), (5.867, 182992, 225.081), (5.867, 195440, 240.084), (5.867, 208054, 255.087), (5.867, 218604, 270.797), (5.867, 231270, 285.802), (5.867, 243292, 300.002))"
i_35_2_6_MT_X,2,35,X,MT,6,BNB,5.75,-,317188,"((4.5, 16548, 15.013), (4.5, 33044, 30.044), (4.828, 49404, 45.114), (4.828, 65364, 60.145), (4.828, 81252, 75.198), (5.75, 97524, 90.211), (5.75, 113500, 105.23), (5.75, 129364, 120.274), (5.75, 146004, 135.321), (5.75, 161636, 150.336), (5.75, 177988, 165.345), (5.75, 193332, 180.356), (5.75, 209412, 195.375), (5.75, 225508, 210.443), (5.75, 240748, 225.458), (5.75, 257348, 240.465), (5.75, 274028, 255.54), (5.75, 290012, 270.632), (5.75, 301428, 285.641), (5.75, 317188, 300.008))"
i_35_2_6_MT_X,2,35,X,MT,6,BNBL,5.75,-,283828,"((4.5, 14604, 15.022), (4.5, 28980, 30.03), (4.5, 43124, 45.066), (4.828, 57524, 60.111), (4.828, 72060, 75.143), (4.828, 86308, 90.158), (5.75, 100276, 105.181), (5.75, 114884, 120.202), (5.75, 128980, 135.23), (5.75, 143540, 150.277), (5.75, 157300, 165.333), (5.75, 171576, 180.43), (5.75, 186100, 195.445), (5.75, 199588, 210.509), (5.75, 213636, 225.518), (5.75, 228020, 240.58), (5.75, 241204, 255.59), (5.75, 255652, 270.639), (5.75, 270196, 285.7), (5.75, 283828, 300.017))"
i_30_2_6_MT_X,2,30,X,MT,6,GBNB,4.721,-,256732,"((4.721, 12636, 15.011), (4.721, 25580, 30.02), (4.721, 38800, 45.027), (4.721, 51494, 60.034), (4.721, 64188, 75.042), (4.721, 77312, 90.046), (4.721, 90332, 105.046), (4.721, 103388, 120.054), (4.721, 116392, 135.058), (4.721, 128882, 150.06), (4.721, 141884, 165.068), (4.721, 153810, 180.069), (4.721, 166474, 195.077), (4.721, 179446, 210.081), (4.721, 191620, 225.091), (4.721, 204780, 240.097), (4.721, 218094, 255.1), (4.721, 231520, 270.109), (4.721, 243672, 285.118), (4.721, 256732, 300.006))"
i_42_2_9_FR_X,2,42,X,FR,9,GBNB,31.471,-,88997,"((28.679, 4263, 15.003), (31.471, 8492, 30.005), (31.471, 12902, 45.007), (31.471, 17375, 60.008), (31.471, 21738, 75.011), (31.471, 26079, 90.012), (31.471, 30423, 105.015), (31.471, 34894, 120.016), (31.471, 39287, 135.017), (31.471, 43753, 150.02), (31.471, 48026, 165.044), (31.471, 52525, 180.047), (31.471, 56767, 195.049), (31.471, 61288, 210.07), (31.471, 65938, 225.07), (31.471, 70711, 240.073), (31.471, 75241, 255.076), (31.471, 79899, 270.078), (31.471, 84525, 285.079), (31.471, 88997, 300.001))"
i_30_2_6_MT_X,2,30,X,MT,6,BNBL,4.812,-,295174,"((3.406, 15124, 15.058), (3.406, 29968, 30.093), (4.812, 44548, 45.119), (4.812, 59292, 60.168), (4.812, 74004, 75.188), (4.812, 88500, 90.196), (4.812, 103204, 105.435), (4.812, 118236, 120.442), (4.812, 132860, 135.443), (4.812, 148124, 150.446), (4.812, 162452, 165.451), (4.812, 177444, 180.452), (4.812, 192486, 195.455), (4.812, 206464, 210.458), (4.812, 221524, 225.458), (4.812, 236604, 240.463), (4.812, 251930, 255.467), (4.812, 265846, 270.473), (4.812, 280756, 285.478), (4.812, 295174, 300.0))"
i_42_2_9_FR_X,2,42,X,FR,9,BFS,23.719,-,143604,"((16.811, 7476, 15.078), (18.647, 14772, 30.082), (18.647, 22260, 45.15), (18.647, 29644, 60.18), (18.647, 36996, 75.233), (23.719, 43860, 90.32), (23.719, 50676, 105.359), (23.719, 57828, 120.361), (23.719, 65204, 135.4), (23.719, 72120, 150.453), (23.719, 79492, 165.476), (23.719, 86436, 180.513), (23.719, 93124, 195.693), (23.719, 100388, 210.817), (23.719, 107732, 225.888), (23.719, 114708, 240.914), (23.719, 122180, 255.975), (23.719, 129364, 270.98), (23.719, 136964, 286.079), (23.719, 143604, 300.063))"
i_30_2_6_MT_X,2,30,X,MT,6,BFS,4.812,-,387740,"((3.406, 19428, 15.005), (3.656, 38644, 30.041), (4.812, 57076, 45.042), (4.812, 75996, 60.052), (4.812, 94484, 75.097), (4.812, 113220, 90.112), (4.812, 132274, 105.116), (4.812, 152812, 120.116), (4.812, 171944, 135.119), (4.812, 192404, 150.121), (4.812, 211234, 165.122), (4.812, 231580, 180.126), (4.812, 251980, 195.127), (4.812, 270378, 210.127), (4.812, 289872, 225.131), (4.812, 309764, 240.135), (4.812, 327580, 255.14), (4.812, 347788, 270.142), (4.812, 367804, 285.144), (4.812, 387740, 300.0))"
i_30_2_6_MT_X,2,30,X,MT,6,BNB,4.812,-,336516,"((3.406, 16948, 15.033), (3.406, 33652, 30.071), (4.812, 50044, 45.085), (4.812, 66564, 60.108), (4.812, 83252, 75.165), (4.812, 100164, 90.21), (4.812, 116788, 105.216), (4.812, 133604, 120.219), (4.812, 151016, 135.221), (4.812, 167252, 150.228), (4.812, 184564, 165.228), (4.812, 201940, 180.232), (4.812, 218140, 195.235), (4.812, 235692, 210.241), (4.812, 253268, 225.245), (4.812, 269420, 240.245), (4.812, 286806, 255.248), (4.812, 304372, 270.253), (4.812, 319764, 285.256), (4.812, 336516, 300.001))"
i_31_1_16_AG01_X,1,31,X,AG01,16,MCTS_V,10.0,-,263904,"((8.0, 11988, 15.004), (9.0, 24624, 30.006), (9.0, 37212, 45.01), (9.0, 50058, 60.015), (9.0, 63144, 75.021), (9.0, 76302, 90.023), (9.0, 89982, 105.028), (9.0, 103218, 120.029), (9.0, 116388, 135.031), (9.0, 130122, 150.033), (9.0, 143832, 165.037), (10.0, 156822, 180.042), (10.0, 170544, 195.048), (10.0, 183360, 210.049), (10.0, 197010, 225.053), (10.0, 210660, 240.056), (10.0, 224160, 255.062), (10.0, 236634, 270.068), (10.0, 250260, 285.07), (10.0, 263904, 300.006))"
i_42_2_9_FR_X,2,42,X,FR,9,MCTS_V,26.76,-,400300,"((21.523, 20600, 15.002), (21.523, 41324, 30.009), (21.993, 61668, 45.035), (21.993, 82192, 60.051), (23.494, 102500, 75.078), (23.494, 122888, 90.096), (23.494, 142972, 105.136), (26.76, 164104, 120.158), (26.76, 183956, 135.198), (26.76, 204628, 151.014), (26.76, 226004, 166.02), (26.76, 247452, 181.051), (26.76, 266616, 196.08), (26.76, 287532, 211.085), (26.76, 307692, 226.093), (26.76, 325328, 241.117), (26.76, 346172, 256.178), (26.76, 367376, 271.223), (26.76, 386644, 290.541), (26.76, 400300, 300.043))"
i_42_2_9_FR_X,2,42,X,FR,9,BNB,23.719,-,126916,"((16.209, 6676, 15.05), (18.647, 12820, 30.088), (18.647, 19080, 45.092), (18.647, 25268, 60.125), (18.647, 31508, 75.21), (18.647, 37876, 90.248), (23.719, 44020, 105.327), (23.719, 49684, 120.464), (23.719, 56148, 135.547), (23.719, 62708, 150.645), (23.719, 69236, 165.693), (23.719, 75636, 180.74), (23.719, 82260, 195.79), (23.719, 88500, 210.94), (23.719, 94548, 226.035), (23.719, 101156, 241.076), (23.719, 107732, 256.083), (23.719, 114040, 271.185), (23.719, 120692, 286.2), (23.719, 126916, 300.058))"
i_42_2_9_FR_X,2,42,X,FR,9,BNBL,23.719,-,120764,"((16.209, 6604, 15.128), (18.647, 12828, 30.139), (18.647, 19180, 45.244), (18.647, 25516, 60.337), (18.647, 31692, 75.415), (23.719, 37452, 90.54), (23.719, 43340, 105.613), (23.719, 49108, 120.779), (23.719, 55436, 135.937), (23.719, 61356, 150.945), (23.719, 67388, 166.127), (23.719, 73372, 181.137), (23.719, 79212, 196.306), (23.719, 85116, 211.385), (23.719, 90748, 226.493), (23.719, 97084, 241.558), (23.719, 103100, 256.67), (23.719, 109216, 271.721), (23.719, 115276, 286.763), (23.719, 120764, 300.115))"
i_31_1_16_AG01_X,1,31,X,AG01,16,BFS,7.0,-,401664,"((5.0, 20322, 15.001), (6.0, 39714, 30.003), (6.0, 60642, 45.007), (6.0, 80598, 60.009), (6.0, 101334, 75.012), (6.0, 121200, 90.014), (6.0, 141960, 105.018), (6.0, 161214, 120.022), (7.0, 178584, 135.025), (7.0, 198654, 150.029), (7.0, 218214, 165.03), (7.0, 236772, 180.031), (7.0, 258414, 195.032), (7.0, 277854, 210.033), (7.0, 299328, 225.034), (7.0, 321462, 240.034), (7.0, 342408, 255.035), (7.0, 359586, 270.037), (7.0, 380952, 285.038), (7.0, 401664, 300.002))"
i_71_1_36_AG01_X,1,71,X,AG01,36,BFS,7.0,-,221514,"((5.0, 11820, 15.001), (5.0, 23148, 30.008), (6.0, 34008, 45.016), (6.0, 45528, 60.019), (6.0, 57516, 75.025), (6.0, 69258, 90.031), (6.0, 80010, 105.034), (6.0, 91350, 120.036), (6.0, 103704, 135.037), (6.0, 114888, 150.042), (6.0, 126090, 165.05), (6.0, 137004, 180.05), (6.0, 149394, 195.056), (6.0, 160092, 210.061), (7.0, 169434, 225.068), (7.0, 179616, 240.069), (7.0, 190788, 255.077), (7.0, 201600, 270.083), (7.0, 211374, 285.087), (7.0, 221514, 300.003))"
i_71_1_36_AG01_X,1,71,X,AG01,36,BNB,22.0,-,86202,"((9.0, 7284, 15.005), (11.0, 13200, 30.006), (13.0, 18540, 45.022), (14.0, 23592, 60.031), (15.0, 28266, 75.037), (16.0, 32754, 90.056), (16.0, 37002, 105.068), (17.0, 41274, 120.096), (17.0, 45354, 135.167), (18.0, 49380, 150.169), (18.0, 53382, 165.169), (19.0, 57234, 180.178), (19.0, 61062, 195.193), (20.0, 64800, 210.195), (20.0, 68466, 225.209), (20.0, 72108, 240.223), (21.0, 75636, 255.229), (21.0, 79254, 270.236), (21.0, 82722, 285.244), (22.0, 86202, 300.021))"
i_71_1_36_AG01_X,1,71,X,AG01,36,GBNB,26.0,-,45474,"((26.0, 2430, 15.035), (26.0, 4746, 30.053), (26.0, 7056, 45.088), (26.0, 9360, 60.12), (26.0, 11688, 75.132), (26.0, 14028, 90.138), (26.0, 16350, 105.17), (26.0, 18678, 120.175), (26.0, 20958, 135.201), (26.0, 23148, 150.242), (26.0, 25386, 165.328), (26.0, 27642, 180.358), (26.0, 29892, 195.375), (26.0, 32106, 210.397), (26.0, 34362, 225.431), (26.0, 36624, 240.448), (26.0, 38808, 255.479), (26.0, 41130, 270.514), (26.0, 43392, 285.522), (26.0, 45474, 300.021))"
i_71_1_36_AG01_X,1,71,X,AG01,36,MCTS_V,14.0,-,62910,"((12.0, 3054, 15.028), (12.0, 6132, 30.041), (13.0, 9258, 45.069), (13.0, 12408, 60.085), (13.0, 15546, 75.089), (13.0, 18702, 90.097), (13.0, 21828, 105.1), (13.0, 24984, 120.121), (13.0, 28080, 135.127), (13.0, 31248, 150.151), (13.0, 34428, 165.167), (14.0, 37524, 180.187), (14.0, 40674, 195.211), (14.0, 43872, 210.231), (14.0, 46968, 225.232), (14.0, 50178, 240.257), (14.0, 53394, 255.265), (14.0, 56532, 270.278), (14.0, 59718, 285.28), (14.0, 62910, 300.02))"
i_35_2_6_MT_X,2,35,X,MT,6,BFS,5.75,-,366300,"((4.5, 18980, 15.008), (4.5, 37940, 30.035), (4.828, 56100, 45.063), (4.828, 74996, 60.08), (5.75, 93124, 75.145), (5.75, 111348, 90.153), (5.75, 129732, 105.158), (5.75, 148820, 120.165), (5.75, 166608, 135.213), (5.75, 185580, 150.257), (5.75, 202548, 165.345), (5.75, 220428, 180.356), (5.75, 237572, 195.373), (5.75, 256468, 210.404), (5.75, 275364, 225.441), (5.75, 293844, 240.462), (5.75, 310852, 255.467), (5.75, 329492, 270.516), (5.75, 348404, 285.539), (5.75, 366300, 301.505))"
i_71_1_36_AG01_X,1,71,X,AG01,36,BNBL,26.0,-,57696,"((26.0, 4110, 15.022), (26.0, 7026, 30.034), (26.0, 9912, 45.057), (26.0, 12762, 60.077), (26.0, 15624, 75.102), (26.0, 18486, 90.129), (26.0, 21306, 105.132), (26.0, 24138, 120.145), (26.0, 26934, 135.154), (26.0, 29748, 150.177), (26.0, 32598, 165.182), (26.0, 35358, 180.189), (26.0, 38172, 195.203), (26.0, 40974, 210.217), (26.0, 43758, 225.247), (26.0, 46572, 240.441), (26.0, 49428, 255.463), (26.0, 52230, 270.467), (26.0, 55062, 285.485), (26.0, 57696, 301.783))"
i_71_1_36_AG001_X,1,71,X,AG001,36,GBNB,35.0,4.988,662,"((35.0, 662, 4.988),)"
i_30_2_4_FR_X,2,30,X,FR,4,BNBL,17.076,8.267,4764,"((17.076, 4764, 8.267),)"
i_30_2_4_FR_X,2,30,X,FR,4,BFS,17.076,8.419,5844,"((17.076, 5844, 8.419),)"
i_30_2_4_FR_X,2,30,X,FR,4,GBNB,17.076,8.429,4764,"((17.076, 4764, 8.429),)"
i_30_2_4_FR_X,2,30,X,FR,4,BNB,17.076,15.791,5844,"((17.076, 5593, 15.003), (17.076, 5844, 15.791))"
i_31_1_16_AG001_X,1,31,X,AG001,16,GBNB,12.0,68.85,12604,"((12.0, 4236, 15.001), (12.0, 7038, 30.022), (12.0, 9346, 45.044), (12.0, 11380, 60.081), (12.0, 12604, 68.85))"
i_71_1_36_AG001_X,1,71,X,AG001,36,BNBL,35.0,107.109,7790,"((18.0, 2010, 15.038), (22.0, 3084, 30.148), (25.0, 3816, 45.242), (27.0, 4518, 60.256), (30.0, 5532, 75.276), (33.0, 6618, 90.294), (35.0, 7668, 105.317), (35.0, 7790, 107.109))"
i_31_1_16_AG001_X,1,31,X,AG001,16,BNBL,12.0,203.364,44344,"((12.0, 4410, 15.007), (12.0, 7254, 30.042), (12.0, 9378, 45.08), (12.0, 11448, 60.091), (12.0, 14358, 75.104), (12.0, 17148, 90.108), (12.0, 19194, 105.151), (12.0, 22314, 120.158), (12.0, 26280, 135.174), (12.0, 30300, 150.191), (12.0, 34272, 165.21), (12.0, 38298, 180.219), (12.0, 42208, 195.22), (12.0, 44344, 203.364))"
i_31_1_16_AG01_X,1,31,X,AG01,16,GBNB,10.0,-,137610,"((10.0, 9268, 15.0), (10.0, 15604, 30.017), (10.0, 20594, 45.024), (10.0, 25766, 60.038), (10.0, 30986, 75.054), (10.0, 36230, 90.064), (10.0, 41546, 105.073), (10.0, 50822, 120.078), (10.0, 60242, 135.081), (10.0, 69554, 150.088), (10.0, 78084, 165.331), (10.0, 83388, 180.34), (10.0, 88656, 195.343), (10.0, 95472, 210.859), (10.0, 105306, 225.859), (10.0, 114582, 240.859), (10.0, 119772, 255.863), (10.0, 125244, 270.867), (10.0, 130056, 285.87), (10.0, 137610, 300.005))"
i_31_1_16_AG01_X,1,31,X,AG01,16,BNB,10.0,-,161316,"((10.0, 12672, 15.006), (10.0, 23592, 30.014), (10.0, 33114, 45.022), (10.0, 38874, 60.03), (10.0, 46614, 75.033), (10.0, 52566, 90.043), (10.0, 58188, 105.047), (10.0, 64098, 120.052), (10.0, 69648, 135.054), (10.0, 75516, 150.057), (10.0, 82938, 165.061), (10.0, 90792, 180.075), (10.0, 96384, 195.087), (10.0, 101784, 212.304), (10.0, 112122, 227.306), (10.0, 122616, 242.306), (10.0, 132462, 257.313), (10.0, 142956, 272.32), (10.0, 152502, 287.323), (10.0, 161316, 300.004))"
i_42_2_12_FR_X,2,42,X,FR,12,BFS,26.498,-,117140,"((22.625, 8984, 15.011), (22.625, 17588, 30.082), (22.625, 24060, 45.121), (22.625, 32468, 60.213), (22.625, 40536, 75.279), (22.625, 48380, 90.32), (22.625, 55060, 105.344), (22.625, 59512, 120.432), (22.625, 64052, 135.639), (22.625, 68660, 150.734), (22.625, 74004, 165.849), (22.625, 78600, 180.879), (22.625, 82932, 195.896), (22.625, 87188, 211.093), (24.057, 91384, 226.153), (26.498, 95300, 241.255), (26.498, 99876, 256.305), (26.498, 108452, 271.387), (26.498, 113500, 286.693), (26.498, 117140, 300.009))"
i_42_2_12_FR_X,2,42,X,FR,12,MCTS_V,28.163,-,320900,"((28.163, 20508, 15.01), (28.163, 34264, 30.026), (28.163, 50832, 45.029), (28.163, 70176, 60.071), (28.163, 90092, 75.096), (28.163, 103468, 90.183), (28.163, 113752, 105.215), (28.163, 131888, 120.252), (28.163, 152752, 135.318), (28.163, 166092, 150.325), (28.163, 186396, 165.347), (28.163, 205284, 180.361), (28.163, 226036, 195.376), (28.163, 246832, 210.377), (28.163, 265372, 225.42), (28.163, 278408, 240.502), (28.163, 289568, 255.553), (28.163, 300836, 270.591), (28.163, 309844, 285.612), (28.163, 320900, 300.02))"
i_42_2_12_FR_X,2,42,X,FR,12,GBNB,25.218,-,52559,"((25.218, 3650, 15.028), (25.218, 7023, 30.03), (25.218, 9292, 45.038), (25.218, 10972, 60.083), (25.218, 12685, 75.157), (25.218, 14393, 90.161), (25.218, 16134, 105.21), (25.218, 17889, 120.211), (25.218, 19643, 135.215), (25.218, 21378, 150.233), (25.218, 23525, 165.235), (25.218, 26816, 180.264), (25.218, 29484, 195.264), (25.218, 32707, 210.265), (25.218, 36003, 225.309), (25.218, 39262, 240.313), (25.218, 42613, 255.316), (25.218, 45947, 270.317), (25.218, 49379, 285.317), (25.218, 52559, 300.004))"
i_49_2_11_FR_X,2,49,X,FR,11,MCTS_V,25.129,-,249912,"((25.129, 14928, 15.012), (25.129, 30368, 30.037), (25.129, 47524, 45.084), (25.129, 64804, 60.107), (25.129, 81200, 75.294), (25.129, 99148, 90.348), (25.129, 116308, 105.37), (25.129, 126552, 120.391), (25.129, 137292, 135.396), (25.129, 149420, 150.458), (25.129, 159116, 165.466), (25.129, 174032, 180.548), (25.129, 183480, 195.621), (25.129, 192044, 211.22), (25.129, 201472, 226.285), (25.129, 210904, 241.327), (25.129, 220316, 256.404), (25.129, 229684, 271.417), (25.129, 237756, 286.487), (25.129, 249912, 300.031))"
i_31_1_16_AG01_X,1,31,X,AG01,16,BNBL,10.0,-,161172,"((10.0, 10632, 15.002), (10.0, 17622, 30.012), (10.0, 22920, 45.028), (10.0, 28344, 60.037), (10.0, 33702, 75.053), (10.0, 41310, 90.065), (10.0, 48126, 105.069), (10.0, 55956, 120.071), (10.0, 65682, 135.079), (10.0, 75840, 150.082), (10.0, 85350, 165.085), (10.0, 94776, 180.327), (10.0, 104754, 195.327), (10.0, 114858, 210.334), (10.0, 124392, 225.339), (10.0, 134436, 240.341), (10.0, 142938, 255.347), (10.0, 148308, 270.357), (10.0, 154320, 285.36), (10.0, 161172, 300.002))"
i_42_2_12_FR_X,2,42,X,FR,12,BNB,26.498,-,99276,"((22.625, 8148, 15.051), (22.625, 13684, 30.259), (22.625, 17796, 45.288), (22.625, 21876, 60.411), (22.625, 26020, 75.592), (22.625, 30548, 90.628), (22.625, 36768, 105.717), (22.625, 40772, 120.961), (22.625, 44868, 136.09), (22.625, 49404, 151.242), (22.625, 54484, 166.324), (22.625, 60756, 181.376), (22.625, 68660, 196.403), (22.625, 73332, 211.634), (22.625, 77420, 226.817), (22.625, 81452, 241.921), (22.625, 88372, 256.943), (25.157, 91924, 272.115), (26.498, 95940, 287.182), (26.498, 99276, 300.097))"
i_49_2_11_FR_X,2,49,X,FR,11,BNBL,22.34,-,87248,"((18.375, 6988, 15.114), (20.08, 13468, 30.164), (20.08, 17228, 45.313), (20.08, 20620, 60.661), (20.08, 24044, 75.81), (20.08, 27500, 90.988), (20.08, 33220, 106.182), (22.34, 39052, 121.335), (22.34, 44908, 136.38), (22.34, 51052, 151.522), (22.34, 56700, 166.817), (22.34, 59980, 181.94), (22.34, 63388, 197.038), (22.34, 66924, 212.322), (22.34, 70140, 227.35), (22.34, 73564, 242.433), (22.34, 77964, 257.641), (22.34, 81100, 272.981), (22.34, 84364, 288.281), (22.34, 87248, 300.02))"
i_31_1_16_AG001_X,1,31,X,AG001,16,BFS,6.0,-,98568,"((5.0, 5820, 15.008), (5.0, 9714, 30.022), (5.0, 12552, 45.028), (5.0, 15486, 60.053), (5.0, 19452, 75.059), (5.0, 25242, 90.071), (6.0, 30792, 105.081), (6.0, 36384, 120.095), (6.0, 42096, 135.101), (6.0, 47868, 150.107), (6.0, 53826, 165.12), (6.0, 57000, 180.145), (6.0, 59772, 195.163), (6.0, 64458, 210.17), (6.0, 70272, 225.178), (6.0, 75756, 240.193), (6.0, 81390, 255.198), (6.0, 87120, 270.199), (6.0, 92844, 285.212), (6.0, 98568, 300.003))"
i_42_2_12_FR_X,2,42,X,FR,12,BNBL,26.498,-,81900,"((22.625, 7596, 15.086), (22.625, 12604, 30.128), (22.625, 16396, 45.294), (22.625, 20140, 60.316), (22.625, 23868, 75.448), (22.625, 27708, 90.605), (22.625, 31436, 105.734), (22.625, 35052, 120.949), (22.625, 38572, 136.203), (22.625, 42220, 151.212), (22.625, 46104, 166.342), (22.625, 49692, 181.473), (22.625, 53404, 196.555), (22.625, 57212, 211.808), (22.625, 60772, 226.914), (22.625, 64796, 241.947), (25.489, 71252, 256.95), (26.498, 74988, 271.995), (26.498, 78604, 286.999), (26.498, 81900, 300.171))"
i_49_2_11_FR_X,2,49,X,FR,11,BNB,22.34,-,87748,"((18.375, 7556, 15.161), (20.08, 12372, 30.261), (20.08, 16548, 45.408), (20.08, 20372, 60.477), (20.08, 23988, 75.635), (20.08, 27668, 90.839), (20.08, 31428, 105.963), (20.08, 38004, 121.062), (22.34, 44212, 136.083), (22.34, 50628, 151.088), (22.34, 56148, 166.189), (22.34, 59892, 181.319), (22.34, 63428, 196.545), (22.34, 67124, 211.759), (22.34, 70564, 226.825), (22.34, 74228, 241.998), (22.34, 77956, 257.164), (22.34, 81596, 272.264), (22.34, 84980, 287.487), (22.34, 87748, 300.16))"
i_49_2_11_FR_X,2,49,X,FR,11,BFS,22.34,-,91204,"((20.08, 8148, 15.127), (20.08, 13556, 30.283), (20.08, 17796, 45.328), (20.08, 21876, 60.352), (20.08, 25892, 75.493), (20.08, 29776, 90.545), (20.08, 35572, 105.585), (22.34, 39412, 120.793), (22.34, 43428, 135.884), (22.34, 48548, 150.926), (22.34, 52524, 166.056), (22.34, 56476, 181.314), (22.34, 60596, 196.466), (22.34, 64500, 211.531), (22.34, 68500, 226.905), (22.34, 72468, 241.932), (22.34, 76724, 257.032), (22.34, 82932, 272.033), (22.34, 86580, 287.134), (22.34, 91204, 300.259))"
i_71_1_36_AG001_X,1,71,X,AG001,36,BFS,6.0,-,38730,"((4.0, 2340, 15.055), (5.0, 4740, 30.067), (5.0, 7308, 45.086), (5.0, 9912, 60.105), (5.0, 12072, 75.123), (5.0, 13344, 90.15), (5.0, 14670, 105.153), (5.0, 16014, 120.16), (5.0, 17364, 135.162), (5.0, 18708, 150.212), (5.0, 20028, 165.241), (5.0, 21300, 180.258), (5.0, 22632, 195.313), (5.0, 23982, 210.329), (5.0, 26100, 225.333), (6.0, 28584, 240.347), (6.0, 31128, 255.356), (6.0, 33642, 270.366), (6.0, 36216, 285.408), (6.0, 38730, 300.021))"
i_31_1_16_AG001_X,1,31,X,AG001,16,BNB,12.0,-,52104,"((8.0, 5148, 15.008), (10.0, 9726, 30.01), (12.0, 13458, 45.04), (12.0, 15618, 60.041), (12.0, 17772, 75.056), (12.0, 20766, 90.057), (12.0, 23922, 105.061), (12.0, 26034, 120.074), (12.0, 28164, 135.109), (12.0, 30252, 150.145), (12.0, 32376, 165.155), (12.0, 34494, 180.193), (12.0, 36552, 195.215), (12.0, 38646, 210.218), (12.0, 40794, 225.222), (12.0, 42786, 240.252), (12.0, 44730, 255.289), (12.0, 46836, 270.316), (12.0, 49950, 285.333), (12.0, 52104, 300.008))"
i_31_1_16_AG001_X,1,31,X,AG001,16,MCTS_V,9.0,-,37350,"((8.0, 2568, 15.01), (8.0, 4980, 30.046), (8.0, 6690, 45.053), (9.0, 9168, 60.094), (9.0, 11082, 75.11), (9.0, 12936, 90.161), (9.0, 14310, 105.195), (9.0, 15930, 120.21), (9.0, 17616, 135.232), (9.0, 19824, 150.264), (9.0, 21210, 165.287), (9.0, 22584, 180.303), (9.0, 23976, 195.344), (9.0, 25362, 210.354), (9.0, 26874, 225.382), (9.0, 29484, 240.412), (9.0, 32220, 255.416), (9.0, 34260, 270.477), (9.0, 35640, 285.507), (9.0, 37350, 300.035))"
i_71_1_36_AG001_X,1,71,X,AG001,36,BNB,15.0,-,29298,"((7.0, 2526, 15.016), (8.0, 4050, 30.08), (8.0, 5106, 45.117), (9.0, 6156, 60.143), (9.0, 7188, 75.154), (10.0, 8826, 90.263), (11.0, 10416, 105.307), (11.0, 12372, 120.326), (12.0, 14280, 135.349), (12.0, 16062, 150.357), (13.0, 17898, 165.398), (13.0, 19278, 180.439), (13.0, 21102, 195.469), (14.0, 22758, 210.566), (14.0, 23646, 225.566), (14.0, 24552, 240.66), (14.0, 25452, 255.705), (15.0, 26358, 270.737), (15.0, 27648, 285.783), (15.0, 29298, 300.046))"
i_71_1_36_AG001_X,1,71,X,AG001,36,MCTS_V,12.0,-,6222,"((11.0, 576, 15.017), (11.0, 954, 30.071), (11.0, 1230, 45.345), (11.0, 1512, 60.597), (11.0, 1794, 75.738), (11.0, 2076, 90.886), (11.0, 2364, 105.896), (11.0, 2652, 120.987), (11.0, 2934, 136.192), (11.0, 3216, 151.359), (11.0, 3498, 166.568), (11.0, 3774, 181.703), (11.0, 4050, 196.795), (11.0, 4470, 211.903), (11.0, 4800, 226.968), (11.0, 5148, 241.99), (11.0, 5424, 257.07), (11.0, 5706, 272.296), (12.0, 5982, 287.353), (12.0, 6222, 300.218))"
i_32_2_12_MT_X,2,32,X,MT,12,BFS,1.5,-,316164,"((0.75, 14388, 15.015), (0.75, 33348, 30.051), (0.75, 46644, 45.097), (0.75, 57364, 60.118), (0.75, 68212, 75.183), (0.75, 79444, 90.258), (0.75, 90228, 105.271), (1.5, 101332, 120.334), (1.5, 111924, 135.345), (1.5, 127380, 150.891), (1.5, 147316, 165.917), (1.5, 165844, 180.946), (1.5, 185940, 195.949), (1.5, 204340, 210.953), (1.5, 222164, 225.977), (1.5, 241332, 240.984), (1.5, 259748, 255.989), (1.5, 279796, 271.01), (1.5, 299540, 286.024), (1.5, 316164, 300.003))"
i_30_2_4_FR_X,2,30,X,FR,4,MCTS_V,17.076,-,5844,"((17.076, 5844, 15.0), (17.076, 5844, 30.001), (17.076, 5844, 45.001), (17.076, 5844, 60.001), (17.076, 5844, 75.002), (17.076, 5844, 90.003), (17.076, 5844, 105.003), (17.076, 5844, 120.003), (17.076, 5844, 135.004), (17.076, 5844, 150.005), (17.076, 5844, 165.006), (17.076, 5844, 180.006), (17.076, 5844, 195.006), (17.076, 5844, 210.007), (17.076, 5844, 225.007), (17.076, 5844, 240.008), (17.076, 5844, 255.009), (17.076, 5844, 270.009), (17.076, 5844, 285.01), (17.076, 5844, 300.0))"
i_32_2_12_MT_X,2,32,X,MT,12,BNBL,1.5,-,207404,"((0.75, 13820, 15.089), (0.75, 22348, 30.142), (1.5, 35820, 45.194), (1.5, 50636, 60.243), (1.5, 65580, 75.298), (1.5, 80284, 90.307), (1.5, 95556, 105.335), (1.5, 104908, 120.444), (1.5, 113356, 135.529), (1.5, 121748, 150.601), (1.5, 130140, 165.706), (1.5, 138380, 180.826), (1.5, 146652, 195.864), (1.5, 155084, 210.929), (1.5, 162748, 226.046), (1.5, 171396, 241.074), (1.5, 180028, 256.186), (1.5, 188440, 271.272), (1.5, 195996, 286.332), (1.5, 207404, 300.013))"
i_32_2_12_MT_X,2,32,X,MT,12,MCTS_V,4.0,-,501724,"((3.5, 36200, 15.029), (3.5, 57916, 30.031), (3.5, 78128, 45.063), (3.5, 109684, 60.066), (3.5, 145020, 75.07), (3.75, 180828, 90.099), (3.75, 208276, 105.11), (3.75, 229124, 120.123), (3.75, 247392, 135.133), (3.75, 268232, 150.167), (3.75, 286352, 165.186), (3.75, 307864, 180.193), (3.75, 329168, 195.205), (3.75, 349696, 210.205), (3.75, 365616, 225.217), (3.75, 392492, 240.226), (3.75, 427872, 255.239), (3.75, 446168, 270.253), (4.0, 471080, 285.296), (4.0, 501724, 300.028))"
i_32_2_12_MT_X,2,32,X,MT,12,BNB,1.5,-,321428,"((0.75, 17372, 15.004), (0.75, 34292, 30.044), (0.75, 50932, 45.052), (0.75, 61268, 60.153), (0.75, 72916, 75.219), (1.5, 89620, 90.277), (1.5, 106360, 105.327), (1.5, 123412, 120.362), (1.5, 139860, 135.398), (1.5, 157076, 150.439), (1.5, 173036, 165.485), (1.5, 190228, 180.522), (1.5, 206132, 195.542), (1.5, 222852, 210.554), (1.5, 239924, 225.591), (1.5, 255556, 240.62), (1.5, 272884, 255.679), (1.5, 290068, 270.685), (1.5, 305252, 285.688), (1.5, 321428, 300.056))"
i_32_2_12_MT_X,2,32,X,MT,12,GBNB,5.657,-,170785,"((5.657, 10851, 15.015), (5.657, 18664, 30.016), (5.657, 24451, 45.018), (5.657, 30324, 60.02), (5.657, 36149, 75.044), (5.657, 42620, 90.044), (5.657, 49875, 105.046), (5.657, 55728, 120.062), (5.657, 63983, 135.066), (5.657, 74518, 150.066), (5.657, 85347, 165.066), (5.657, 96648, 180.067), (5.657, 102922, 195.067), (5.657, 112638, 210.068), (5.657, 123879, 225.068), (5.657, 134512, 240.068), (5.657, 145768, 255.075), (5.657, 155331, 270.075), (5.657, 160973, 285.076), (5.657, 170785, 300.001))"
i_71_1_36_AG05_X,1,71,X,AG05,36,BFS,7.0,-,258264,"((5.0, 15042, 15.007), (5.0, 26790, 30.01), (6.0, 42666, 45.012), (6.0, 60582, 60.016), (6.0, 77820, 75.02), (6.0, 95460, 90.02), (6.0, 106332, 105.023), (6.0, 115782, 120.031), (6.0, 127500, 135.041), (6.0, 142896, 150.044), (6.0, 159642, 165.046), (7.0, 168426, 180.051), (7.0, 176016, 195.052), (7.0, 189930, 210.055), (7.0, 204540, 225.057), (7.0, 214446, 240.066), (7.0, 222246, 255.074), (7.0, 231852, 270.079), (7.0, 242238, 285.083), (7.0, 258264, 300.003))"
i_30_2_9_FR_X,2,30,X,FR,9,MCTS_V,34.163,-,304112,"((28.488, 12468, 15.048), (30.13, 26712, 30.05), (30.13, 43668, 45.099), (34.163, 63452, 60.112), (34.163, 75780, 75.112), (34.163, 92092, 90.139), (34.163, 105740, 105.215), (34.163, 119184, 120.236), (34.163, 132316, 135.277), (34.163, 145052, 150.315), (34.163, 156600, 165.412), (34.163, 169168, 180.445), (34.163, 181740, 195.515), (34.163, 199156, 210.516), (34.163, 218788, 225.543), (34.163, 231368, 242.406), (34.163, 243936, 257.45), (34.163, 266020, 272.479), (34.163, 287140, 287.85), (34.163, 304112, 300.028))"
i_30_2_9_FR_X,2,30,X,FR,9,BFS,24.888,-,116788,"((22.116, 6676, 15.136), (22.116, 12076, 30.163), (22.116, 17012, 45.293), (22.116, 21028, 60.462), (22.116, 24996, 75.543), (22.116, 28868, 90.575), (22.116, 33348, 105.642), (22.116, 39668, 120.747), (22.116, 43060, 135.759), (22.116, 48116, 150.782), (22.116, 54836, 165.883), (22.116, 62372, 180.907), (22.116, 69572, 195.989), (22.116, 76980, 211.09), (22.116, 83472, 226.255), (22.116, 90040, 241.312), (24.888, 96440, 256.392), (24.888, 103396, 271.446), (24.888, 110580, 286.48), (24.888, 116788, 300.086))"
i_71_1_36_AG05_X,1,71,X,AG05,36,BNBL,12.0,-,122484,"((12.0, 8184, 15.004), (12.0, 14538, 30.007), (12.0, 22260, 45.009), (12.0, 30024, 60.017), (12.0, 36960, 75.02), (12.0, 44688, 90.036), (12.0, 52548, 105.04), (12.0, 59958, 120.049), (12.0, 67212, 135.055), (12.0, 71844, 150.068), (12.0, 75792, 165.137), (12.0, 80142, 180.139), (12.0, 86412, 195.159), (12.0, 90168, 210.179), (12.0, 94194, 225.197), (12.0, 98214, 240.219), (12.0, 105492, 255.226), (12.0, 111822, 270.236), (12.0, 115992, 285.24), (12.0, 122484, 300.005))"
i_71_1_36_AG05_X,1,71,X,AG05,36,BNB,12.0,-,96228,"((10.0, 9762, 15.012), (12.0, 14592, 30.022), (12.0, 19158, 45.036), (12.0, 23574, 60.038), (12.0, 27960, 75.04), (12.0, 32340, 90.047), (12.0, 36822, 105.059), (12.0, 41172, 120.071), (12.0, 45468, 135.072), (12.0, 49890, 150.072), (12.0, 54168, 165.094), (12.0, 58590, 180.114), (12.0, 62826, 195.128), (12.0, 67554, 210.144), (12.0, 71970, 225.154), (12.0, 76170, 240.163), (12.0, 80580, 255.181), (12.0, 85002, 270.198), (12.0, 89124, 285.203), (12.0, 96228, 300.004))"
i_49_2_11_FR_X,2,49,X,FR,11,GBNB,22.807,-,35642,"((22.807, 2740, 15.056), (22.807, 4234, 30.085), (22.807, 6474, 45.121), (22.807, 8094, 60.212), (22.807, 9720, 75.249), (22.807, 11318, 90.252), (22.807, 12868, 105.256), (22.807, 14396, 120.262), (22.807, 15944, 135.341), (22.807, 17482, 150.351), (22.807, 19064, 165.406), (22.807, 20852, 180.485), (22.807, 22942, 195.51), (22.807, 24830, 210.538), (22.807, 26398, 225.544), (22.807, 28402, 240.606), (22.807, 30036, 255.677), (22.807, 31678, 270.692), (22.807, 33280, 285.733), (22.807, 35642, 300.003))"
i_71_1_36_AG05_X,1,71,X,AG05,36,GBNB,12.0,-,50634,"((12.0, 2688, 15.007), (12.0, 6744, 30.029), (12.0, 10860, 45.044), (12.0, 14772, 60.071), (12.0, 16956, 75.082), (12.0, 19104, 90.114), (12.0, 21198, 105.129), (12.0, 23322, 120.171), (12.0, 25374, 135.201), (12.0, 27390, 150.518), (12.0, 30792, 165.556), (12.0, 32844, 180.559), (12.0, 34890, 195.596), (12.0, 36972, 210.62), (12.0, 38946, 225.662), (12.0, 41046, 240.666), (12.0, 43176, 255.684), (12.0, 45234, 270.7), (12.0, 47310, 285.731), (12.0, 50634, 300.001))"
i_71_1_36_AG05_X,1,71,X,AG05,36,MCTS_V,12.0,-,62544,"((12.0, 4332, 15.019), (12.0, 7410, 30.031), (12.0, 10008, 45.032), (12.0, 12630, 60.035), (12.0, 15246, 75.05), (12.0, 18300, 90.063), (12.0, 23298, 105.066), (12.0, 26004, 120.082), (12.0, 28698, 135.099), (12.0, 31392, 150.102), (12.0, 34056, 165.126), (12.0, 36588, 180.162), (12.0, 39312, 195.168), (12.0, 42042, 210.173), (12.0, 44694, 225.201), (12.0, 48222, 240.204), (12.0, 50988, 255.215), (12.0, 54594, 270.233), (12.0, 58170, 285.242), (12.0, 62544, 300.005))"
i_30_2_9_FR_X,2,30,X,FR,9,BNB,24.888,-,110224,"((22.116, 3780, 15.228), (22.116, 7476, 30.301), (22.116, 10964, 45.619), (22.116, 14448, 60.678), (22.116, 17988, 75.897), (22.116, 23588, 90.985), (22.116, 30076, 105.99), (22.116, 36540, 121.002), (22.116, 42484, 136.016), (22.116, 48068, 151.099), (22.116, 53980, 166.239), (22.116, 60836, 181.402), (22.116, 67444, 196.595), (22.116, 74004, 211.634), (22.116, 80436, 226.777), (22.116, 86132, 241.806), (22.116, 92024, 256.809), (24.888, 97908, 271.882), (24.888, 104356, 286.902), (24.888, 110224, 300.003))"
i_32_2_7_MT_X,2,32,X,MT,7,MCTS_V,4.25,-,558224,"((3.0, 21156, 15.056), (4.25, 42524, 30.084), (4.25, 64256, 45.124), (4.25, 86428, 60.153), (4.25, 108444, 75.187), (4.25, 131520, 90.196), (4.25, 164676, 105.204), (4.25, 202516, 120.226), (4.25, 239504, 135.23), (4.25, 280208, 150.244), (4.25, 316276, 165.267), (4.25, 356756, 180.28), (4.25, 388436, 195.306), (4.25, 415236, 210.331), (4.25, 437448, 225.344), (4.25, 454036, 240.35), (4.25, 476176, 255.361), (4.25, 498248, 270.4), (4.25, 526096, 285.413), (4.25, 558224, 300.014))"
i_36_2_9_SC_X,2,36,X,SC,9,MCTS_V,9.0,-,625820,"((9.0, 21416, 15.035), (9.0, 47620, 30.038), (9.0, 83736, 45.041), (9.0, 110992, 60.046), (9.0, 130892, 75.048), (9.0, 152080, 90.077), (9.0, 174504, 106.388), (9.0, 199468, 121.415), (9.0, 229532, 136.438), (9.0, 267992, 151.451), (9.0, 299448, 166.471), (9.0, 332156, 181.481), (9.0, 369772, 196.494), (9.0, 408412, 211.52), (9.0, 441280, 226.549), (9.0, 479824, 241.558), (9.0, 510472, 256.576), (9.0, 549724, 271.598), (9.0, 588988, 286.601), (9.0, 625820, 300.026))"
i_32_2_7_MT_X,2,32,X,MT,7,BFS,3.0,-,246676,"((2.25, 11092, 15.029), (2.25, 22180, 30.056), (2.25, 33044, 45.096), (3.0, 43508, 60.159), (3.0, 61172, 75.192), (3.0, 76628, 90.214), (3.0, 86644, 105.22), (3.0, 96916, 120.233), (3.0, 107252, 135.338), (3.0, 117956, 150.411), (3.0, 133060, 165.438), (3.0, 151684, 180.468), (3.0, 161076, 195.48), (3.0, 171676, 210.603), (3.0, 182388, 225.644), (3.0, 193104, 240.707), (3.0, 202740, 255.77), (3.0, 212884, 270.795), (3.0, 229912, 285.819), (3.0, 246676, 300.011))"
i_36_2_9_SC_X,2,36,X,SC,9,BNB,7.0,-,240804,"((5.0, 11828, 15.076), (5.0, 27596, 30.108), (6.0, 43796, 45.155), (6.0, 59924, 60.212), (6.0, 75596, 75.236), (6.0, 84880, 90.267), (6.0, 93588, 105.296), (6.0, 104916, 120.37), (6.0, 113780, 135.412), (6.0, 123988, 150.442), (6.0, 136020, 165.488), (6.0, 144476, 180.546), (6.0, 153876, 195.556), (6.0, 164500, 210.672), (6.0, 177140, 225.722), (7.0, 190388, 240.78), (7.0, 199348, 255.808), (7.0, 213396, 270.862), (7.0, 225604, 285.865), (7.0, 240804, 300.035))"
i_30_2_9_MT_X,2,30,X,MT,9,MCTS_V,4.25,-,556052,"((3.75, 30172, 15.009), (3.75, 67908, 30.015), (3.75, 99988, 45.019), (4.0, 137948, 60.038), (4.0, 166980, 75.073), (4.0, 189016, 90.108), (4.0, 217076, 105.126), (4.0, 253032, 120.135), (4.0, 291808, 135.159), (4.0, 309912, 150.19), (4.0, 333900, 165.212), (4.0, 362260, 180.223), (4.0, 380092, 195.267), (4.0, 402220, 210.299), (4.0, 424400, 225.326), (4.0, 446592, 240.349), (4.0, 463380, 255.354), (4.0, 487528, 270.379), (4.25, 515724, 285.388), (4.25, 556052, 300.019))"
i_32_2_7_MT_X,2,32,X,MT,7,BNB,3.0,-,300724,"((2.25, 16148, 15.019), (2.25, 30916, 30.049), (3.0, 45668, 45.175), (3.0, 60148, 60.227), (3.0, 71160, 75.289), (3.0, 84012, 90.344), (3.0, 99796, 105.406), (3.0, 115396, 120.414), (3.0, 130996, 135.445), (3.0, 147156, 150.461), (3.0, 162036, 165.474), (3.0, 177788, 180.514), (3.0, 193692, 195.547), (3.0, 208280, 210.568), (3.0, 224004, 225.595), (3.0, 237876, 240.624), (3.0, 252820, 255.652), (3.0, 269012, 270.687), (3.0, 284740, 285.706), (3.0, 300724, 300.033))"
i_32_2_7_MT_X,2,32,X,MT,7,GBNB,5.281,-,185443,"((5.281, 6783, 15.0), (5.281, 14216, 30.071), (5.281, 25713, 45.072), (5.281, 34144, 60.072), (5.281, 43922, 75.079), (5.281, 56275, 90.08), (5.281, 68957, 105.08), (5.281, 81211, 120.08), (5.281, 90709, 135.081), (5.281, 97285, 150.095), (5.281, 106023, 165.096), (5.281, 114161, 180.098), (5.281, 120956, 195.1), (5.281, 128154, 210.114), (5.281, 135306, 225.116), (5.281, 141782, 240.117), (5.281, 150733, 255.118), (5.281, 163151, 270.131), (5.281, 172266, 285.131), (5.281, 185443, 300.008))"
i_36_2_9_SC_X,2,36,X,SC,9,BNBL,14.0,-,140268,"((10.0, 8012, 15.03), (13.0, 14524, 30.048), (14.0, 24732, 45.093), (14.0, 30524, 60.184), (14.0, 36316, 75.302), (14.0, 41948, 90.464), (14.0, 47076, 105.61), (14.0, 52188, 120.769), (14.0, 57336, 135.852), (14.0, 64604, 150.862), (14.0, 74172, 165.904), (14.0, 83580, 180.909), (14.0, 92884, 195.991), (14.0, 99628, 211.007), (14.0, 104652, 226.03), (14.0, 109708, 241.138), (14.0, 114752, 256.242), (14.0, 121980, 271.287), (14.0, 131548, 286.318), (14.0, 140268, 300.025))"
i_30_2_9_FR_X,2,30,X,FR,9,BNBL,24.888,-,80732,"((22.116, 3356, 15.168), (22.116, 6764, 30.319), (22.116, 10092, 45.537), (22.116, 13356, 60.72), (22.116, 16684, 75.89), (22.116, 20028, 91.095), (22.116, 23372, 106.328), (22.116, 26700, 121.663), (22.116, 29944, 136.93), (22.116, 33060, 152.316), (22.116, 36108, 167.472), (22.116, 40932, 182.582), (22.116, 46588, 197.755), (22.116, 52552, 212.797), (22.116, 58380, 227.84), (22.116, 63916, 242.932), (22.116, 68092, 258.013), (24.888, 71260, 273.074), (24.888, 75524, 288.093), (24.888, 80732, 300.045))"
i_32_2_7_MT_X,2,32,X,MT,7,BNBL,3.0,-,209308,"((2.25, 8316, 15.041), (2.25, 16684, 30.053), (2.25, 24988, 45.129), (2.25, 33220, 60.146), (3.0, 45648, 75.223), (3.0, 59752, 90.239), (3.0, 68844, 105.259), (3.0, 78476, 120.291), (3.0, 86316, 135.363), (3.0, 96332, 150.382), (3.0, 110252, 165.417), (3.0, 124604, 180.469), (3.0, 136372, 195.587), (3.0, 144076, 210.685), (3.0, 151796, 225.844), (3.0, 163340, 240.853), (3.0, 176788, 255.861), (3.0, 186636, 271.001), (3.0, 196572, 286.004), (3.0, 209308, 300.024))"
i_30_2_9_MT_X,2,30,X,MT,9,BFS,1.5,-,234756,"((1.0, 17860, 15.049), (1.0, 29860, 30.104), (1.5, 40068, 45.141), (1.5, 50104, 60.202), (1.5, 60196, 75.215), (1.5, 70132, 90.231), (1.5, 80436, 105.31), (1.5, 90228, 120.319), (1.5, 100388, 135.345), (1.5, 110224, 150.434), (1.5, 120380, 165.435), (1.5, 130868, 180.487), (1.5, 140788, 195.55), (1.5, 153492, 210.582), (1.5, 167148, 225.648), (1.5, 177848, 240.667), (1.5, 189496, 255.78), (1.5, 203572, 270.807), (1.5, 216628, 285.818), (1.5, 234756, 300.06))"
i_30_2_9_FR_X,2,30,X,FR,9,GBNB,37.598,-,37830,"((37.598, 2000, 15.029), (37.598, 3710, 30.054), (37.598, 5386, 45.066), (37.598, 6958, 60.14), (37.598, 8652, 75.205), (37.598, 10320, 90.271), (37.598, 12442, 105.298), (37.598, 14776, 120.351), (37.598, 16440, 135.427), (37.598, 18040, 150.441), (37.598, 19710, 165.482), (37.598, 21392, 180.554), (37.598, 22986, 195.602), (37.598, 25200, 210.606), (37.598, 26892, 225.611), (37.598, 28690, 240.647), (37.598, 30292, 255.69), (37.598, 32360, 270.701), (37.598, 34544, 285.724), (37.598, 37830, 300.017))"
i_36_2_9_SC_X,2,36,X,SC,9,GBNB,14.0,-,135596,"((14.0, 5080, 15.065), (14.0, 10156, 30.303), (14.0, 15048, 45.32), (14.0, 20384, 60.406), (14.0, 25328, 75.507), (14.0, 30952, 90.554), (14.0, 38036, 105.778), (14.0, 43032, 120.854), (14.0, 48116, 136.023), (14.0, 53080, 151.248), (14.0, 58052, 166.264), (14.0, 63156, 181.303), (14.0, 72568, 196.335), (14.0, 81900, 211.396), (14.0, 91464, 226.477), (14.0, 100648, 241.586), (14.0, 110020, 256.629), (14.0, 117352, 271.68), (14.0, 127028, 286.717), (14.0, 135596, 300.094))"
i_49_1_25_AG05_X,1,49,X,AG05,25,BFS,7.0,-,285144,"((5.0, 16932, 15.003), (6.0, 32694, 30.009), (6.0, 49788, 45.011), (6.0, 70860, 60.013), (6.0, 85980, 75.015), (6.0, 99246, 90.537), (6.0, 112320, 105.544), (6.0, 124206, 121.22), (6.0, 139476, 136.229), (6.0, 152304, 151.234), (6.0, 162774, 166.238), (7.0, 173232, 181.243), (7.0, 190338, 196.244), (7.0, 201990, 211.245), (7.0, 213894, 226.25), (7.0, 225504, 241.256), (7.0, 238170, 256.258), (7.0, 245862, 271.261), (7.0, 263148, 286.261), (7.0, 285144, 300.001))"
i_36_2_9_SC_X,2,36,X,SC,9,BFS,6.0,-,290372,"((5.0, 19164, 15.019), (5.0, 38068, 30.057), (6.0, 57236, 45.057), (6.0, 77180, 60.399), (6.0, 89076, 75.473), (6.0, 100324, 90.514), (6.0, 112468, 105.569), (6.0, 123988, 120.609), (6.0, 136020, 135.62), (6.0, 148028, 150.663), (6.0, 158968, 165.667), (6.0, 170500, 180.689), (6.0, 182516, 195.724), (6.0, 192876, 210.741), (6.0, 203896, 225.755), (6.0, 214636, 240.796), (6.0, 233556, 256.184), (6.0, 254116, 271.195), (6.0, 273728, 286.216), (6.0, 290372, 300.148))"
i_49_1_25_AG05_X,1,49,X,AG05,25,GBNB,9.0,-,78354,"((9.0, 3480, 15.028), (9.0, 7002, 30.033), (9.0, 10494, 45.037), (9.0, 14052, 60.052), (9.0, 17640, 75.073), (9.0, 21264, 90.094), (9.0, 24918, 105.098), (9.0, 28920, 120.108), (9.0, 34032, 135.122), (9.0, 37488, 150.146), (9.0, 41004, 165.146), (9.0, 44466, 180.163), (9.0, 48012, 195.526), (9.0, 51612, 210.542), (9.0, 55290, 225.554), (9.0, 59196, 240.562), (9.0, 63024, 255.567), (9.0, 66462, 270.589), (9.0, 71280, 285.589), (9.0, 78354, 300.012))"
i_49_1_25_AG05_X,1,49,X,AG05,25,MCTS_V,9.0,-,141744,"((9.0, 4734, 15.01), (9.0, 9828, 30.027), (9.0, 14730, 45.045), (9.0, 21678, 60.046), (9.0, 30822, 75.048), (9.0, 40050, 90.051), (9.0, 49290, 105.059), (9.0, 58962, 120.067), (9.0, 68376, 135.071), (9.0, 74898, 150.076), (9.0, 79824, 165.091), (9.0, 87468, 180.097), (9.0, 92568, 195.113), (9.0, 97752, 210.12), (9.0, 104784, 225.12), (9.0, 109890, 240.122), (9.0, 118464, 255.128), (9.0, 125724, 271.018), (9.0, 132546, 286.023), (9.0, 141744, 300.003))"
i_49_1_25_AG05_X,1,49,X,AG05,25,BNBL,9.0,-,129198,"((9.0, 6210, 15.003), (9.0, 11994, 30.012), (9.0, 17832, 45.018), (9.0, 23682, 60.02), (9.0, 29694, 75.021), (9.0, 36168, 90.028), (9.0, 42048, 105.031), (9.0, 47706, 120.042), (9.0, 53640, 135.048), (9.0, 59508, 150.058), (9.0, 65430, 165.072), (9.0, 71340, 180.081), (9.0, 78444, 195.085), (9.0, 84384, 210.09), (9.0, 91464, 225.105), (9.0, 97308, 240.107), (9.0, 104316, 255.119), (9.0, 110064, 270.125), (9.0, 117798, 285.129), (9.0, 129198, 300.007))"
i_49_1_25_AG05_X,1,49,X,AG05,25,BNB,9.0,-,149502,"((9.0, 7866, 15.008), (9.0, 14406, 30.018), (9.0, 20952, 45.02), (9.0, 30912, 60.027), (9.0, 39744, 75.035), (9.0, 46254, 90.05), (9.0, 52536, 105.05), (9.0, 59016, 120.063), (9.0, 65244, 135.063), (9.0, 71706, 150.067), (9.0, 78270, 165.078), (9.0, 84804, 180.078), (9.0, 91308, 195.082), (9.0, 97530, 210.082), (9.0, 107058, 225.088), (9.0, 115116, 240.091), (9.0, 120912, 255.101), (9.0, 127260, 270.108), (9.0, 137880, 285.111), (9.0, 149502, 300.001))"
i_30_2_9_MT_X,2,30,X,MT,9,BNB,1.5,-,318836,"((1.0, 16660, 15.057), (1.0, 32948, 30.089), (1.5, 49144, 45.163), (1.5, 65268, 60.205), (1.5, 81548, 75.214), (1.5, 97572, 90.222), (1.5, 113500, 105.23), (1.5, 129092, 120.259), (1.5, 144868, 135.301), (1.5, 161252, 150.375), (1.5, 174812, 165.386), (1.5, 190868, 180.445), (1.5, 206004, 195.504), (1.5, 222564, 210.524), (1.5, 239028, 225.539), (1.5, 254596, 240.556), (1.5, 271292, 255.568), (1.5, 287860, 270.599), (1.5, 304496, 285.646), (1.5, 318836, 300.018))"
i_30_2_9_MT_X,2,30,X,MT,9,BNBL,1.5,-,285484,"((1.0, 15268, 15.062), (1.0, 29812, 30.092), (1.5, 43700, 45.146), (1.5, 58068, 60.166), (1.5, 72468, 75.223), (1.5, 86772, 90.28), (1.5, 101508, 105.29), (1.5, 115756, 120.325), (1.5, 130352, 135.361), (1.5, 144436, 150.434), (1.5, 159108, 165.517), (1.5, 172536, 180.577), (1.5, 186836, 195.63), (1.5, 201348, 210.67), (1.5, 214836, 225.718), (1.5, 229300, 240.768), (1.5, 243924, 255.817), (1.5, 257300, 270.839), (1.5, 271956, 285.888), (1.5, 285484, 300.04))"
i_31_1_16_AG05_X,1,31,X,AG05,16,MCTS_V,4.0,-,396432,"((4.0, 18282, 15.003), (4.0, 36912, 30.006), (4.0, 56124, 45.009), (4.0, 75306, 60.011), (4.0, 95034, 75.013), (4.0, 115464, 90.593), (4.0, 136032, 105.595), (4.0, 155568, 120.599), (4.0, 176058, 135.601), (4.0, 195324, 150.603), (4.0, 215706, 165.607), (4.0, 234492, 180.611), (4.0, 254904, 195.615), (4.0, 275526, 210.618), (4.0, 294156, 225.622), (4.0, 315096, 240.626), (4.0, 336138, 255.628), (4.0, 357288, 270.629), (4.0, 375924, 285.633), (4.0, 396432, 300.004))"
i_30_2_9_MT_X,2,30,X,MT,9,GBNB,6.354,-,210094,"((5.854, 10670, 15.003), (5.854, 21326, 30.014), (5.854, 31924, 45.021), (5.912, 42520, 60.034), (5.912, 53142, 75.035), (5.912, 63818, 90.047), (5.912, 74830, 105.057), (5.912, 85604, 120.069), (5.912, 96148, 135.076), (5.912, 106840, 150.082), (5.912, 117742, 165.091), (5.912, 127926, 180.099), (5.912, 138798, 195.102), (5.912, 148648, 210.106), (5.912, 159270, 225.107), (5.912, 169596, 240.113), (5.912, 179636, 255.121), (6.157, 189422, 270.122), (6.157, 199868, 285.132), (6.354, 210094, 300.003))"
i_30_2_10_FR_X,2,30,X,FR,10,BFS,13.608,-,223824,"((9.03, 11632, 15.041), (9.03, 23412, 30.092), (9.03, 35060, 45.167), (13.608, 45668, 60.221), (13.608, 56636, 75.259), (13.608, 67684, 90.364), (13.608, 79316, 105.432), (13.608, 90100, 120.493), (13.608, 101812, 135.512), (13.608, 112836, 150.588), (13.608, 124828, 165.614), (13.608, 136068, 180.65), (13.608, 147716, 195.697), (13.608, 159188, 210.802), (13.608, 169364, 225.882), (13.608, 180660, 240.934), (13.608, 191444, 255.942), (13.608, 202068, 271.048), (13.608, 212740, 286.055), (13.608, 223824, 300.002))"
i_30_2_10_FR_X,2,30,X,FR,10,BNBL,13.608,-,182172,"((9.03, 9676, 15.003), (9.03, 19052, 30.094), (9.03, 28620, 45.194), (13.608, 37484, 60.333), (13.608, 46316, 75.371), (13.608, 55548, 90.388), (13.608, 65084, 105.478), (13.608, 73628, 120.496), (13.608, 82764, 135.563), (13.608, 92012, 150.649), (13.608, 101660, 165.721), (13.608, 110924, 180.753), (13.608, 119688, 195.823), (13.608, 128492, 210.856), (13.608, 137628, 225.953), (13.608, 146476, 241.0), (13.608, 155724, 256.027), (13.608, 164252, 271.082), (13.608, 173296, 286.235), (13.608, 182172, 300.009))"
i_30_2_10_FR_X,2,30,X,FR,10,MCTS_V,24.436,-,494660,"((24.436, 24980, 15.003), (24.436, 49840, 30.004), (24.436, 75248, 45.016), (24.436, 99620, 60.024), (24.436, 124412, 75.039), (24.436, 150428, 90.046), (24.436, 174944, 105.07), (24.436, 198924, 120.09), (24.436, 223652, 135.135), (24.436, 247528, 150.146), (24.436, 273644, 165.148), (24.436, 297004, 180.156), (24.436, 323204, 195.161), (24.436, 349420, 210.217), (24.436, 371456, 225.238), (24.436, 397764, 240.286), (24.436, 423956, 255.292), (24.436, 445516, 270.555), (24.436, 470184, 285.56), (24.436, 494660, 300.028))"
i_31_1_16_AG05_X,1,31,X,AG05,16,BFS,4.0,-,562710,"((4.0, 28842, 15.002), (4.0, 57648, 30.003), (4.0, 86256, 45.003), (4.0, 114546, 60.006), (4.0, 142704, 75.008), (4.0, 171024, 90.011), (4.0, 197436, 105.013), (4.0, 223152, 120.016), (4.0, 253224, 135.019), (4.0, 281106, 150.02), (4.0, 312222, 165.022), (4.0, 342738, 180.023), (4.0, 368202, 195.026), (4.0, 398850, 210.028), (4.0, 428058, 227.11), (4.0, 455694, 242.113), (4.0, 484146, 257.114), (4.0, 512292, 272.116), (4.0, 536466, 287.117), (4.0, 562710, 300.001))"
i_31_1_16_AG05_X,1,31,X,AG05,16,BNBL,4.0,-,390342,"((4.0, 19602, 15.001), (4.0, 39264, 30.004), (4.0, 58920, 45.008), (4.0, 78636, 60.009), (4.0, 97770, 75.011), (4.0, 117540, 90.012), (4.0, 137328, 105.015), (4.0, 156612, 120.018), (4.0, 176790, 135.02), (4.0, 195354, 150.023), (4.0, 215886, 165.027), (4.0, 233886, 180.028), (4.0, 254490, 195.029), (4.0, 274386, 210.032), (4.0, 292644, 225.036), (4.0, 312978, 240.039), (4.0, 332724, 255.041), (4.0, 350646, 270.044), (4.0, 370452, 285.046), (4.0, 390342, 300.003))"
i_30_2_10_FR_X,2,30,X,FR,10,BNB,13.608,-,200676,"((9.03, 10644, 15.056), (9.03, 21364, 30.097), (9.03, 31572, 45.128), (13.608, 41332, 60.244), (13.608, 51028, 75.334), (13.608, 61172, 90.427), (13.608, 70672, 105.493), (13.608, 81188, 120.572), (13.608, 90612, 135.631), (13.608, 100652, 150.658), (13.608, 110224, 165.789), (13.608, 120692, 180.804), (13.608, 130788, 195.938), (13.608, 141364, 210.964), (13.608, 151732, 225.996), (13.608, 161460, 241.028), (13.608, 170644, 256.061), (13.608, 180924, 271.081), (13.608, 190724, 286.087), (13.608, 200676, 300.061))"
i_31_1_16_AG05_X,1,31,X,AG05,16,BNB,4.0,-,430806,"((4.0, 22404, 15.002), (4.0, 44202, 30.003), (4.0, 66336, 45.007), (4.0, 88308, 60.01), (4.0, 110172, 75.014), (4.0, 131874, 90.018), (4.0, 153234, 105.02), (4.0, 174378, 120.024), (4.0, 196500, 135.026), (4.0, 217440, 150.028), (4.0, 239928, 165.028), (4.0, 262506, 180.031), (4.0, 282882, 195.032), (4.0, 305286, 210.036), (4.0, 327042, 225.038), (4.0, 345744, 240.039), (4.0, 367386, 255.039), (4.0, 389562, 270.04), (4.0, 411804, 285.041), (4.0, 430806, 300.0))"
i_49_1_25_AG01_X,1,49,X,AG01,25,BFS,7.0,-,292758,"((5.0, 15240, 15.005), (6.0, 30018, 30.006), (6.0, 44922, 45.01), (6.0, 60492, 60.012), (6.0, 75336, 75.016), (6.0, 89796, 90.017), (6.0, 105360, 105.022), (6.0, 120726, 120.027), (6.0, 134508, 135.027), (6.0, 150402, 150.031), (6.0, 163098, 165.033), (7.0, 176280, 180.038), (7.0, 189582, 195.041), (7.0, 203958, 210.045), (7.0, 218118, 225.068), (7.0, 232320, 240.071), (7.0, 246450, 255.073), (7.0, 262770, 270.075), (7.0, 278904, 285.077), (7.0, 292758, 300.002))"
i_30_2_10_FR_X,2,30,X,FR,10,GBNB,32.199,-,76545,"((29.336, 3838, 15.002), (32.069, 7634, 30.024), (32.069, 11433, 45.08), (32.069, 15235, 60.11), (32.069, 19009, 75.131), (32.069, 22894, 90.133), (32.069, 26792, 105.138), (32.069, 30719, 120.264), (32.069, 34566, 135.265), (32.069, 38298, 150.299), (32.069, 42100, 165.3), (32.069, 45947, 180.303), (32.069, 49699, 195.306), (32.199, 53512, 210.309), (32.199, 57265, 225.34), (32.199, 61176, 240.36), (32.199, 65109, 255.364), (32.199, 68749, 270.499), (32.199, 72690, 285.5), (32.199, 76545, 300.02))"
i_49_1_25_AG01_X,1,49,X,AG01,25,MCTS_V,11.0,-,122484,"((11.0, 5718, 15.008), (11.0, 11604, 30.01), (11.0, 17598, 45.02), (11.0, 23616, 60.025), (11.0, 29628, 75.038), (11.0, 35730, 90.041), (11.0, 41730, 105.043), (11.0, 47868, 120.051), (11.0, 53970, 135.059), (11.0, 60216, 150.068), (11.0, 66300, 165.069), (11.0, 72564, 180.095), (11.0, 78858, 195.099), (11.0, 84948, 210.107), (11.0, 91248, 225.12), (11.0, 97554, 240.122), (11.0, 103602, 255.126), (11.0, 109932, 270.137), (11.0, 116244, 285.139), (11.0, 122484, 300.003))"
i_49_1_25_AG01_X,1,49,X,AG01,25,BNB,18.0,-,116028,"((10.0, 9324, 15.005), (12.0, 16806, 30.011), (14.0, 23622, 45.02), (15.0, 29928, 60.025), (16.0, 35562, 75.035), (17.0, 41112, 90.045), (18.0, 46836, 105.054), (18.0, 52362, 120.067), (18.0, 57732, 135.08), (18.0, 63150, 150.087), (18.0, 68370, 165.089), (18.0, 73806, 180.092), (18.0, 79080, 195.099), (18.0, 84336, 210.102), (18.0, 89724, 225.113), (18.0, 94962, 240.119), (18.0, 99996, 255.131), (18.0, 105420, 270.134), (18.0, 110628, 285.147), (18.0, 116028, 300.007))"
i_49_1_25_AG01_X,1,49,X,AG01,25,GBNB,18.0,-,87678,"((18.0, 4350, 15.013), (18.0, 8624, 30.022), (18.0, 13018, 45.032), (18.0, 17386, 60.049), (18.0, 21766, 75.056), (18.0, 26134, 90.064), (18.0, 30446, 105.064), (18.0, 34830, 120.079), (18.0, 39384, 135.095), (18.0, 43862, 150.101), (18.0, 48368, 165.108), (18.0, 52916, 180.115), (18.0, 57254, 195.172), (18.0, 61748, 210.179), (18.0, 66116, 225.194), (18.0, 70384, 240.206), (18.0, 74784, 255.225), (18.0, 79106, 270.243), (18.0, 83568, 285.244), (18.0, 87678, 300.017))"
i_49_1_25_AG01_X,1,49,X,AG01,25,BNBL,18.0,-,102270,"((18.0, 5706, 15.004), (18.0, 10866, 30.006), (18.0, 15972, 45.01), (18.0, 21078, 60.024), (18.0, 26214, 75.034), (18.0, 31272, 90.035), (18.0, 36372, 105.038), (18.0, 41472, 120.046), (18.0, 46614, 135.048), (18.0, 51750, 150.051), (18.0, 56850, 165.058), (18.0, 61836, 180.072), (18.0, 67068, 195.076), (18.0, 72084, 210.087), (18.0, 76992, 225.098), (18.0, 82218, 240.102), (18.0, 87210, 255.103), (18.0, 92172, 270.117), (18.0, 97416, 285.118), (18.0, 102270, 300.011))"
i_49_1_25_AG001_X,1,49,X,AG001,25,BFS,6.0,-,79596,"((4.0, 4050, 15.004), (5.0, 8010, 30.015), (5.0, 12066, 45.029), (5.0, 16050, 60.04), (5.0, 20070, 75.051), (5.0, 23994, 90.053), (5.0, 27930, 105.055), (6.0, 31776, 120.057), (6.0, 35718, 135.064), (6.0, 39630, 150.083), (6.0, 43734, 165.098), (6.0, 47814, 180.105), (6.0, 51858, 195.122), (6.0, 55950, 210.131), (6.0, 59964, 225.155), (6.0, 63930, 240.16), (6.0, 67932, 255.168), (6.0, 71976, 270.179), (6.0, 75840, 285.187), (6.0, 79596, 300.001))"
i_31_1_16_AG05_X,1,31,X,AG05,16,GBNB,4.0,-,287598,"((4.0, 14190, 15.003), (4.0, 28428, 30.003), (4.0, 42540, 45.004), (4.0, 56880, 60.008), (4.0, 71400, 75.01), (4.0, 86238, 90.011), (4.0, 100764, 105.012), (4.0, 115782, 120.018), (4.0, 129804, 135.023), (4.0, 144246, 150.024), (4.0, 157956, 165.029), (4.0, 172686, 180.034), (4.0, 186444, 195.037), (4.0, 201156, 210.042), (4.0, 215376, 225.048), (4.0, 230022, 240.05), (4.0, 243444, 255.055), (4.0, 258414, 270.058), (4.0, 273462, 285.061), (4.0, 287598, 301.02))"
i_49_1_25_AG001_X,1,49,X,AG001,25,BNB,19.0,-,57414,"((7.0, 3582, 15.02), (9.0, 6906, 30.047), (10.0, 10104, 45.051), (11.0, 13206, 60.062), (12.0, 16230, 75.079), (13.0, 19200, 90.094), (14.0, 22122, 105.114), (14.0, 24996, 120.137), (15.0, 27882, 135.153), (15.0, 30690, 150.157), (16.0, 33510, 165.183), (16.0, 36240, 180.184), (17.0, 38970, 195.196), (17.0, 41628, 210.216), (17.0, 44340, 225.224), (18.0, 46986, 240.233), (18.0, 49662, 255.253), (18.0, 52260, 270.268), (19.0, 54852, 285.296), (19.0, 57414, 300.031))"
i_49_1_25_AG001_X,1,49,X,AG001,25,BNBL,20.0,-,48498,"((20.0, 2814, 15.011), (20.0, 5256, 30.023), (20.0, 7686, 45.033), (20.0, 10104, 60.035), (20.0, 12534, 75.037), (20.0, 14934, 90.065), (20.0, 17316, 105.073), (20.0, 19704, 120.105), (20.0, 22140, 135.138), (20.0, 24552, 150.155), (20.0, 27006, 165.178), (20.0, 29370, 180.188), (20.0, 31662, 195.224), (20.0, 34068, 210.225), (20.0, 36510, 225.255), (20.0, 38910, 240.279), (20.0, 41298, 255.305), (20.0, 43704, 270.311), (20.0, 46122, 285.34), (20.0, 48498, 300.001))"
i_49_1_25_AG001_X,1,49,X,AG001,25,MCTS_V,10.0,-,24378,"((7.0, 1152, 15.053), (8.0, 2340, 30.105), (8.0, 3534, 45.131), (9.0, 4734, 60.156), (9.0, 5940, 75.198), (9.0, 7152, 90.214), (10.0, 8370, 105.273), (10.0, 9588, 120.332), (10.0, 10824, 135.402), (10.0, 12042, 150.464), (10.0, 13266, 165.475), (10.0, 14508, 180.539), (10.0, 15750, 195.588), (10.0, 16986, 210.6), (10.0, 18234, 225.605), (10.0, 19476, 240.612), (10.0, 20718, 255.634), (10.0, 21960, 270.69), (10.0, 23190, 285.708), (10.0, 24378, 300.045))"
i_36_2_5_FR_X,2,36,X,FR,5,MCTS_V,28.709,-,435154,"((25.892, 23112, 15.0), (25.892, 45856, 30.002), (25.892, 69044, 45.024), (25.892, 91212, 60.027), (25.892, 114088, 75.655), (26.021, 136946, 90.656), (27.915, 157940, 105.661), (27.915, 179430, 121.273), (28.014, 201510, 136.277), (28.014, 223610, 151.28), (28.014, 243778, 166.285), (28.525, 265796, 181.287), (28.525, 285468, 196.288), (28.525, 307540, 211.291), (28.525, 329536, 226.291), (28.525, 350422, 242.564), (28.525, 372520, 257.565), (28.709, 394684, 272.572), (28.709, 416806, 287.575), (28.709, 435154, 300.005))"
i_49_1_25_AG001_X,1,49,X,AG001,25,GBNB,20.0,-,47754,"((20.0, 2378, 15.037), (20.0, 4766, 30.041), (20.0, 7138, 45.043), (20.0, 9544, 60.072), (20.0, 11918, 75.078), (20.0, 14286, 90.081), (20.0, 16680, 105.116), (20.0, 19116, 120.138), (20.0, 21546, 135.147), (20.0, 23958, 150.175), (20.0, 26388, 165.204), (20.0, 28818, 180.227), (20.0, 31212, 195.25), (20.0, 33606, 210.27), (20.0, 35910, 225.297), (20.0, 38298, 240.326), (20.0, 40740, 255.359), (20.0, 43128, 270.394), (20.0, 45492, 285.399), (20.0, 47754, 300.03))"
i_30_2_7_MT_X,2,30,X,MT,7,MCTS_V,4.25,-,794048,"((3.531, 39592, 15.007), (3.531, 78096, 30.181), (3.75, 117688, 45.188), (3.75, 154504, 60.194), (3.75, 194452, 75.217), (3.75, 236512, 91.249), (3.75, 279264, 106.269), (3.75, 317640, 121.294), (3.75, 359804, 136.315), (3.75, 396620, 151.326), (3.75, 439304, 166.333), (3.75, 474880, 181.343), (3.75, 517372, 196.363), (3.75, 558540, 213.763), (3.75, 601448, 228.776), (3.75, 644336, 243.789), (3.75, 687252, 258.789), (4.25, 719212, 273.796), (4.25, 762132, 288.817), (4.25, 794048, 300.017))"
i_42_2_8_MT_X,2,42,X,MT,8,MCTS_V,6.43,-,692340,"((4.031, 34664, 15.01), (4.031, 68668, 30.029), (4.031, 104088, 45.053), (4.75, 137660, 60.068), (4.75, 172520, 75.083), (4.75, 206788, 90.089), (4.75, 244020, 105.109), (4.75, 277620, 120.121), (4.75, 312224, 135.879), (4.75, 349368, 150.91), (4.75, 385708, 167.871), (6.43, 422564, 182.885), (6.43, 458892, 197.909), (6.43, 487880, 212.924), (6.43, 525100, 227.93), (6.43, 562220, 242.934), (6.43, 590296, 257.957), (6.43, 626712, 272.975), (6.43, 663152, 287.975), (6.43, 692340, 300.008))"
i_36_2_5_FR_X,2,36,X,FR,5,BNB,26.755,-,134144,"((20.757, 6552, 15.141), (22.798, 13268, 30.212), (22.798, 20372, 45.275), (22.798, 27308, 60.369), (22.798, 34180, 75.384), (24.324, 40632, 90.425), (26.755, 47156, 105.479), (26.755, 53500, 120.668), (26.755, 60596, 135.72), (26.755, 67344, 150.875), (26.755, 74132, 165.966), (26.755, 80836, 181.016), (26.755, 87268, 196.062), (26.755, 93584, 211.087), (26.755, 100164, 226.117), (26.755, 106996, 241.158), (26.755, 113860, 256.181), (26.755, 120484, 271.193), (26.755, 127628, 286.203), (26.755, 134144, 300.001))"
i_30_2_7_MT_X,2,30,X,MT,7,GBNB,6.73,-,222982,"((6.379, 11130, 15.008), (6.379, 21822, 30.011), (6.379, 33222, 45.023), (6.73, 44344, 60.03), (6.73, 55112, 75.034), (6.73, 65952, 90.036), (6.73, 76586, 105.046), (6.73, 87548, 120.118), (6.73, 98622, 135.127), (6.73, 109682, 150.133), (6.73, 120198, 165.143), (6.73, 131962, 180.153), (6.73, 143332, 195.154), (6.73, 155216, 210.157), (6.73, 166922, 225.159), (6.73, 177866, 240.161), (6.73, 189504, 255.214), (6.73, 200898, 270.248), (6.73, 212614, 285.255), (6.73, 222982, 300.01))"
i_36_2_5_FR_X,2,36,X,FR,5,BFS,26.755,-,147160,"((20.757, 7764, 15.079), (22.798, 15268, 30.142), (22.798, 22692, 45.143), (22.798, 29908, 60.303), (22.798, 37496, 75.334), (26.755, 44344, 90.447), (26.755, 51252, 105.57), (26.755, 58784, 120.615), (26.755, 66084, 135.654), (26.755, 73492, 150.779), (26.755, 80900, 165.921), (26.755, 87828, 180.984), (26.755, 94708, 195.997), (26.755, 102012, 211.099), (26.755, 109364, 226.213), (26.755, 116852, 241.276), (26.755, 124464, 256.288), (26.755, 132068, 271.301), (26.755, 140144, 286.311), (26.755, 147160, 300.015))"
i_36_2_5_FR_X,2,36,X,FR,5,BNBL,26.755,-,124032,"((20.757, 6676, 15.068), (22.798, 13044, 30.098), (22.798, 19572, 45.18), (22.798, 26020, 60.322), (22.798, 32404, 75.346), (22.798, 38580, 90.406), (26.755, 44596, 105.487), (26.755, 50452, 120.626), (26.755, 56836, 135.736), (26.755, 63148, 150.792), (26.755, 69524, 165.868), (26.755, 75896, 181.008), (26.755, 81860, 196.011), (26.755, 87348, 211.078), (26.755, 93044, 226.081), (26.755, 98996, 241.098), (26.755, 105488, 256.319), (26.755, 111876, 271.356), (26.755, 118236, 286.435), (26.755, 124032, 300.015))"
i_30_2_7_MT_X,2,30,X,MT,7,BNB,3.0,-,344228,"((1.5, 18020, 15.007), (1.5, 35556, 30.012), (1.75, 53268, 45.077), (1.75, 70548, 60.124), (3.0, 87476, 75.165), (3.0, 104836, 90.208), (3.0, 122904, 105.237), (3.0, 140276, 120.259), (3.0, 158332, 135.28), (3.0, 175620, 150.319), (3.0, 192900, 165.379), (3.0, 209176, 180.399), (3.0, 226996, 195.423), (3.0, 244852, 210.457), (3.0, 258676, 225.468), (3.0, 276728, 240.494), (3.0, 294800, 255.539), (3.0, 311876, 270.582), (3.0, 327476, 285.601), (3.0, 344228, 300.032))"
i_36_2_5_FR_X,2,36,X,FR,5,GBNB,31.579,-,102452,"((29.149, 4948, 15.009), (29.149, 10052, 30.024), (29.149, 15240, 45.036), (29.149, 20632, 60.063), (29.569, 25582, 75.075), (29.569, 30612, 90.081), (29.569, 35860, 105.085), (31.579, 40614, 120.094), (31.579, 45354, 135.105), (31.579, 50634, 150.129), (31.579, 55832, 165.135), (31.579, 60870, 180.151), (31.579, 65924, 195.162), (31.579, 71130, 210.167), (31.579, 76538, 225.173), (31.579, 81720, 240.191), (31.579, 86680, 255.201), (31.579, 91888, 270.219), (31.579, 97224, 285.232), (31.579, 102452, 300.017))"
i_30_2_7_MT_X,2,30,X,MT,7,BNBL,3.0,-,315340,"((1.5, 15548, 15.031), (1.75, 30956, 30.059), (3.0, 46584, 45.085), (3.0, 63100, 60.116), (3.0, 79516, 75.175), (3.0, 94776, 90.241), (3.0, 109092, 105.27), (3.0, 125244, 120.341), (3.0, 140600, 135.359), (3.0, 157308, 150.396), (3.0, 173216, 165.422), (3.0, 188824, 180.434), (3.0, 203732, 195.471), (3.0, 219172, 210.496), (3.0, 235620, 225.505), (3.0, 252540, 240.559), (3.0, 268532, 255.602), (3.0, 285820, 270.622), (3.0, 301020, 285.629), (3.0, 315340, 300.06))"
i_42_2_8_MT_X,2,42,X,MT,8,BNB,5.0,-,291988,"((3.0, 14988, 15.02), (3.0, 29776, 30.024), (3.0, 44788, 45.066), (3.5, 59132, 60.069), (3.5, 74132, 75.077), (3.5, 88436, 90.088), (5.0, 102612, 105.143), (5.0, 117076, 120.155), (5.0, 132244, 135.21), (5.0, 146644, 150.241), (5.0, 161588, 165.264), (5.0, 176212, 180.269), (5.0, 190236, 195.276), (5.0, 205108, 210.347), (5.0, 219604, 225.379), (5.0, 233476, 240.384), (5.0, 248580, 255.426), (5.0, 263716, 270.45), (5.0, 277604, 285.587), (5.0, 291988, 300.039))"
i_42_2_8_MT_X,2,42,X,MT,8,BNBL,5.0,-,266460,"((3.0, 13452, 15.039), (3.0, 26796, 30.059), (3.5, 39976, 45.079), (3.5, 53260, 60.101), (3.5, 66444, 75.182), (5.0, 79292, 90.22), (5.0, 93140, 105.285), (5.0, 106588, 120.329), (5.0, 119868, 135.332), (5.0, 133668, 150.342), (5.0, 147484, 165.41), (5.0, 160920, 180.516), (5.0, 174452, 195.547), (5.0, 186628, 210.58), (5.0, 199644, 225.653), (5.0, 213076, 240.695), (5.0, 226940, 255.699), (5.0, 239692, 270.726), (5.0, 253500, 285.784), (5.0, 266460, 300.055))"
i_42_2_8_MT_X,2,42,X,MT,8,BFS,5.0,-,339124,"((3.0, 17012, 15.036), (3.0, 34036, 30.048), (3.5, 51092, 45.052), (3.5, 68500, 60.102), (3.5, 85332, 75.119), (5.0, 101872, 90.13), (5.0, 118644, 105.175), (5.0, 136196, 120.178), (5.0, 152956, 135.206), (5.0, 170548, 150.219), (5.0, 187220, 165.231), (5.0, 204468, 180.277), (5.0, 221476, 195.299), (5.0, 237268, 210.349), (5.0, 254820, 225.376), (5.0, 272372, 240.398), (5.0, 287988, 255.447), (5.0, 305620, 270.478), (5.0, 322804, 285.516), (5.0, 339124, 300.061))"
i_42_2_8_MT_X,2,42,X,MT,8,GBNB,6.83,-,210772,"((6.33, 10215, 15.001), (6.33, 20763, 30.012), (6.83, 31196, 45.045), (6.83, 41637, 60.046), (6.83, 51553, 75.048), (6.83, 61777, 90.049), (6.83, 72221, 105.051), (6.83, 82133, 120.06), (6.83, 92707, 135.061), (6.83, 103059, 150.062), (6.83, 114009, 165.075), (6.83, 124107, 180.075), (6.83, 135146, 195.076), (6.83, 146284, 210.078), (6.83, 156777, 225.079), (6.83, 167873, 240.079), (6.83, 178850, 255.08), (6.83, 188905, 270.292), (6.83, 199905, 285.302), (6.83, 210772, 300.011))"
i_30_2_7_MT_X,2,30,X,MT,7,BFS,3.0,-,388484,"((1.5, 20500, 15.027), (1.5, 41072, 30.028), (1.75, 61108, 45.034), (1.75, 81252, 60.067), (3.0, 100164, 75.096), (3.0, 119696, 90.102), (3.0, 139640, 105.126), (3.0, 160308, 120.135), (3.0, 179892, 135.148), (3.0, 200308, 150.156), (3.0, 218788, 165.189), (3.0, 239172, 180.212), (3.0, 258360, 195.214), (3.0, 279156, 210.255), (3.0, 299188, 225.281), (3.0, 316212, 240.288), (3.0, 334100, 255.303), (3.0, 353684, 270.355), (3.0, 374180, 285.404), (3.0, 388484, 300.338))"
