i_48_2_12_MT_X,2,48,X,MT,12,MCTS_S,2.0,57.302,787012,"[(2.5, 42636, 3.021), (1.75, 88544, 6.022), (2.0, 129792, 9.025), (2.0, 172512, 12.026), (2.0, 213200, 15.026), (2.0, 253076, 18.027), (1.25, 291644, 21.028), (2.0, 332712, 24.281), (2.0, 378428, 27.284), (2.0, 413096, 30.286), (1.25, 458992, 33.289), (2.0, 504580, 36.293), (2.5, 536204, 39.294), (2.5, 581064, 42.294), (2.5, 625456, 45.297), (2.5, 653388, 48.298), (2.5, 697732, 51.3), (2.0, 742628, 54.301), (2.0, 787012, 57.302)]"
i_48_2_12_MT_X,2,48,X,MT,12,MCTS_E,3.75,58.514,786140,"[(1.75, 42696, 3.001), (1.25, 88824, 6.005), (2.75, 129668, 9.007), (3.5, 172240, 12.01), (3.5, 213168, 15.013), (3.5, 252844, 18.017), (3.5, 291580, 21.018), (3.5, 331340, 24.181), (3.5, 377652, 27.184), (3.75, 412292, 30.188), (3.75, 458244, 33.19), (3.75, 503856, 36.193), (3.75, 535308, 39.195), (3.75, 580448, 42.2), (3.75, 625632, 45.202), (3.75, 652664, 48.204), (3.75, 697356, 51.207), (3.75, 742832, 54.209), (3.75, 786140, 58.514)]"
i_48_2_12_MT_X,2,48,X,MT,12,MCTS_V,8.0,57.332,205440,"[(7.5, 10340, 3.01), (7.5, 21164, 6.027), (7.5, 32032, 9.037), (7.5, 43136, 12.046), (7.5, 54092, 15.065), (7.5, 64964, 18.096), (7.5, 76216, 21.108), (7.5, 86604, 24.124), (8.0, 97800, 27.131), (8.0, 107980, 30.139), (8.0, 119464, 33.149), (8.0, 130788, 36.152), (8.0, 140644, 39.156), (8.0, 151916, 42.164), (8.0, 163360, 45.177), (8.0, 172876, 48.18), (8.0, 184228, 51.182), (8.0, 195664, 54.188), (8.0, 205440, 57.332)]"
i_48_2_12_MT_X,2,48,X,MT,12,BNBL,5.0,57.263,111788,"[(4.25, 5932, 3.003), (3.75, 11954, 6.003), (4.0, 17720, 9.009), (4.0, 23630, 12.011), (4.0, 29804, 15.014), (4.0, 35476, 18.016), (4.0, 41110, 21.016), (4.0, 47342, 24.017), (4.0, 53024, 27.018), (5.0, 59200, 30.021), (5.0, 65300, 33.022), (5.0, 70780, 36.025), (5.0, 76908, 39.028), (5.0, 83064, 42.03), (5.0, 88264, 45.03), (5.0, 94308, 48.032), (5.0, 100388, 51.033), (5.0, 105800, 54.259), (5.0, 111788, 57.263)]"
i_48_2_12_MT_X,2,48,X,MT,12,BNB,4.5,57.204,143164,"[(3.5, 7780, 3.002), (3.0, 15426, 6.005), (3.0, 23172, 9.097), (3.0, 30812, 12.101), (3.0, 38796, 15.102), (3.0, 46126, 18.103), (3.0, 53384, 21.107), (3.0, 61426, 24.108), (3.0, 68332, 27.109), (3.5, 76216, 30.112), (3.5, 83288, 33.191), (3.5, 91230, 36.193), (3.5, 99172, 39.196), (3.5, 105752, 42.197), (3.5, 113616, 45.199), (4.5, 121360, 48.202), (4.5, 129210, 51.202), (4.5, 135312, 54.204), (4.5, 143164, 57.204)]"
i_48_2_12_MT_X,2,48,X,MT,12,BFS,4.5,57.325,196776,"[(3.5, 10538, 3.001), (3.0, 21088, 6.004), (3.0, 31210, 9.005), (3.0, 41612, 12.006), (3.0, 51872, 15.008), (3.0, 62512, 18.009), (3.5, 72380, 21.011), (3.5, 83444, 24.012), (3.5, 92854, 27.013), (3.5, 103838, 30.015), (3.5, 112940, 33.015), (4.5, 123816, 36.016), (4.5, 133504, 39.318), (4.5, 144362, 42.319), (4.5, 155404, 45.321), (4.5, 166384, 48.321), (4.5, 174598, 51.321), (4.5, 185626, 54.323), (4.5, 196776, 57.325)]"
i_36_2_9_SC_X,2,36,X,SC,9,MCTS_V,6.0,57.671,275616,"[(6.0, 14332, 3.001), (6.0, 28856, 6.015), (6.0, 43032, 9.016), (6.0, 57484, 12.028), (6.0, 71620, 15.029), (6.0, 86324, 18.211), (6.0, 101332, 21.214), (6.0, 115168, 24.22), (6.0, 130220, 27.222), (6.0, 143748, 30.23), (6.0, 158944, 33.233), (6.0, 173696, 36.631), (6.0, 189092, 39.636), (6.0, 204384, 42.648), (6.0, 217308, 45.657), (6.0, 232772, 48.662), (6.0, 248172, 51.665), (6.0, 263436, 54.667), (6.0, 275616, 57.671)]"
i_36_2_9_SC_X,2,36,X,SC,9,MCTS_E,3.0,59.384,908720,"[(2.0, 51768, 3.002), (2.0, 101828, 6.003), (3.0, 147432, 9.006), (3.0, 193456, 12.007), (3.0, 238252, 15.008), (3.0, 282476, 18.01), (3.0, 333820, 21.013), (3.0, 375364, 24.016), (3.0, 421712, 27.422), (3.0, 473028, 30.423), (3.0, 523192, 34.221), (3.0, 574396, 37.222), (3.0, 625400, 40.226), (3.0, 658096, 43.227), (3.0, 708696, 46.23), (3.0, 759572, 49.231), (3.0, 807292, 53.381), (3.0, 857652, 56.381), (3.0, 908720, 59.384)]"
i_48_2_12_MT_X,2,48,X,MT,12,GBFS,12.49,57.11,111845,"[(13.127, 5896, 3.0), (13.127, 11968, 6.0), (13.127, 17773, 9.001), (13.127, 23607, 12.001), (12.49, 29597, 15.097), (12.49, 35779, 18.098), (12.49, 41581, 21.098), (12.49, 47751, 24.098), (12.49, 53348, 27.1), (12.49, 59476, 30.102), (12.49, 64936, 33.103), (12.49, 70886, 36.105), (12.49, 77068, 39.106), (12.49, 82366, 42.107), (12.49, 88386, 45.108), (12.49, 94522, 48.108), (12.49, 100696, 51.109), (12.49, 105682, 54.11), (12.49, 111845, 57.11)]"
i_36_2_9_SC_X,2,36,X,SC,9,MCTS_S,4.0,59.415,909104,"[(2.0, 51752, 3.0), (2.0, 102080, 6.0), (3.0, 147652, 9.001), (3.0, 193764, 12.003), (3.0, 238568, 15.005), (4.0, 281016, 18.008), (4.0, 332200, 21.009), (4.0, 374384, 24.009), (4.0, 421624, 27.423), (4.0, 472856, 30.427), (4.0, 523188, 34.221), (4.0, 574168, 37.223), (4.0, 624776, 40.225), (4.0, 657632, 43.229), (4.0, 707932, 46.231), (4.0, 758652, 49.232), (4.0, 807284, 53.411), (4.0, 858316, 56.412), (4.0, 909104, 59.415)]"
i_36_2_9_SC_X,2,36,X,SC,9,BNBL,4.0,57.918,160152,"[(4.0, 8804, 3.008), (4.0, 17368, 6.027), (4.0, 25792, 9.037), (4.0, 34428, 12.04), (4.0, 42796, 15.057), (4.0, 50804, 18.078), (4.0, 59552, 21.09), (4.0, 67568, 24.111), (4.0, 76348, 27.14), (4.0, 84172, 30.157), (4.0, 93004, 33.18), (4.0, 101316, 36.453), (4.0, 110236, 39.479), (4.0, 119092, 42.484), (4.0, 127180, 45.868), (4.0, 135964, 48.869), (4.0, 144892, 51.894), (4.0, 153532, 54.895), (4.0, 160152, 57.918)]"
i_36_2_9_SC_X,2,36,X,SC,9,BFS,4.0,58.081,252612,"[(3.0, 13420, 3.003), (3.0, 26928, 6.004), (4.0, 39620, 9.008), (4.0, 52976, 12.017), (4.0, 66096, 15.02), (4.0, 79920, 18.029), (4.0, 92624, 21.033), (4.0, 104992, 24.037), (4.0, 119568, 27.048), (4.0, 131460, 30.057), (4.0, 145788, 33.061), (4.0, 159964, 36.755), (4.0, 174404, 39.77), (4.0, 188832, 42.773), (4.0, 200228, 46.06), (4.0, 214564, 49.064), (4.0, 229100, 52.065), (4.0, 243380, 55.066), (4.0, 252612, 58.081)]"
i_36_2_9_SC_X,2,36,X,SC,9,BNB,4.0,57.217,193372,"[(4.0, 10624, 3.001), (4.0, 20620, 6.002), (4.0, 30540, 9.005), (4.0, 40876, 12.024), (4.0, 50704, 15.029), (4.0, 61564, 18.043), (4.0, 71500, 21.055), (4.0, 81148, 24.072), (4.0, 91880, 27.076), (4.0, 101316, 30.129), (4.0, 112156, 33.138), (4.0, 122908, 36.155), (4.0, 131660, 39.159), (4.0, 142492, 42.176), (4.0, 153244, 45.186), (4.0, 161500, 48.188), (4.0, 172140, 51.202), (4.0, 182732, 54.206), (4.0, 193372, 57.217)]"
i_121_2_19_SC_X,2,121,X,SC,19,MCTS_E,4.0,57.851,569584,"[(1.0, 30536, 3.002), (2.0, 62028, 6.01), (1.0, 91792, 9.014), (2.0, 121608, 12.016), (2.0, 150180, 15.02), (2.0, 178092, 18.023), (2.0, 209456, 21.026), (2.0, 237056, 24.026), (2.0, 266368, 27.23), (2.0, 298960, 30.235), (2.0, 329616, 33.662), (2.0, 362076, 36.663), (2.0, 394212, 39.666), (2.0, 418788, 42.668), (2.0, 450716, 45.668), (2.0, 482108, 48.669), (2.0, 506616, 51.841), (2.0, 537948, 54.845), (4.0, 569584, 57.851)]"
i_36_2_9_SC_X,2,36,X,SC,9,GBFS,6.0,57.147,171596,"[(6.0, 8760, 3.006), (6.0, 17527, 6.006), (6.0, 26516, 9.006), (6.0, 35596, 12.01), (6.0, 44548, 15.018), (6.0, 53336, 18.03), (6.0, 62100, 21.076), (6.0, 71567, 24.076), (6.0, 79912, 27.081), (6.0, 89472, 30.089), (6.0, 99092, 33.096), (6.0, 107280, 36.102), (6.0, 117124, 39.116), (6.0, 125085, 42.116), (6.0, 134868, 45.13), (6.0, 144603, 48.13), (6.0, 154329, 51.131), (6.0, 161816, 54.139), (6.0, 171596, 57.147)]"
i_121_2_19_SC_X,2,121,X,SC,19,MCTS_V,10.0,57.29,123388,"[(6.0, 6516, 3.023), (8.0, 12984, 6.027), (10.0, 19572, 9.051), (10.0, 26160, 12.052), (10.0, 32532, 15.073), (10.0, 39512, 18.083), (10.0, 46064, 21.09), (10.0, 52604, 24.118), (10.0, 59520, 27.142), (10.0, 65816, 30.156), (10.0, 72576, 33.169), (10.0, 79360, 36.179), (10.0, 85248, 39.187), (10.0, 92040, 42.213), (10.0, 98636, 45.228), (10.0, 103888, 48.246), (10.0, 109908, 51.25), (10.0, 116724, 54.258), (10.0, 123388, 57.29)]"
i_121_2_19_SC_X,2,121,X,SC,19,MCTS_S,2.0,58.408,564728,"[(2.0, 30428, 3.006), (1.0, 62528, 6.009), (1.0, 92132, 9.01), (2.0, 122204, 12.012), (2.0, 151032, 15.013), (2.0, 178876, 18.016), (2.0, 210376, 21.018), (2.0, 238172, 24.024), (2.0, 266020, 27.086), (2.0, 297580, 30.096), (2.0, 329240, 33.546), (2.0, 361304, 36.552), (2.0, 393296, 39.553), (2.0, 417196, 42.558), (2.0, 449272, 45.561), (2.0, 475040, 48.562), (1.0, 505592, 52.4), (2.0, 535748, 55.407), (2.0, 564728, 58.408)]"
i_121_2_19_SC_X,2,121,X,SC,19,BFS,4.0,57.363,125980,"[(3.0, 6852, 3.006), (3.0, 13716, 6.021), (3.0, 20292, 9.03), (3.0, 27076, 12.052), (4.0, 34120, 15.067), (4.0, 40612, 18.075), (4.0, 47144, 21.096), (4.0, 54216, 24.109), (4.0, 60612, 27.126), (4.0, 67844, 30.136), (4.0, 73948, 33.137), (4.0, 81044, 36.162), (4.0, 87044, 39.283), (4.0, 93956, 42.301), (4.0, 100932, 45.326), (4.0, 106652, 48.33), (4.0, 112252, 51.346), (4.0, 119016, 54.363), (4.0, 125980, 57.363)]"
i_121_2_19_SC_X,2,121,X,SC,19,BNB,5.0,45.355,66732,"[(2.0, 3712, 3.05), (4.0, 7940, 6.065), (4.0, 12208, 9.078), (4.0, 16224, 12.146), (4.0, 19664, 15.149), (5.0, 23696, 18.166), (5.0, 27904, 21.18), (5.0, 32316, 24.183), (5.0, 36664, 27.226), (5.0, 41300, 30.258), (5.0, 45524, 33.265), (5.0, 50576, 36.272), (5.0, 55308, 39.317), (5.0, 60980, 42.339), (5.0, 66732, 45.355)]"
i_121_2_19_SC_X,2,121,X,SC,19,BNBL,5.0,57.729,64296,"[(2.0, 2812, 3.048), (3.0, 5892, 6.081), (4.0, 9052, 9.113), (4.0, 12144, 12.206), (4.0, 14448, 15.249), (4.0, 17368, 18.278), (4.0, 20352, 21.322), (5.0, 23504, 24.385), (5.0, 26592, 27.482), (5.0, 29820, 30.5), (5.0, 33036, 33.546), (5.0, 36152, 36.557), (5.0, 39528, 39.56), (5.0, 43284, 42.6), (5.0, 46716, 45.62), (5.0, 50832, 48.65), (5.0, 55308, 51.679), (5.0, 59420, 54.703), (5.0, 64296, 57.729)]"
i_121_2_19_SC_X,2,121,X,SC,19,GBFS,14.0,57.085,62564,"[(14.0, 3150, 3.0), (14.0, 6536, 6.0), (14.0, 9948, 9.008), (14.0, 12956, 12.021), (14.0, 15732, 15.037), (14.0, 19232, 18.038), (14.0, 22580, 21.053), (14.0, 26053, 24.054), (14.0, 29296, 27.054), (14.0, 32600, 30.054), (14.0, 35645, 33.054), (14.0, 39002, 36.054), (14.0, 42430, 39.054), (14.0, 45425, 42.055), (14.0, 48939, 45.055), (14.0, 52390, 48.055), (14.0, 55486, 51.055), (14.0, 59004, 54.074), (14.0, 62564, 57.085)]"
i_46_2_22_FR_orz102d,2,43,orz102d,FR,22,MCTS_E,5.917,57.52,455152,"[(2.949, 25280, 3.004), (6.828, 50664, 6.004), (4.943, 75104, 9.009), (4.943, 100496, 12.01), (5.917, 125760, 15.014), (4.943, 150104, 18.016), (4.943, 174292, 21.019), (4.943, 200636, 24.026), (4.943, 221768, 27.033), (4.943, 245160, 30.036), (4.943, 266640, 33.039), (4.943, 294436, 36.041), (4.943, 318944, 39.495), (4.943, 341568, 42.498), (4.943, 366916, 45.503), (10.432, 391844, 48.504), (5.917, 410064, 51.506), (5.917, 433124, 54.515), (5.917, 455152, 57.52)]"
i_46_2_22_FR_orz102d,2,43,orz102d,FR,22,MCTS_V,25.958,57.206,114624,"[(19.73, 5904, 3.003), (19.174, 12128, 6.003), (21.299, 18512, 9.028), (25.958, 24768, 12.043), (25.958, 31072, 15.047), (25.958, 37576, 18.069), (25.958, 43840, 21.078), (25.958, 50088, 24.079), (25.958, 55848, 27.094), (25.958, 61964, 30.109), (25.958, 67920, 33.121), (25.958, 74492, 36.124), (25.958, 80668, 39.137), (25.958, 85624, 42.148), (25.958, 91936, 45.158), (25.958, 97844, 48.158), (25.958, 103740, 51.163), (25.958, 109180, 54.175), (25.958, 114624, 57.206)]"
i_46_2_22_FR_orz102d,2,43,orz102d,FR,22,MCTS_S,4.834,57.079,450788,"[(4.943, 25168, 3.004), (4.943, 50584, 6.007), (7.801, 75072, 9.009), (6.828, 100484, 12.013), (6.828, 125308, 15.017), (6.828, 150224, 18.022), (6.828, 173780, 21.024), (6.828, 198576, 24.031), (7.801, 218500, 27.034), (7.801, 243600, 30.037), (7.234, 266244, 33.043), (7.234, 293104, 36.047), (7.234, 317432, 39.051), (7.234, 337172, 42.059), (7.234, 362288, 45.064), (6.828, 385464, 48.07), (6.828, 404324, 51.074), (6.828, 426812, 54.075), (4.834, 450788, 57.079)]"
i_46_2_22_FR_orz102d,2,43,orz102d,FR,22,BFS,9.555,57.07,128139,"[(5.887, 6581, 3.0), (9.555, 13080, 6.004), (9.555, 20134, 9.004), (9.555, 25990, 12.004), (9.555, 32132, 15.005), (9.555, 38882, 18.005), (9.555, 44966, 21.006), (9.555, 51061, 24.067), (9.555, 57878, 27.068), (9.555, 65178, 30.068), (9.555, 71992, 33.068), (9.555, 79363, 36.068), (9.555, 85864, 39.068), (5.887, 93429, 42.069), (9.555, 100863, 45.069), (9.555, 107027, 48.069), (9.555, 114342, 51.07), (9.555, 120680, 54.07), (9.555, 128139, 57.07)]"
i_46_2_22_FR_orz102d,2,43,orz102d,FR,22,BNBL,28.032,57.021,59252,"[(28.032, 2870, 3.001), (28.032, 5765, 6.001), (28.032, 8927, 9.001), (28.032, 11837, 12.006), (28.032, 14637, 15.007), (28.032, 17672, 18.007), (28.032, 20524, 21.007), (28.032, 23618, 24.008), (28.032, 26624, 27.01), (28.032, 29886, 30.016), (28.032, 33102, 33.016), (28.032, 36402, 36.016), (28.032, 39555, 39.017), (28.032, 42966, 42.018), (28.032, 46407, 45.018), (28.032, 49846, 48.018), (28.032, 52778, 51.02), (28.032, 55837, 54.02), (28.032, 59252, 57.021)]"
i_46_2_22_FR_orz102d,2,43,orz102d,FR,22,BNB,9.555,57.007,98252,"[(5.887, 4639, 3.001), (9.555, 10014, 6.001), (9.555, 15035, 9.002), (9.555, 19682, 12.002), (9.555, 24354, 15.002), (9.555, 29318, 18.003), (9.555, 34157, 21.003), (9.555, 39740, 24.003), (9.555, 44572, 27.004), (9.555, 50111, 30.004), (9.555, 55256, 33.004), (9.555, 60629, 36.004), (9.555, 66276, 39.004), (9.555, 71443, 42.005), (9.555, 77161, 45.005), (9.555, 82923, 48.005), (9.555, 87092, 51.006), (5.887, 92777, 54.006), (9.555, 98252, 57.007)]"
i_46_2_22_FR_orz102d,2,43,orz102d,FR,22,GBFS,24.382,57.01,55115,"[(24.382, 2971, 3.001), (24.382, 5865, 6.001), (24.382, 8759, 9.002), (24.382, 11717, 12.002), (24.382, 14590, 15.004), (24.382, 17426, 18.004), (24.382, 20415, 21.004), (24.382, 23309, 24.005), (24.382, 26368, 27.005), (24.382, 29326, 30.006), (24.382, 32118, 33.007), (24.382, 35043, 36.007), (24.382, 38014, 39.007), (24.382, 40747, 42.007), (24.382, 43694, 45.008), (24.382, 46611, 48.008), (24.382, 49522, 51.008), (24.382, 52193, 54.009), (24.382, 55115, 57.01)]"
i_155_4_36_FR_den312d,4,155,den312d,FR,36,MCTS_E,2.57,-,460176,"[(3.05, 22464, 3.011), (3.05, 46080, 6.106), (3.05, 68832, 9.132), (3.05, 92160, 12.223), (3.05, 117792, 15.648), (3.05, 141120, 18.663), (3.05, 164736, 21.681), (3.05, 188352, 24.789), (3.05, 210816, 27.827), (3.05, 233856, 30.922), (3.05, 262656, 34.716), (3.05, 291840, 37.818), (3.05, 314112, 40.975), (3.05, 341760, 43.979), (3.05, 362496, 47.08), (3.05, 392640, 50.253), (3.05, 409920, 53.304), (2.57, 439296, 56.534), (2.57, 460176, 60.108)]"
i_155_4_36_FR_den312d,4,155,den312d,FR,36,MCTS_V,35.994,-,57600,"[(15.995, 3888, 4.139), (19.969, 6912, 7.336), (23.147, 9936, 10.62), (23.147, 13824, 14.838), (23.147, 17280, 18.469), (23.147, 21168, 22.575), (23.147, 24192, 25.766), (23.147, 27216, 29.057), (28.701, 31104, 33.246), (28.701, 34560, 37.013), (28.701, 38016, 40.757), (28.701, 41472, 44.302), (28.701, 46080, 49.196), (35.994, 49536, 53.013), (35.994, 52992, 56.545), (35.994, 57600, 61.551)]"
i_155_4_36_FR_den312d,4,155,den312d,FR,36,MCTS_S,2.57,58.815,454128,"[(2.57, 22464, 3.007), (2.57, 46080, 6.071), (2.57, 70128, 9.213), (3.489, 93888, 12.354), (3.489, 116496, 15.358), (2.57, 141120, 18.488), (2.57, 166464, 21.671), (2.57, 190080, 24.796), (2.57, 212544, 27.842), (2.57, 235584, 30.898), (2.57, 258624, 34.031), (2.57, 288768, 37.245), (2.57, 310656, 40.274), (2.57, 339456, 43.344), (2.57, 360192, 46.415), (2.57, 389184, 49.437), (2.57, 408192, 52.589), (2.57, 436992, 55.758), (2.57, 454128, 58.815)]"
i_155_4_36_FR_den312d,4,155,den312d,FR,36,BFS,11.437,59.73,37744,"[(11.437, 5392, 8.539), (11.437, 10784, 17.087), (11.437, 16176, 25.617), (11.437, 21568, 34.174), (11.437, 26960, 42.775), (11.437, 32352, 51.384), (11.437, 37744, 59.73)]"
i_155_4_36_FR_den312d,4,155,den312d,FR,36,BNBL,41.616,52.426,16176,"[(5.767, 1296, 3.196), (15.113, 5392, 14.589), (24.654, 9488, 27.48), (32.358, 13584, 42.005), (38.49, 14880, 46.981), (41.616, 16176, 52.426)]"
i_155_4_36_FR_den312d,4,155,den312d,FR,36,GBFS,51.9,57.449,18496,"[(5.327, 1296, 5.968), (13.7, 3829, 8.968), (13.7, 4368, 13.817), (20.976, 6604, 16.818), (21.338, 8464, 22.68), (29.471, 10358, 25.682), (29.471, 11536, 28.892), (36.712, 12832, 32.77), (40.105, 14128, 38.779), (47.636, 15469, 41.779), (47.636, 16748, 44.78), (50.268, 17418, 47.782), (51.9, 18496, 57.449)]"
i_155_4_36_FR_den312d,4,155,den312d,FR,36,BNB,11.437,56.592,27392,"[(11.437, 5392, 11.109), (11.437, 7120, 14.669), (11.437, 11216, 23.058), (11.437, 16608, 34.176), (11.437, 22000, 45.307), (11.437, 27392, 56.592)]"
i_225_2_27_SC_X,2,225,X,SC,27,MCTS_E,2.0,57.329,403664,"[(2.0, 20900, 3.008), (2.0, 42448, 6.009), (2.0, 65688, 9.015), (1.0, 86388, 12.021), (2.0, 107256, 15.024), (2.0, 127996, 18.032), (2.0, 148368, 21.038), (2.0, 170152, 24.039), (2.0, 189532, 27.042), (2.0, 211936, 30.045), (2.0, 231496, 33.049), (2.0, 254284, 36.05), (2.0, 273304, 39.056), (2.0, 296140, 42.057), (2.0, 319172, 45.058), (2.0, 337744, 48.066), (2.0, 360796, 51.073), (2.0, 383976, 54.081), (2.0, 403664, 57.329)]"
i_225_2_27_SC_X,2,225,X,SC,27,MCTS_S,2.0,57.474,401172,"[(2.0, 20872, 3.008), (2.0, 42516, 6.008), (2.0, 65624, 9.015), (1.0, 86828, 12.02), (1.0, 107556, 15.022), (1.0, 127920, 18.03), (1.0, 148208, 21.036), (2.0, 169972, 24.041), (2.0, 189436, 27.044), (2.0, 211160, 30.049), (2.0, 230696, 33.057), (2.0, 253164, 36.064), (2.0, 272272, 39.072), (2.0, 294796, 42.08), (2.0, 317348, 45.082), (2.0, 335544, 48.092), (2.0, 358388, 51.092), (2.0, 381268, 54.097), (2.0, 401172, 57.474)]"
i_225_2_27_SC_X,2,225,X,SC,27,MCTS_V,10.0,57.476,73972,"[(10.0, 3712, 3.008), (10.0, 7660, 6.091), (10.0, 11556, 9.105), (10.0, 15292, 12.123), (10.0, 19092, 15.158), (10.0, 22956, 18.164), (10.0, 26900, 21.18), (10.0, 30568, 24.181), (10.0, 34692, 27.214), (10.0, 38552, 30.216), (10.0, 42720, 33.253), (10.0, 46812, 36.268), (10.0, 50604, 39.299), (10.0, 54684, 42.33), (10.0, 58820, 45.357), (10.0, 62488, 48.401), (10.0, 66504, 51.415), (10.0, 70588, 54.448), (10.0, 73972, 57.476)]"
i_225_2_27_SC_X,2,225,X,SC,27,BFS,4.0,57.504,82548,"[(2.0, 4468, 3.017), (3.0, 8836, 6.065), (3.0, 13204, 9.085), (3.0, 17524, 12.113), (3.0, 21796, 15.116), (3.0, 26020, 18.163), (4.0, 30540, 21.189), (4.0, 34620, 24.191), (4.0, 39140, 27.23), (4.0, 43204, 30.257), (4.0, 47736, 33.274), (4.0, 52292, 36.289), (4.0, 56140, 39.289), (4.0, 60724, 42.342), (4.0, 65252, 45.373), (4.0, 69044, 48.405), (4.0, 73584, 51.465), (4.0, 78064, 54.5), (4.0, 82548, 57.504)]"
i_225_2_27_SC_X,2,225,X,SC,27,BNBL,6.0,58.375,29004,"[(1.0, 1912, 3.041), (2.0, 3472, 6.165), (2.0, 4980, 9.194), (3.0, 6484, 12.213), (4.0, 7988, 15.273), (4.0, 9500, 18.299), (4.0, 11040, 21.411), (4.0, 12544, 24.487), (4.0, 14096, 27.637), (4.0, 15408, 30.648), (5.0, 16880, 33.704), (5.0, 18268, 36.87), (5.0, 19728, 40.065), (6.0, 21280, 43.185), (6.0, 22848, 46.273), (6.0, 24416, 49.338), (6.0, 25876, 52.356), (6.0, 27436, 55.36), (6.0, 29004, 58.375)]"
i_225_2_27_SC_X,2,225,X,SC,27,BNB,6.0,57.579,43060,"[(1.0, 2516, 3.016), (2.0, 4756, 6.039), (3.0, 6964, 9.041), (4.0, 9140, 12.057), (4.0, 11392, 15.113), (4.0, 13596, 18.115), (5.0, 15768, 21.177), (5.0, 18008, 24.225), (5.0, 20128, 27.291), (6.0, 22208, 30.306), (6.0, 24464, 33.333), (6.0, 26428, 36.349), (6.0, 28700, 39.399), (6.0, 31100, 42.454), (6.0, 33304, 45.512), (6.0, 35736, 48.526), (6.0, 38244, 51.539), (6.0, 40740, 54.546), (6.0, 43060, 57.579)]"
i_225_2_27_SC_X,2,225,X,SC,27,GBFS,12.0,57.124,35034,"[(12.0, 1969, 3.001), (12.0, 3796, 6.028), (12.0, 5690, 9.029), (12.0, 7544, 12.029), (12.0, 9456, 15.03), (12.0, 11294, 18.031), (12.0, 13140, 21.043), (12.0, 14724, 24.049), (12.0, 16587, 27.049), (12.0, 18308, 30.069), (12.0, 20078, 33.07), (12.0, 21956, 36.074), (12.0, 23858, 39.075), (12.0, 25644, 42.097), (12.0, 27549, 45.097), (12.0, 29473, 48.097), (12.0, 31405, 51.097), (12.0, 33100, 54.123), (12.0, 35034, 57.124)]"
i_133_2_32_MT_orz704d,2,133,orz704d,MT,32,MCTS_E,2.25,57.092,316632,"[(2.0, 15668, 3.003), (2.5, 32088, 6.01), (3.75, 49288, 9.015), (2.25, 67896, 12.02), (2.25, 84776, 15.026), (2.25, 101340, 18.034), (2.25, 116928, 21.045), (2.25, 133664, 24.046), (2.25, 149288, 27.055), (2.25, 166388, 30.056), (2.25, 181652, 33.057), (2.25, 198944, 36.059), (2.25, 213836, 39.062), (2.25, 231112, 42.068), (2.25, 248024, 45.072), (2.25, 262712, 48.075), (2.25, 280568, 51.084), (2.25, 298176, 54.085), (2.25, 316632, 57.092)]"
i_133_2_32_MT_orz704d,2,133,orz704d,MT,32,MCTS_V,12.5,57.374,82200,"[(10.25, 4044, 3.002), (10.75, 8332, 6.005), (10.75, 12500, 9.012), (10.75, 16524, 12.014), (12.5, 20976, 15.052), (12.5, 25056, 18.07), (12.5, 29248, 21.093), (12.5, 33636, 24.111), (12.5, 38076, 27.169), (12.5, 42312, 30.196), (12.5, 46740, 33.203), (12.5, 50952, 36.223), (12.5, 55692, 39.256), (12.5, 60184, 42.281), (12.5, 64292, 45.298), (12.5, 69196, 48.319), (12.5, 73884, 51.337), (12.5, 77868, 54.366), (12.5, 82200, 57.374)]"
i_133_2_32_MT_orz704d,2,133,orz704d,MT,32,MCTS_S,3.25,57.09,316380,"[(3.0, 15696, 3.004), (3.75, 32220, 6.006), (3.75, 49456, 9.009), (2.25, 67312, 12.01), (2.25, 83912, 15.017), (2.25, 100384, 18.023), (2.0, 116396, 21.026), (2.0, 133268, 24.029), (2.0, 149304, 27.036), (2.0, 166296, 30.039), (2.0, 181668, 33.047), (2.0, 198744, 36.051), (2.0, 213916, 39.057), (2.0, 231152, 42.058), (3.25, 248276, 45.069), (3.25, 263064, 48.08), (3.25, 280768, 51.081), (3.25, 298432, 54.081), (3.25, 316380, 57.09)]"
i_133_2_32_MT_orz704d,2,133,orz704d,MT,32,BFS,3.75,57.018,96964,"[(2.75, 5236, 3.001), (3.75, 10652, 6.001), (3.75, 16033, 9.001), (3.75, 21370, 12.002), (3.75, 26653, 15.002), (3.75, 31110, 18.003), (3.75, 36079, 21.003), (3.75, 40694, 24.007), (3.75, 46086, 27.008), (3.75, 50430, 30.014), (3.75, 55794, 33.014), (3.75, 61254, 36.014), (3.75, 65707, 39.014), (3.75, 70840, 42.015), (3.75, 76186, 45.015), (3.75, 80769, 48.015), (3.75, 86240, 51.015), (3.75, 91500, 54.016), (3.75, 96964, 57.018)]"
i_133_2_32_MT_orz704d,2,133,orz704d,MT,32,BNBL,5.25,57.042,41975,"[(4.75, 2468, 3.004), (4.75, 4804, 6.005), (4.75, 7102, 9.005), (4.75, 9404, 12.015), (5.25, 11703, 15.015), (5.25, 13673, 18.016), (5.25, 15708, 21.016), (5.25, 17705, 24.016), (5.25, 19860, 27.017), (5.25, 22012, 30.018), (5.25, 24186, 33.019), (5.25, 26402, 36.037), (5.25, 28630, 39.038), (5.25, 30722, 42.038), (5.25, 33020, 45.039), (5.25, 35355, 48.04), (5.25, 37611, 51.04), (5.25, 39715, 54.041), (5.25, 41975, 57.042)]"
i_133_2_32_MT_orz704d,2,133,orz704d,MT,32,BNB,3.75,57.04,59022,"[(3.5, 3310, 3.0), (2.75, 6586, 6.001), (3.75, 9763, 9.002), (3.75, 12463, 12.003), (3.75, 15514, 15.009), (3.75, 18372, 18.019), (3.75, 21286, 21.02), (3.75, 24285, 24.02), (3.75, 27642, 27.021), (3.75, 30529, 30.021), (3.75, 33862, 33.021), (3.75, 36913, 36.022), (3.75, 39950, 39.023), (3.75, 43268, 42.023), (3.75, 46366, 45.03), (3.75, 49310, 48.033), (3.75, 52635, 51.033), (3.75, 55768, 54.04), (3.75, 59022, 57.04)]"
i_133_2_32_MT_orz704d,2,133,orz704d,MT,32,GBFS,19.0,57.01,38764,"[(19.0, 2337, 3.001), (19.0, 4456, 6.001), (19.0, 6511, 9.001), (19.0, 8576, 12.002), (19.0, 10720, 15.002), (19.0, 12781, 18.003), (19.0, 14706, 21.003), (19.0, 16402, 24.004), (19.0, 18435, 27.005), (19.0, 20338, 30.006), (19.0, 22115, 33.006), (19.0, 24040, 36.006), (19.0, 26192, 39.006), (19.0, 28166, 42.006), (19.0, 30346, 45.007), (19.0, 32448, 48.008), (19.0, 34601, 51.008), (19.0, 36577, 54.009), (19.0, 38764, 57.01)]"
