i_48_2_12_MT_X,2,48,X,MT,12,MCTS_E,3.75,57.069,786168,"((2.5, 43808, 3.002), (2.0, 90000, 6.003), (1.75, 129808, 9.01), (2.25, 171164, 12.012), (2.25, 212784, 15.014), (3.0, 253096, 18.014), (3.0, 291212, 21.018), (3.0, 336068, 24.019), (3.0, 371764, 27.025), (3.75, 414164, 30.027), (3.75, 449020, 33.029), (3.75, 495068, 36.03), (3.75, 527560, 39.035), (3.75, 573532, 42.037), (3.75, 619384, 45.039), (3.75, 649080, 48.062), (3.75, 695016, 51.064), (3.75, 740612, 54.067), (3.75, 786168, 57.069))"
i_48_2_12_MT_X,2,48,X,MT,12,MCTS_V,8.25,57.556,208636,"((7.0, 10352, 3.012), (7.0, 21452, 6.021), (7.0, 31952, 9.023), (7.0, 42788, 12.024), (7.0, 53944, 15.032), (7.0, 64976, 18.036), (8.0, 76264, 21.041), (8.0, 86000, 24.062), (8.25, 97060, 27.073), (8.25, 106812, 30.087), (8.25, 118456, 33.088), (8.25, 130060, 36.089), (8.25, 140336, 39.092), (8.25, 151996, 42.104), (8.25, 163764, 45.536), (8.25, 175472, 48.542), (8.25, 187124, 51.546), (8.25, 198960, 54.554), (8.25, 208636, 57.556))"
i_48_2_12_MT_X,2,48,X,MT,12,MCTS_S,3.0,57.295,803288,"((2.75, 44608, 3.0), (2.0, 91904, 6.002), (2.25, 133964, 9.004), (2.25, 177356, 12.008), (2.25, 218960, 15.012), (2.25, 259100, 18.012), (2.25, 298392, 21.014), (2.25, 340108, 24.268), (2.0, 386880, 27.272), (2.5, 422548, 30.275), (2.5, 468924, 33.278), (2.25, 514592, 36.281), (2.25, 546760, 39.284), (2.5, 592092, 42.285), (2.5, 637668, 45.287), (2.5, 666896, 48.29), (3.0, 712168, 51.291), (3.0, 757616, 54.293), (3.0, 803288, 57.295))"
i_48_2_12_MT_X,2,48,X,MT,12,BFS,6.25,57.512,201886,"((4.25, 10676, 3.002), (4.75, 21384, 6.003), (4.75, 31696, 9.004), (4.75, 42268, 12.005), (4.75, 52712, 15.006), (4.75, 64056, 18.007), (5.25, 73972, 21.008), (5.25, 83604, 24.013), (5.25, 94876, 27.015), (5.25, 105824, 30.456), (5.25, 117000, 33.458), (6.25, 128120, 36.459), (6.25, 136866, 39.459), (6.25, 148020, 42.461), (6.25, 159404, 45.462), (6.25, 167924, 48.509), (6.25, 179192, 51.51), (6.25, 190548, 54.51), (6.25, 201886, 57.512))"
i_48_2_12_MT_X,2,48,X,MT,12,BNBL,6.75,57.329,111768,"((5.0, 5924, 3.003), (5.5, 11964, 6.005), (5.75, 17706, 9.006), (5.75, 23556, 12.006), (5.75, 29696, 15.007), (5.75, 35492, 18.01), (5.75, 41204, 21.014), (5.75, 47368, 24.015), (5.75, 53052, 27.016), (6.0, 59160, 30.016), (6.0, 65300, 33.02), (6.0, 70754, 36.02), (6.75, 76836, 39.021), (6.75, 82976, 42.025), (6.75, 88162, 45.026), (6.75, 94280, 48.027), (6.75, 100324, 51.029), (6.75, 105800, 54.327), (6.75, 111768, 57.329))"
i_48_2_12_MT_X,2,48,X,MT,12,BNB,6.25,57.057,144760,"((4.25, 7828, 3.002), (4.75, 15574, 6.003), (4.75, 23172, 9.032), (4.75, 30858, 12.033), (4.75, 38958, 15.036), (4.75, 46566, 18.037), (4.75, 54032, 21.037), (4.75, 62150, 24.038), (4.75, 69392, 27.041), (5.25, 77314, 30.043), (5.25, 84286, 33.045), (5.25, 92320, 36.046), (5.25, 100332, 39.047), (5.25, 106838, 42.047), (5.25, 114802, 45.049), (6.25, 122720, 48.053), (6.25, 130680, 51.054), (6.25, 136884, 54.056), (6.25, 144760, 57.057))"
i_48_2_12_MT_X,2,48,X,MT,12,GBFS,14.465,57.083,112416,"((8.289, 5936, 3.0), (8.289, 11966, 6.002), (8.289, 17804, 9.004), (14.465, 23677, 12.004), (14.465, 29597, 15.074), (14.465, 35768, 18.076), (14.465, 41526, 21.077), (14.465, 47702, 24.077), (14.465, 53319, 27.078), (14.465, 59447, 30.078), (14.465, 64886, 33.078), (14.465, 71047, 36.078), (14.465, 77314, 39.08), (14.465, 82656, 42.08), (14.465, 88719, 45.08), (14.465, 94924, 48.08), (14.465, 101128, 51.082), (14.465, 106180, 54.082), (14.465, 112416, 57.083))"
i_36_2_9_SC_X,2,36,X,SC,9,MCTS_E,4.0,58.405,911108,"((1.0, 52868, 3.001), (2.0, 104208, 6.001), (3.0, 151032, 9.002), (3.0, 198304, 12.003), (3.0, 243972, 15.005), (3.0, 288864, 18.005), (3.0, 340176, 21.467), (3.0, 392848, 24.468), (3.0, 433532, 27.469), (3.0, 485780, 30.47), (4.0, 523604, 33.534), (4.0, 575852, 36.535), (4.0, 627364, 39.538), (4.0, 660360, 42.539), (4.0, 712056, 45.542), (4.0, 764100, 48.543), (4.0, 807660, 52.399), (4.0, 859248, 55.403), (4.0, 911108, 58.405))"
i_36_2_9_SC_X,2,36,X,SC,9,MCTS_V,6.0,57.225,281240,"((6.0, 14852, 3.011), (6.0, 29664, 6.017), (6.0, 44436, 9.031), (6.0, 59436, 12.044), (6.0, 74156, 15.047), (6.0, 88568, 18.055), (6.0, 104124, 21.067), (6.0, 118424, 24.075), (6.0, 134000, 27.083), (6.0, 147580, 30.083), (6.0, 163152, 33.093), (6.0, 176844, 36.141), (6.0, 192420, 39.145), (6.0, 208000, 42.147), (6.0, 221280, 45.197), (6.0, 236956, 48.197), (6.0, 252744, 51.214), (6.0, 268652, 54.224), (6.0, 281240, 57.225))"
i_36_2_9_SC_X,2,36,X,SC,9,MCTS_S,2.0,58.758,910280,"((3.0, 52744, 3.003), (2.0, 103980, 6.004), (2.0, 150720, 9.007), (2.0, 197452, 12.008), (2.0, 243148, 15.009), (2.0, 287732, 18.009), (2.0, 340116, 21.012), (2.0, 382628, 24.014), (2.0, 423192, 27.017), (2.0, 474608, 30.019), (2.0, 523564, 33.71), (2.0, 574628, 36.711), (2.0, 625284, 39.711), (2.0, 658504, 42.713), (2.0, 709508, 45.714), (2.0, 761016, 48.716), (2.0, 807992, 52.756), (2.0, 858652, 55.758), (2.0, 910280, 58.758))"
i_36_2_9_SC_X,2,36,X,SC,9,BFS,6.0,57.137,254996,"((5.0, 13648, 3.008), (5.0, 27348, 6.015), (6.0, 40272, 9.022), (6.0, 53936, 12.032), (6.0, 67392, 15.035), (6.0, 80384, 18.044), (6.0, 95152, 21.049), (6.0, 107856, 24.052), (6.0, 122700, 27.06), (6.0, 134468, 30.07), (6.0, 149228, 33.076), (6.0, 160644, 36.08), (6.0, 175380, 39.082), (6.0, 190164, 42.095), (6.0, 200852, 45.111), (6.0, 215496, 48.113), (6.0, 230412, 51.125), (6.0, 245260, 54.126), (6.0, 254996, 57.137))"
i_36_2_9_SC_X,2,36,X,SC,9,BNBL,6.0,57.222,161500,"((6.0, 8924, 3.002), (6.0, 17548, 6.016), (6.0, 26132, 9.025), (6.0, 34892, 12.03), (6.0, 43388, 15.041), (6.0, 51564, 18.045), (6.0, 60636, 21.062), (6.0, 68844, 24.063), (6.0, 77708, 27.064), (6.0, 85580, 30.065), (6.0, 94592, 33.096), (6.0, 102316, 36.106), (6.0, 111356, 39.122), (6.0, 120348, 42.137), (6.0, 127660, 45.156), (6.0, 136652, 48.173), (6.0, 145692, 51.186), (6.0, 154636, 54.212), (6.0, 161500, 57.222))"
i_36_2_9_SC_X,2,36,X,SC,9,BNB,6.0,57.237,196604,"((6.0, 10756, 3.0), (6.0, 21028, 6.014), (6.0, 31212, 9.021), (6.0, 41532, 12.028), (6.0, 51644, 15.042), (6.0, 62684, 18.05), (6.0, 72764, 21.073), (6.0, 82492, 24.075), (6.0, 93324, 27.076), (6.0, 102764, 30.076), (6.0, 113836, 33.096), (6.0, 124796, 36.116), (6.0, 133724, 39.133), (6.0, 144732, 42.147), (6.0, 155636, 45.163), (6.0, 164028, 48.174), (6.0, 174804, 51.199), (6.0, 185692, 54.218), (6.0, 196604, 57.237))"
i_36_2_9_SC_X,2,36,X,SC,9,GBFS,4.0,57.567,176719,"((4.0, 8920, 3.003), (4.0, 17951, 6.003), (4.0, 27220, 9.004), (4.0, 36568, 12.015), (4.0, 45776, 15.028), (4.0, 54764, 18.028), (4.0, 63536, 21.034), (4.0, 73088, 24.036), (4.0, 81668, 27.038), (4.0, 91388, 30.043), (4.0, 99778, 33.043), (4.0, 109557, 36.044), (4.0, 119535, 39.044), (4.0, 127664, 42.049), (4.0, 137668, 45.059), (4.0, 147578, 48.059), (4.0, 156832, 51.557), (4.0, 166744, 54.567), (4.0, 176719, 57.567))"
i_121_2_19_SC_X,2,121,X,SC,19,MCTS_E,3.0,57.318,566504,"((1.0, 31096, 3.0), (2.0, 64080, 6.006), (2.0, 94640, 9.008), (2.0, 125204, 12.012), (3.0, 155288, 15.012), (3.0, 184348, 18.015), (3.0, 215288, 21.271), (3.0, 248008, 24.277), (3.0, 276084, 27.28), (3.0, 309296, 30.281), (3.0, 336572, 33.285), (3.0, 369576, 36.288), (3.0, 402848, 39.29), (3.0, 428216, 42.295), (3.0, 460688, 45.297), (3.0, 492980, 48.302), (3.0, 511776, 51.308), (3.0, 537144, 54.314), (3.0, 566504, 57.318))"
i_121_2_19_SC_X,2,121,X,SC,19,MCTS_V,10.0,57.283,123452,"((9.0, 6644, 3.021), (9.0, 13216, 6.033), (9.0, 19812, 9.045), (9.0, 26472, 12.045), (9.0, 32948, 15.046), (9.0, 39972, 18.053), (9.0, 46600, 21.076), (9.0, 53152, 24.09), (9.0, 60116, 27.111), (9.0, 66484, 30.132), (9.0, 73364, 33.149), (9.0, 80308, 36.17), (9.0, 86340, 39.192), (9.0, 93252, 42.198), (9.0, 100132, 45.211), (10.0, 105672, 48.218), (10.0, 111420, 51.243), (10.0, 117048, 54.262), (10.0, 123452, 57.283))"
i_121_2_19_SC_X,2,121,X,SC,19,MCTS_S,3.0,57.068,475896,"((2.0, 24636, 3.004), (2.0, 54724, 6.006), (1.0, 83708, 9.009), (1.0, 107608, 12.01), (1.0, 126352, 15.019), (1.0, 147820, 18.021), (1.0, 173380, 21.022), (1.0, 195856, 24.025), (1.0, 219372, 27.026), (1.0, 241628, 30.043), (1.0, 267432, 33.046), (1.0, 291516, 36.049), (1.0, 319952, 39.051), (1.0, 340868, 42.056), (1.0, 370324, 45.058), (1.0, 399384, 48.059), (3.0, 419732, 51.061), (3.0, 448176, 54.065), (3.0, 475896, 57.068))"
i_121_2_19_SC_X,2,121,X,SC,19,BFS,6.0,57.842,108668,"((4.0, 6276, 3.007), (5.0, 12612, 6.028), (5.0, 18404, 9.042), (5.0, 23820, 12.053), (5.0, 27764, 15.07), (6.0, 33640, 18.1), (6.0, 38580, 21.134), (6.0, 43764, 24.141), (6.0, 49604, 27.151), (6.0, 55236, 30.419), (6.0, 61508, 33.42), (6.0, 67940, 36.432), (6.0, 73184, 39.445), (6.0, 79396, 42.451), (6.0, 85736, 45.464), (6.0, 90964, 48.479), (6.0, 97188, 51.496), (6.0, 103256, 54.506), (6.0, 108668, 57.842))"
i_121_2_19_SC_X,2,121,X,SC,19,BNB,7.0,48.377,66732,"((4.0, 4132, 3.015), (6.0, 7940, 6.045), (6.0, 11856, 9.075), (6.0, 15524, 12.086), (6.0, 19280, 15.111), (7.0, 22912, 18.13), (7.0, 26672, 21.175), (7.0, 30652, 24.214), (7.0, 34492, 27.249), (7.0, 38760, 30.264), (7.0, 43084, 33.311), (7.0, 47232, 36.332), (7.0, 51936, 39.341), (7.0, 56396, 42.357), (7.0, 61520, 45.371), (7.0, 66732, 48.377))"
i_121_2_19_SC_X,2,121,X,SC,19,BNBL,7.0,57.929,58460,"((4.0, 2972, 3.021), (5.0, 5892, 6.1), (6.0, 8692, 9.141), (6.0, 11568, 12.183), (6.0, 14448, 15.212), (6.0, 17188, 18.308), (6.0, 20016, 21.331), (7.0, 22656, 24.383), (7.0, 25388, 27.408), (7.0, 28208, 30.469), (7.0, 31220, 33.512), (7.0, 34236, 36.686), (7.0, 37432, 39.744), (7.0, 40664, 42.77), (7.0, 43724, 45.834), (7.0, 47280, 48.856), (7.0, 50832, 51.88), (7.0, 54868, 54.909), (7.0, 58460, 57.929))"
i_46_2_22_FR_orz102d,2,43,orz102d,FR,22,MCTS_E,3.923,57.068,425324,"((6.828, 23216, 3.0), (5.917, 45560, 6.006), (5.917, 67220, 9.012), (6.937, 90808, 12.017), (6.937, 113740, 15.018), (6.937, 135960, 18.022), (6.937, 159896, 21.029), (6.937, 181004, 24.03), (3.923, 204312, 27.036), (3.923, 225424, 30.04), (3.923, 250216, 33.043), (3.923, 269508, 36.043), (5.917, 293824, 39.044), (5.917, 318440, 42.047), (3.923, 337968, 45.048), (3.923, 361840, 48.052), (3.923, 383476, 51.057), (3.923, 401396, 54.063), (3.923, 425324, 57.068))"
i_121_2_19_SC_X,2,121,X,SC,19,GBFS,10.0,57.126,56467,"((10.0, 3044, 3.024), (10.0, 6083, 6.024), (10.0, 9036, 9.049), (10.0, 11942, 12.05), (10.0, 15016, 15.05), (10.0, 17964, 18.058), (10.0, 20900, 21.059), (10.0, 24007, 24.06), (10.0, 26868, 27.078), (10.0, 29915, 30.078), (10.0, 32868, 33.081), (10.0, 35740, 36.082), (10.0, 38788, 39.102), (10.0, 41876, 42.122), (10.0, 44712, 45.122), (10.0, 47790, 48.123), (10.0, 50680, 51.126), (10.0, 53730, 54.126), (10.0, 56467, 57.126))"
i_46_2_22_FR_orz102d,2,43,orz102d,FR,22,MCTS_V,25.878,57.341,107816,"((22.656, 4976, 3.0), (25.878, 10424, 6.013), (25.878, 16096, 9.046), (25.878, 20784, 12.068), (25.878, 26528, 15.077), (25.878, 32528, 18.104), (25.878, 38352, 21.171), (25.878, 44264, 24.198), (25.878, 50088, 27.232), (25.878, 55544, 30.237), (25.878, 61640, 33.244), (25.878, 67424, 36.248), (25.878, 73288, 39.253), (25.878, 79228, 42.277), (25.878, 84712, 45.285), (25.878, 90648, 48.305), (25.878, 96820, 51.329), (25.878, 102580, 54.337), (25.878, 107816, 57.341))"
i_46_2_22_FR_orz102d,2,43,orz102d,FR,22,MCTS_S,2.949,57.844,419832,"((2.949, 20688, 3.002), (2.949, 42980, 6.006), (2.949, 65660, 9.17), (2.949, 83808, 12.172), (6.937, 105364, 15.175), (6.937, 129248, 18.175), (6.698, 151312, 21.18), (6.937, 173284, 24.188), (6.937, 196716, 27.191), (2.949, 216684, 30.202), (2.949, 240396, 33.205), (2.949, 260000, 36.209), (2.949, 283692, 39.214), (2.949, 308664, 42.215), (2.949, 327668, 45.218), (2.949, 351748, 48.219), (2.949, 375136, 51.222), (2.949, 397236, 54.841), (2.949, 419832, 57.844))"
i_46_2_22_FR_orz102d,2,43,orz102d,FR,22,BNBL,28.033,57.016,55365,"((28.033, 2705, 3.001), (28.033, 5666, 6.006), (28.033, 8554, 9.007), (28.033, 11565, 12.008), (28.033, 14510, 15.009), (28.033, 17122, 18.009), (28.033, 20098, 21.01), (28.033, 22965, 24.01), (28.033, 25949, 27.011), (28.033, 28909, 30.012), (28.033, 31772, 33.013), (28.033, 34786, 36.013), (28.033, 37830, 39.015), (28.033, 40557, 42.015), (28.033, 43628, 45.015), (28.033, 46596, 48.015), (28.033, 49663, 51.015), (28.033, 52381, 54.016), (28.033, 55365, 57.016))"
i_46_2_22_FR_orz102d,2,43,orz102d,FR,22,BFS,14.259,57.012,123810,"((10.805, 6589, 3.0), (12.374, 13086, 6.0), (12.374, 19696, 9.002), (12.374, 26202, 12.002), (12.374, 32748, 15.004), (12.374, 39084, 18.005), (12.374, 45331, 21.005), (12.374, 51549, 24.006), (12.374, 58271, 27.006), (12.374, 65226, 30.006), (12.374, 71448, 33.006), (12.374, 78441, 36.006), (12.374, 84323, 39.006), (12.374, 91285, 42.006), (14.259, 98194, 45.006), (14.259, 104760, 48.009), (14.259, 110159, 51.01), (14.259, 116954, 54.01), (14.259, 123810, 57.012))"
i_46_2_22_FR_orz102d,2,43,orz102d,FR,22,GBFS,8.822,57.013,49379,"((8.822, 2681, 3.0), (8.822, 5280, 6.001), (8.822, 7855, 9.001), (8.822, 10436, 12.002), (8.822, 12967, 15.002), (8.822, 15690, 18.003), (8.822, 18249, 21.004), (8.822, 20904, 24.005), (8.822, 23406, 27.006), (8.822, 26071, 30.006), (8.822, 28773, 33.007), (8.822, 31270, 36.007), (8.822, 33915, 39.008), (8.822, 36530, 42.009), (8.822, 39240, 45.009), (8.822, 41647, 48.01), (8.822, 44284, 51.011), (8.822, 46859, 54.013), (8.822, 49379, 57.013))"
i_46_2_22_FR_orz102d,2,43,orz102d,FR,22,BNB,12.689,57.009,93613,"((10.805, 5070, 3.0), (12.374, 10073, 6.0), (12.374, 14917, 9.001), (12.374, 19962, 12.003), (12.374, 24612, 15.003), (12.374, 29756, 18.004), (12.374, 34510, 21.004), (12.374, 39551, 24.004), (12.374, 44241, 27.004), (12.374, 49224, 30.005), (12.374, 53792, 33.005), (12.374, 58725, 36.005), (12.374, 63931, 39.005), (12.374, 68388, 42.006), (12.374, 73662, 45.006), (12.374, 78976, 48.006), (12.374, 83974, 51.006), (12.374, 88444, 54.009), (12.689, 93613, 57.009))"
i_155_4_36_FR_den312d,4,155,den312d,FR,36,MCTS_E,2.57,59.786,412512,"((2.57, 21168, 3.113), (3.489, 41472, 6.131), (3.009, 62784, 9.16), (3.009, 83520, 12.252), (3.009, 105408, 15.59), (3.009, 127728, 18.685), (3.009, 149760, 21.899), (3.009, 172800, 25.143), (3.009, 192672, 28.196), (3.009, 212544, 31.207), (3.009, 233856, 34.522), (3.009, 258624, 37.541), (3.009, 278784, 40.723), (3.009, 307200, 43.963), (3.009, 325632, 47.064), (3.009, 353280, 50.334), (3.009, 370944, 53.464), (3.009, 395232, 56.465), (2.57, 412512, 59.786))"
i_155_4_36_FR_den312d,4,155,den312d,FR,36,MCTS_V,34.242,-,51264,"((15.363, 3888, 4.489), (15.965, 6912, 7.948), (18.48, 9936, 11.485), (32.155, 12528, 14.671), (32.155, 15552, 18.125), (32.155, 18576, 21.652), (32.155, 22464, 26.145), (32.155, 25920, 30.144), (32.155, 28512, 33.347), (32.155, 32832, 38.491), (32.155, 36288, 42.379), (32.155, 39744, 46.491), (32.155, 43776, 51.354), (34.242, 47808, 55.998), (34.242, 51264, 60.213))"
i_155_4_36_FR_den312d,4,155,den312d,FR,36,MCTS_S,3.969,58.374,402576,"((2.57, 19872, 3.001), (2.57, 38016, 6.039), (2.57, 60192, 9.176), (2.09, 80064, 12.245), (2.09, 101376, 15.315), (2.09, 120384, 18.329), (2.09, 142416, 21.435), (3.489, 164736, 24.595), (3.489, 185328, 27.597), (3.489, 205632, 30.743), (3.489, 230400, 34.391), (3.489, 256896, 37.572), (3.489, 278784, 40.802), (3.489, 307200, 44.95), (3.489, 333696, 48.119), (3.969, 350976, 51.187), (3.969, 377856, 54.256), (3.969, 402576, 58.374))"
i_155_4_36_FR_den312d,4,155,den312d,FR,36,BFS,11.437,56.458,32352,"((11.437, 5392, 9.778), (11.437, 10784, 19.22), (11.437, 16176, 28.522), (11.437, 21568, 37.755), (11.437, 26960, 47.04), (11.437, 32352, 56.458))"
i_155_4_36_FR_den312d,4,155,den312d,FR,36,BNBL,38.49,56.276,14880,"((5.767, 1296, 3.879), (15.113, 5392, 17.916), (24.654, 9488, 33.127), (32.358, 13584, 50.225), (38.49, 14880, 56.276))"
i_155_4_36_FR_den312d,4,155,den312d,FR,36,BNB,11.437,52.391,22000,"((5.767, 1296, 3.411), (11.437, 5392, 13.389), (11.437, 7120, 17.421), (11.437, 11216, 26.86), (11.437, 16608, 39.62), (11.437, 22000, 52.391))"
i_155_4_36_FR_den312d,4,155,den312d,FR,36,GBFS,36.712,56.911,18246,"((2.57, 1000, 3.001), (2.57, 1296, 6.853), (7.664, 3565, 9.854), (7.664, 4368, 15.647), (18.551, 6245, 18.648), (18.551, 8092, 21.648), (18.551, 8464, 25.802), (18.551, 10076, 28.803), (18.551, 11536, 32.986), (36.712, 12832, 37.282), (36.712, 14098, 40.288), (36.712, 14128, 44.245), (36.712, 15273, 47.245), (36.712, 16393, 50.247), (36.712, 17200, 53.909), (36.712, 18246, 56.911))"
i_225_2_27_SC_X,2,225,X,SC,27,MCTS_E,1.0,57.307,362452,"((1.0, 18340, 3.008), (2.0, 37604, 6.015), (3.0, 57432, 9.018), (3.0, 77036, 12.022), (2.0, 94396, 15.024), (1.0, 112456, 18.028), (1.0, 131892, 21.032), (3.0, 149760, 24.039), (1.0, 168996, 27.046), (1.0, 186696, 30.05), (1.0, 206736, 33.052), (1.0, 224416, 36.054), (1.0, 245048, 39.063), (2.0, 263008, 42.28), (1.0, 283520, 45.286), (1.0, 303656, 48.288), (1.0, 325200, 51.294), (1.0, 341812, 54.303), (1.0, 362452, 57.307))"
i_225_2_27_SC_X,2,225,X,SC,27,MCTS_V,11.0,57.469,67216,"((9.0, 3308, 3.009), (9.0, 6916, 6.059), (10.0, 10372, 9.067), (11.0, 13660, 12.072), (11.0, 16972, 15.091), (11.0, 20564, 18.112), (11.0, 24000, 21.135), (11.0, 27456, 24.147), (11.0, 30780, 27.163), (11.0, 34564, 30.198), (11.0, 38028, 33.233), (11.0, 41816, 36.235), (11.0, 45504, 39.251), (11.0, 48880, 42.261), (11.0, 52680, 45.287), (11.0, 56444, 48.334), (11.0, 59832, 51.396), (11.0, 63564, 54.454), (11.0, 67216, 57.469))"
i_225_2_27_SC_X,2,225,X,SC,27,MCTS_S,3.0,57.394,366804,"((1.0, 18500, 3.0), (2.0, 38364, 6.001), (2.0, 57980, 9.003), (2.0, 77624, 12.007), (2.0, 96104, 15.011), (2.0, 114060, 18.013), (2.0, 133144, 21.017), (3.0, 151764, 24.017), (3.0, 171776, 27.017), (3.0, 189168, 30.026), (3.0, 209376, 33.032), (3.0, 226676, 36.036), (3.0, 246876, 39.041), (3.0, 263764, 42.042), (3.0, 285020, 45.051), (3.0, 305972, 48.058), (3.0, 325420, 51.386), (3.0, 346400, 54.388), (3.0, 366804, 57.394))"
i_225_2_27_SC_X,2,225,X,SC,27,BFS,6.0,57.433,74660,"((4.0, 4112, 3.061), (5.0, 8092, 6.071), (5.0, 12152, 9.077), (5.0, 16052, 12.12), (5.0, 19976, 15.138), (5.0, 23836, 18.152), (5.0, 27636, 21.192), (6.0, 31716, 24.23), (6.0, 35380, 27.247), (6.0, 39300, 30.261), (6.0, 42708, 33.268), (6.0, 46876, 36.288), (6.0, 51116, 39.312), (6.0, 54616, 42.339), (6.0, 58836, 45.344), (6.0, 62820, 48.355), (6.0, 67060, 51.384), (6.0, 70548, 54.401), (6.0, 74660, 57.433))"
i_225_2_27_SC_X,2,225,X,SC,27,BNBL,8.0,58.013,25876,"((3.0, 1720, 3.03), (4.0, 3092, 6.106), (4.0, 4468, 9.144), (5.0, 5844, 12.243), (5.0, 7124, 15.366), (6.0, 8468, 18.404), (6.0, 9872, 21.423), (6.0, 11176, 24.443), (6.0, 12544, 27.56), (6.0, 13916, 30.58), (6.0, 15200, 33.62), (7.0, 16560, 36.635), (7.0, 17848, 39.659), (7.0, 19200, 42.747), (7.0, 20448, 45.772), (8.0, 21848, 48.892), (8.0, 23232, 51.943), (8.0, 24576, 54.993), (8.0, 25876, 58.013))"
i_225_2_27_SC_X,2,225,X,SC,27,BNB,8.0,58.066,38500,"((3.0, 2372, 3.063), (4.0, 4420, 6.118), (5.0, 6420, 9.187), (6.0, 8404, 12.248), (6.0, 10464, 15.305), (6.0, 12384, 18.318), (6.0, 14400, 21.432), (7.0, 16416, 24.518), (7.0, 18368, 27.544), (7.0, 20192, 30.58), (8.0, 22208, 33.675), (8.0, 24000, 36.732), (8.0, 25936, 39.744), (8.0, 28060, 42.836), (8.0, 30092, 45.862), (8.0, 32252, 48.922), (8.0, 34132, 51.948), (8.0, 36280, 54.993), (8.0, 38500, 58.066))"
i_225_2_27_SC_X,2,225,X,SC,27,GBFS,10.0,57.292,30982,"((10.0, 1725, 3.001), (10.0, 3392, 6.001), (10.0, 5060, 9.019), (10.0, 6708, 12.045), (10.0, 8324, 15.072), (10.0, 9991, 18.073), (10.0, 11608, 21.074), (10.0, 13317, 24.074), (10.0, 14959, 27.075), (10.0, 16573, 30.075), (10.0, 18066, 33.076), (10.0, 19620, 36.185), (10.0, 21224, 39.186), (10.0, 22852, 42.215), (10.0, 24512, 45.232), (10.0, 26012, 48.246), (10.0, 27708, 51.291), (10.0, 29323, 54.291), (10.0, 30982, 57.292))"
i_133_2_32_MT_orz704d,2,133,orz704d,MT,32,MCTS_E,3.75,57.495,281720,"((3.0, 14444, 3.008), (2.0, 29008, 6.013), (3.25, 44000, 9.018), (3.25, 60124, 12.025), (3.25, 76304, 15.035), (3.25, 90304, 18.037), (3.25, 104864, 21.043), (3.25, 118856, 24.043), (3.25, 133344, 27.051), (3.25, 147664, 30.052), (3.25, 163112, 33.052), (3.25, 177020, 36.053), (3.25, 192308, 39.057), (3.25, 206964, 42.466), (3.25, 221928, 45.477), (3.25, 237632, 48.48), (3.25, 252968, 51.485), (3.25, 266216, 54.488), (3.75, 281720, 57.495))"
i_133_2_32_MT_orz704d,2,133,orz704d,MT,32,MCTS_V,13.0,57.701,75580,"((11.25, 3756, 3.007), (11.25, 7620, 6.026), (11.25, 11600, 9.056), (11.25, 15148, 12.066), (12.25, 19156, 15.104), (12.25, 23028, 18.106), (12.25, 26860, 21.116), (12.25, 30628, 24.131), (12.25, 34796, 27.14), (12.25, 38600, 30.179), (12.25, 42632, 33.227), (12.25, 46800, 36.251), (12.5, 50536, 39.273), (12.5, 54816, 42.319), (12.5, 59088, 45.321), (12.5, 62684, 48.324), (12.5, 66996, 51.329), (13.0, 71372, 54.37), (13.0, 75580, 57.701))"
i_133_2_32_MT_orz704d,2,133,orz704d,MT,32,MCTS_S,3.75,57.507,276732,"((2.75, 14360, 3.004), (2.0, 28692, 6.007), (3.0, 44696, 9.014), (2.75, 61020, 12.015), (4.0, 77844, 15.016), (4.0, 92280, 18.02), (4.0, 108064, 21.028), (4.0, 122528, 24.03), (4.0, 136404, 27.037), (3.75, 151572, 30.048), (3.75, 166388, 33.056), (3.75, 178496, 36.061), (3.75, 194048, 39.064), (3.75, 208276, 42.478), (3.75, 223412, 45.482), (3.75, 237084, 48.492), (3.75, 251824, 51.502), (3.75, 262372, 54.502), (3.75, 276732, 57.507))"
i_133_2_32_MT_orz704d,2,133,orz704d,MT,32,BFS,4.25,57.533,88560,"((3.75, 4708, 3.0), (4.25, 9518, 6.002), (4.25, 14458, 9.002), (4.25, 19244, 12.002), (4.25, 23834, 15.006), (4.25, 28934, 18.19), (4.25, 33842, 21.195), (4.25, 38402, 24.197), (4.25, 43410, 27.2), (4.25, 48467, 30.497), (4.25, 53012, 33.498), (4.25, 57930, 36.498), (4.25, 62034, 39.505), (4.25, 66554, 42.513), (4.25, 70982, 45.526), (4.25, 75808, 48.526), (4.25, 79218, 51.531), (4.25, 83715, 54.531), (4.25, 88560, 57.533))"
i_133_2_32_MT_orz704d,2,133,orz704d,MT,32,BNBL,6.25,57.039,38977,"((5.0, 2162, 3.01), (5.25, 4175, 6.01), (5.25, 6207, 9.012), (5.25, 8259, 12.012), (5.5, 10297, 15.013), (5.75, 12196, 18.014), (5.75, 14165, 21.015), (5.75, 16127, 24.015), (5.75, 17888, 27.024), (5.75, 19804, 30.025), (5.75, 21758, 33.025), (5.75, 23846, 36.031), (6.25, 26072, 39.032), (6.25, 28350, 42.037), (6.25, 30440, 45.038), (6.25, 32712, 48.038), (6.25, 34986, 51.039), (6.25, 37141, 54.039), (6.25, 38977, 57.039))"
i_133_2_32_MT_orz704d,2,133,orz704d,MT,32,BNB,4.25,57.057,56078,"((3.5, 2929, 3.001), (3.75, 5735, 6.001), (3.75, 8606, 9.001), (4.25, 11614, 12.002), (4.25, 14516, 15.002), (4.25, 17212, 18.003), (4.25, 19983, 21.003), (4.25, 22484, 24.006), (4.25, 25375, 27.009), (4.25, 28281, 30.009), (4.25, 31257, 33.009), (4.25, 34592, 36.016), (4.25, 37671, 39.055), (4.25, 40974, 42.056), (4.25, 44281, 45.056), (4.25, 47513, 48.056), (4.25, 50407, 51.056), (4.25, 53173, 54.056), (4.25, 56078, 57.057))"
i_133_2_32_MT_orz704d,2,133,orz704d,MT,32,GBFS,12.5,57.227,35551,"((12.5, 2210, 3.001), (12.5, 4012, 6.003), (12.5, 5868, 9.003), (12.5, 7950, 12.004), (12.5, 9998, 15.005), (12.5, 12045, 18.006), (12.5, 13797, 21.007), (12.5, 15379, 24.059), (12.5, 17089, 27.06), (12.5, 18861, 30.06), (12.5, 20668, 33.215), (12.5, 22489, 36.216), (12.5, 24326, 39.217), (12.5, 26121, 42.218), (12.5, 27790, 45.219), (12.5, 29884, 48.223), (12.5, 31946, 51.223), (12.5, 33892, 54.224), (12.5, 35551, 57.227))"
i_81_2_15_SC_X,2,81,X,SC,15,MCTS_E,3.0,59.452,705956,"((3.0, 37512, 3.001), (3.0, 74744, 6.003), (3.0, 113044, 9.181), (3.0, 149752, 12.182), (3.0, 184300, 15.185), (3.0, 218460, 18.185), (3.0, 257456, 21.186), (3.0, 290444, 24.19), (3.0, 329964, 27.721), (3.0, 369632, 30.725), (3.0, 408936, 34.446), (3.0, 448464, 37.449), (3.0, 487500, 40.451), (3.0, 515096, 43.451), (3.0, 553888, 46.452), (3.0, 592348, 49.453), (3.0, 629336, 53.441), (3.0, 667560, 56.446), (3.0, 705956, 59.452))"
i_81_2_15_SC_X,2,81,X,SC,15,MCTS_V,9.0,57.192,169748,"((7.0, 7640, 3.006), (7.0, 16352, 6.007), (7.0, 25148, 9.018), (7.0, 34120, 12.022), (9.0, 43264, 15.037), (9.0, 52312, 18.054), (9.0, 61160, 21.056), (9.0, 70536, 24.063), (9.0, 79164, 27.071), (9.0, 88340, 30.085), (9.0, 96716, 33.104), (9.0, 105996, 36.115), (9.0, 115496, 39.141), (9.0, 123760, 42.145), (9.0, 133108, 45.16), (9.0, 142648, 48.174), (9.0, 150780, 51.179), (9.0, 160236, 54.184), (9.0, 169748, 57.192))"
i_81_2_15_SC_X,2,81,X,SC,15,MCTS_S,2.0,57.206,669768,"((1.0, 30452, 3.004), (4.0, 70152, 6.007), (2.0, 105012, 9.01), (1.0, 141152, 12.165), (1.0, 176320, 15.169), (1.0, 214988, 18.173), (1.0, 249432, 21.175), (1.0, 282616, 24.178), (1.0, 322688, 27.181), (1.0, 355144, 30.183), (1.0, 394620, 33.185), (2.0, 425172, 36.188), (1.0, 464492, 39.195), (1.0, 503424, 42.195), (2.0, 531120, 45.196), (2.0, 569136, 48.199), (2.0, 607612, 51.202), (2.0, 631832, 54.204), (2.0, 669768, 57.206))"
i_81_2_15_SC_X,2,81,X,SC,15,BNBL,7.0,33.21,56564,"((4.0, 4908, 3.019), (6.0, 9656, 6.027), (6.0, 14312, 9.042), (6.0, 18888, 12.072), (7.0, 23432, 15.111), (7.0, 28168, 18.146), (7.0, 33332, 21.16), (7.0, 38400, 24.185), (7.0, 44188, 27.195), (7.0, 49912, 30.198), (7.0, 56564, 33.21))"
i_81_2_15_SC_X,2,81,X,SC,15,BFS,6.0,58.102,171604,"((5.0, 8892, 3.017), (5.0, 17780, 6.025), (5.0, 26812, 9.029), (6.0, 35668, 12.222), (6.0, 44972, 15.236), (6.0, 53692, 18.237), (6.0, 62300, 21.248), (6.0, 71772, 24.249), (6.0, 79964, 27.256), (6.0, 89308, 30.268), (6.0, 97292, 33.271), (6.0, 106884, 36.274), (6.0, 114740, 39.362), (6.0, 124304, 42.372), (6.0, 133824, 45.378), (6.0, 143216, 49.078), (6.0, 152672, 52.093), (6.0, 162052, 55.096), (6.0, 171604, 58.102))"
i_81_2_15_SC_X,2,81,X,SC,15,BNB,7.0,27.273,57060,"((5.0, 6300, 3.029), (6.0, 12416, 6.045), (6.0, 18344, 9.051), (7.0, 23752, 12.051), (7.0, 29332, 15.057), (7.0, 35648, 18.24), (7.0, 42664, 21.244), (7.0, 49376, 24.267), (7.0, 57060, 27.273))"
i_81_2_15_SC_X,2,81,X,SC,15,GBFS,10.0,57.057,93036,"((10.0, 4995, 3.012), (10.0, 10036, 6.017), (10.0, 14654, 9.017), (10.0, 18986, 12.017), (10.0, 23599, 15.017), (10.0, 28091, 18.017), (10.0, 33363, 21.018), (10.0, 38073, 24.018), (10.0, 43215, 27.018), (10.0, 48034, 30.018), (10.0, 53265, 33.018), (10.0, 57948, 36.032), (10.0, 63148, 39.035), (10.0, 68417, 42.035), (10.0, 72974, 45.035), (10.0, 78215, 48.035), (10.0, 83437, 51.035), (10.0, 88672, 54.055), (10.0, 93036, 57.057))"
i_50_2_24_MT_hrt002d,2,40,hrt002d,MT,24,MCTS_E,3.0,57.61,435416,"((1.75, 24424, 3.003), (1.75, 47424, 6.008), (1.5, 71488, 9.012), (1.75, 94072, 12.013), (1.75, 117040, 15.015), (3.0, 140836, 18.229), (3.0, 164428, 21.235), (3.0, 185236, 24.236), (2.25, 209164, 27.239), (3.0, 230024, 30.244), (3.0, 253692, 33.244), (3.0, 274244, 36.247), (3.0, 298408, 39.248), (3.0, 322708, 42.249), (3.0, 342048, 45.252), (3.0, 366176, 48.252), (3.0, 390452, 51.256), (3.0, 411560, 54.607), (3.0, 435416, 57.61))"
i_50_2_24_MT_hrt002d,2,40,hrt002d,MT,24,MCTS_V,10.0,57.316,184432,"((8.25, 9652, 3.017), (8.5, 19684, 6.032), (8.75, 29316, 9.111), (8.75, 39076, 12.228), (9.0, 48948, 15.236), (9.0, 58340, 18.238), (9.0, 67868, 21.242), (9.0, 78052, 24.248), (9.5, 87244, 27.254), (10.0, 97504, 30.261), (10.0, 106536, 33.268), (10.0, 116480, 36.278), (10.0, 126600, 39.283), (10.0, 135676, 42.285), (10.0, 145648, 45.3), (10.0, 155664, 48.305), (10.0, 165732, 51.315), (10.0, 174416, 54.316), (10.0, 184432, 57.316))"
i_50_2_24_MT_hrt002d,2,40,hrt002d,MT,24,MCTS_S,1.5,57.062,427312,"((2.25, 24240, 3.005), (2.25, 46880, 6.005), (1.0, 70664, 9.006), (1.5, 93384, 12.01), (1.5, 115848, 15.01), (1.5, 139808, 18.011), (1.5, 161600, 21.018), (1.5, 182448, 24.024), (1.5, 205568, 27.026), (1.5, 226008, 30.029), (1.5, 249912, 33.033), (1.5, 270120, 36.036), (1.5, 294140, 39.04), (1.5, 317964, 42.042), (1.5, 337348, 45.043), (1.5, 361432, 48.049), (1.5, 385448, 51.053), (1.5, 409476, 54.06), (1.5, 427312, 57.062))"
i_50_2_24_MT_hrt002d,2,40,hrt002d,MT,24,BFS,4.75,57.027,210036,"((4.0, 11056, 3.001), (4.0, 22204, 6.001), (4.0, 33012, 9.002), (4.25, 44028, 12.003), (4.25, 54920, 15.004), (4.75, 65452, 18.012), (4.75, 77172, 21.013), (4.75, 87384, 24.017), (4.75, 99192, 27.018), (4.75, 109004, 30.02), (4.75, 120744, 33.021), (4.75, 132488, 36.021), (4.75, 142016, 39.022), (4.75, 153792, 42.022), (4.75, 165664, 45.024), (4.75, 174608, 48.024), (4.75, 186430, 51.025), (4.75, 198324, 54.026), (4.75, 210036, 57.027))"
i_50_2_24_MT_hrt002d,2,40,hrt002d,MT,24,BNBL,5.75,57.033,109452,"((4.5, 5816, 3.001), (5.0, 11656, 6.002), (5.0, 17352, 9.002), (5.0, 23188, 12.006), (5.0, 29166, 15.007), (5.0, 34932, 18.01), (5.0, 40592, 21.011), (5.0, 46548, 24.012), (5.25, 52108, 27.014), (5.25, 58092, 30.015), (5.25, 64052, 33.016), (5.75, 69256, 36.018), (5.75, 75228, 39.021), (5.75, 81244, 42.022), (5.75, 86516, 45.024), (5.75, 92484, 48.027), (5.75, 98534, 51.03), (5.75, 104508, 54.031), (5.75, 109452, 57.033))"
i_50_2_24_MT_hrt002d,2,40,hrt002d,MT,24,BNB,4.75,57.025,147528,"((4.0, 7800, 3.001), (4.0, 15690, 6.003), (4.0, 23294, 9.006), (4.0, 31066, 12.007), (4.0, 39260, 15.009), (4.25, 46856, 18.01), (4.25, 54420, 21.012), (4.75, 62460, 24.012), (4.75, 69628, 27.013), (4.75, 77792, 30.014), (4.75, 84896, 33.015), (4.75, 93138, 36.018), (4.75, 101312, 39.019), (4.75, 108064, 42.021), (4.75, 116152, 45.021), (4.75, 124396, 48.022), (4.75, 132596, 51.022), (4.75, 139276, 54.024), (4.75, 147528, 57.025))"
i_50_2_24_MT_hrt002d,2,40,hrt002d,MT,24,GBFS,9.453,57.318,97371,"((9.453, 5215, 3.0), (9.453, 10304, 6.001), (9.453, 15364, 9.001), (9.453, 20450, 12.003), (9.453, 25542, 15.003), (9.453, 30570, 18.003), (9.453, 35832, 21.005), (9.453, 40712, 24.005), (9.453, 46020, 27.006), (9.453, 50899, 30.006), (9.453, 56068, 33.006), (9.453, 61295, 36.006), (9.453, 65972, 39.006), (9.453, 71252, 42.006), (9.453, 76591, 45.007), (9.453, 81660, 48.317), (9.453, 86864, 51.317), (9.453, 92130, 54.318), (9.453, 97371, 57.318))"
i_38_2_20_FR_den202d,2,37,den202d,FR,20,MCTS_E,10.495,57.127,427496,"((11.002, 22252, 3.004), (11.002, 45188, 6.004), (10.495, 66260, 9.005), (10.495, 88104, 12.006), (11.403, 110064, 15.007), (11.403, 132988, 18.01), (11.403, 157116, 21.012), (11.403, 179352, 24.015), (11.403, 202456, 27.102), (10.495, 226824, 30.103), (10.495, 250692, 33.108), (10.495, 270804, 36.112), (10.495, 295136, 39.113), (10.495, 314688, 42.116), (10.495, 338688, 45.118), (10.495, 361908, 48.12), (10.495, 385596, 51.121), (10.495, 403380, 54.125), (10.495, 427496, 57.127))"
i_38_2_20_FR_den202d,2,37,den202d,FR,20,MCTS_V,37.949,57.172,119492,"((33.536, 5888, 3.015), (34.657, 12156, 6.018), (34.657, 18216, 9.03), (34.657, 24564, 12.031), (37.794, 31068, 15.04), (37.794, 37632, 18.046), (37.794, 44072, 21.067), (37.794, 50536, 24.077), (37.794, 56648, 27.08), (37.794, 62996, 30.087), (37.794, 68940, 33.088), (37.949, 75272, 36.105), (37.949, 81660, 39.123), (37.949, 87516, 42.124), (37.949, 93908, 45.13), (37.949, 100408, 48.144), (37.949, 106888, 51.145), (37.949, 112840, 54.154), (37.949, 119492, 57.172))"
i_38_2_20_FR_den202d,2,37,den202d,FR,20,MCTS_S,14.257,57.048,420720,"((15.265, 21764, 3.003), (15.265, 44636, 6.003), (15.265, 65440, 9.004), (15.265, 86592, 12.007), (15.265, 108320, 15.008), (15.265, 130968, 18.009), (15.265, 155188, 21.012), (15.265, 176736, 24.015), (15.265, 201692, 27.017), (15.265, 223140, 30.02), (15.265, 246408, 33.025), (15.265, 265944, 36.026), (15.265, 289904, 39.029), (15.265, 314108, 42.033), (7.752, 333112, 45.034), (7.752, 356680, 48.036), (7.752, 379668, 51.04), (11.002, 397384, 54.045), (14.257, 420720, 57.048))"
i_38_2_20_FR_den202d,2,37,den202d,FR,20,BFS,23.159,57.139,140141,"((17.936, 7508, 3.0), (18.494, 14968, 6.0), (19.001, 22470, 9.001), (19.001, 30076, 12.001), (19.001, 37534, 15.001), (19.001, 44667, 18.001), (19.001, 52212, 21.129), (19.001, 60156, 24.129), (19.001, 67100, 27.129), (19.397, 74922, 30.129), (21.692, 82605, 33.13), (21.75, 89240, 36.13), (21.75, 97064, 39.132), (21.75, 104920, 42.135), (21.75, 111402, 45.135), (21.75, 119084, 48.136), (21.75, 126696, 51.139), (23.153, 134278, 54.139), (23.159, 140141, 57.139))"
i_38_2_20_FR_den202d,2,37,den202d,FR,20,BNBL,23.674,57.157,71607,"((21.621, 3860, 3.002), (21.621, 7684, 6.006), (21.621, 11528, 9.006), (21.621, 15345, 12.007), (21.621, 19137, 15.007), (21.621, 23064, 18.007), (21.621, 26841, 21.007), (21.621, 30693, 24.152), (23.674, 34427, 27.152), (23.674, 38003, 30.152), (23.674, 41554, 33.153), (23.674, 45221, 36.154), (23.674, 48985, 39.154), (23.674, 52426, 42.155), (23.674, 56169, 45.155), (23.674, 60014, 48.156), (23.674, 64029, 51.156), (23.674, 67611, 54.157), (23.674, 71607, 57.157))"
i_38_2_20_FR_den202d,2,37,den202d,FR,20,BNB,21.75,57.017,103613,"((15.224, 5507, 3.0), (18.443, 11068, 6.001), (19.001, 16482, 9.001), (19.001, 21956, 12.002), (19.001, 27476, 15.004), (19.001, 32977, 18.004), (19.001, 38668, 21.005), (19.001, 43844, 24.006), (19.001, 49510, 27.006), (19.001, 54792, 30.006), (19.001, 60512, 33.006), (19.001, 65972, 36.009), (19.001, 71050, 39.012), (19.397, 76627, 42.012), (21.692, 82079, 45.013), (21.692, 86872, 48.015), (21.75, 92321, 51.015), (21.75, 98002, 54.017), (21.75, 103613, 57.017))"
i_38_2_20_FR_den202d,2,37,den202d,FR,20,GBFS,36.832,57.016,42832,"((36.832, 2357, 3.0), (36.832, 4581, 6.001), (36.832, 6799, 9.001), (36.832, 9018, 12.005), (36.832, 11302, 15.005), (36.832, 13533, 18.006), (36.832, 15816, 21.006), (36.832, 18072, 24.007), (36.832, 20406, 27.008), (36.832, 22638, 30.009), (36.832, 24915, 33.01), (36.832, 27173, 36.011), (36.832, 29415, 39.011), (36.832, 31577, 42.012), (36.832, 33873, 45.014), (36.832, 36192, 48.015), (36.832, 38527, 51.015), (36.832, 40607, 54.016), (36.832, 42832, 57.016))"
i_72_3_15_MT_X,3,72,X,MT,15,MCTS_E,1.25,57.99,744800,"((0.5, 47040, 3.025), (0.5, 93216, 6.228), (0.5, 133880, 9.252), (0.5, 168712, 12.269), (0.5, 206592, 15.269), (0.5, 251352, 18.809), (1.25, 295808, 21.812), (0.5, 329808, 24.815), (0.5, 373616, 27.818), (0.5, 405480, 30.819), (0.5, 449160, 33.835), (1.25, 478552, 36.863), (1.25, 522224, 39.865), (1.25, 566304, 42.908), (1.25, 591992, 45.92), (1.25, 635736, 48.932), (1.25, 679576, 51.957), (1.25, 700912, 54.969), (1.25, 744800, 57.99))"
i_72_3_15_MT_X,3,72,X,MT,15,MCTS_V,6.75,58.172,167720,"((6.5, 8736, 3.061), (6.5, 17472, 6.105), (6.75, 26304, 9.126), (6.75, 35392, 12.248), (6.75, 44224, 15.321), (6.75, 53184, 18.451), (6.75, 62528, 21.559), (6.75, 71040, 24.621), (6.75, 80320, 27.691), (6.75, 88672, 30.735), (6.75, 97816, 33.763), (6.75, 106064, 36.828), (6.75, 115112, 39.832), (6.75, 124344, 42.89), (6.75, 132432, 45.98), (6.75, 141584, 49.013), (6.75, 150664, 52.019), (6.75, 158440, 55.102), (6.75, 167720, 58.172))"
i_72_3_15_MT_X,3,72,X,MT,15,MCTS_S,1.25,59.861,771120,"((0.5, 46144, 3.007), (0.5, 92064, 6.198), (0.5, 131912, 9.198), (0.5, 166600, 12.209), (0.5, 204576, 15.219), (0.5, 246624, 18.609), (0.75, 290960, 21.615), (0.5, 325536, 24.616), (0.5, 369344, 27.626), (0.75, 401536, 30.642), (0.75, 444224, 33.646), (1.0, 473784, 36.669), (0.75, 516752, 39.67), (0.75, 556384, 43.594), (0.5, 599848, 46.62), (0.5, 643984, 49.658), (1.25, 683112, 53.828), (1.25, 726976, 56.842), (1.25, 771120, 59.861))"
i_72_3_15_MT_X,3,72,X,MT,15,BFS,3.25,57.681,153592,"((2.75, 7719, 3.054), (3.0, 15832, 6.056), (3.0, 24017, 9.056), (3.0, 32080, 12.056), (3.0, 40048, 15.058), (3.0, 47951, 18.058), (3.0, 56499, 21.058), (3.0, 64098, 24.059), (3.25, 72592, 27.061), (3.25, 79944, 30.061), (3.25, 88388, 33.061), (3.25, 96169, 36.288), (3.25, 104744, 39.29), (3.25, 113382, 42.29), (3.25, 121288, 45.675), (3.25, 129928, 48.678), (3.25, 138536, 51.679), (3.25, 147184, 54.68), (3.25, 153592, 57.681))"
i_72_3_15_MT_X,3,72,X,MT,15,BNBL,3.75,57.034,70864,"((2.25, 4130, 3.001), (3.5, 7802, 6.004), (3.5, 11512, 9.004), (3.5, 15328, 12.007), (3.5, 18984, 15.013), (3.5, 22662, 18.015), (3.5, 26450, 21.018), (3.5, 30058, 24.019), (3.75, 33852, 27.019), (3.75, 37338, 30.02), (3.75, 41112, 33.021), (3.75, 44897, 36.021), (3.75, 48426, 39.023), (3.75, 52224, 42.029), (3.75, 56031, 45.029), (3.75, 59821, 48.029), (3.75, 63223, 51.03), (3.75, 67053, 54.03), (3.75, 70864, 57.034))"
i_72_3_15_MT_X,3,72,X,MT,15,BNB,3.25,57.339,98064,"((2.25, 5279, 3.0), (2.75, 10576, 6.003), (3.0, 15808, 9.089), (3.0, 21192, 12.092), (3.0, 26406, 15.096), (3.0, 31502, 18.097), (3.0, 36582, 21.155), (3.0, 41949, 24.155), (3.0, 47178, 27.328), (3.0, 52582, 30.328), (3.0, 57914, 33.329), (3.0, 62678, 36.329), (3.25, 67890, 39.332), (3.25, 73197, 42.333), (3.25, 77784, 45.335), (3.25, 83089, 48.335), (3.25, 88320, 51.335), (3.25, 93629, 54.336), (3.25, 98064, 57.339))"
i_72_3_15_MT_X,3,72,X,MT,15,GBFS,17.344,57.372,69220,"((8.25, 4368, 3.242), (17.344, 8491, 6.242), (17.344, 12040, 9.242), (17.344, 15599, 12.243), (17.344, 19228, 15.243), (17.344, 22705, 18.244), (17.344, 26160, 21.244), (17.344, 29834, 24.245), (17.344, 33453, 27.246), (17.344, 36823, 30.247), (17.344, 40477, 33.247), (17.344, 43953, 36.368), (17.344, 47599, 39.369), (17.344, 51261, 42.369), (17.344, 54927, 45.37), (17.344, 58230, 48.37), (17.344, 61918, 51.371), (17.344, 65561, 54.372), (17.344, 69220, 57.372))"
i_116_2_30_MT_den403d,2,102,den403d,MT,30,MCTS_E,0.0,57.21,273744,"((0.0, 14724, 3.002), (0.0, 29520, 6.002), (0.0, 44064, 9.004), (0.0, 58488, 12.01), (0.0, 72600, 15.012), (0.0, 86544, 18.013), (0.0, 101616, 21.018), (0.0, 115692, 24.022), (0.0, 129816, 27.082), (0.0, 144936, 30.084), (0.0, 160104, 33.086), (0.0, 173700, 36.089), (0.0, 188748, 39.089), (0.0, 202176, 42.188), (0.0, 216972, 45.188), (0.0, 231768, 48.193), (0.0, 246636, 51.199), (0.0, 258912, 54.204), (0.0, 273744, 57.21))"
i_116_2_30_MT_den403d,2,102,den403d,MT,30,MCTS_V,5.0,57.397,92532,"((2.5, 4788, 3.012), (3.75, 9684, 6.033), (3.75, 14544, 9.053), (3.75, 19332, 12.058), (3.75, 24264, 15.073), (3.75, 29016, 18.074), (3.75, 33732, 21.087), (5.0, 38664, 24.093), (5.0, 43344, 27.11), (5.0, 48312, 30.115), (5.0, 53328, 33.116), (5.0, 58008, 36.13), (5.0, 63012, 39.134), (5.0, 68052, 42.148), (5.0, 72624, 45.149), (5.0, 77628, 48.156), (5.0, 82668, 51.176), (5.0, 87456, 54.381), (5.0, 92532, 57.397))"
i_116_2_30_MT_den403d,2,102,den403d,MT,30,MCTS_S,0.0,57.352,274572,"((0.0, 14724, 3.002), (0.0, 29556, 6.008), (0.0, 44028, 9.008), (0.0, 58404, 12.011), (0.0, 72552, 15.013), (0.0, 86412, 18.013), (0.0, 101700, 21.018), (0.0, 115860, 24.02), (0.0, 130128, 27.118), (0.0, 145224, 30.126), (0.0, 160320, 33.13), (0.0, 173760, 36.133), (0.0, 188784, 39.138), (0.0, 202788, 42.335), (0.0, 217656, 45.337), (0.0, 232524, 48.337), (0.0, 247392, 51.34), (0.0, 259812, 54.346), (0.0, 274572, 57.352))"
i_116_2_30_MT_den403d,2,102,den403d,MT,30,BFS,0.0,58.049,128935,"((0.0, 6719, 3.0), (0.0, 13460, 6.001), (0.0, 20319, 9.001), (0.0, 27081, 12.001), (0.0, 33732, 15.014), (0.0, 40249, 18.014), (0.0, 47336, 21.015), (0.0, 53718, 24.017), (0.0, 60838, 27.017), (0.0, 67049, 30.017), (0.0, 74153, 33.018), (0.0, 80867, 36.343), (0.0, 87957, 39.343), (0.0, 95036, 42.343), (0.0, 102130, 45.344), (0.0, 107768, 48.344), (0.0, 114871, 51.344), (0.0, 121944, 54.344), (0.0, 128935, 58.049))"
i_116_2_30_MT_den403d,2,102,den403d,MT,30,BNBL,0.0,57.226,61111,"((0.0, 3270, 3.001), (0.0, 6481, 6.002), (0.0, 9666, 9.002), (0.0, 12816, 12.002), (0.0, 16083, 15.003), (0.0, 19224, 18.014), (0.0, 22358, 21.047), (0.0, 25645, 24.048), (0.0, 28915, 27.048), (0.0, 31966, 30.048), (0.0, 35251, 33.049), (0.0, 38472, 36.223), (0.0, 41702, 39.224), (0.0, 44981, 42.225), (0.0, 48283, 45.225), (0.0, 51252, 48.225), (0.0, 54532, 51.226), (0.0, 57823, 54.226), (0.0, 61111, 57.226))"
i_116_2_30_MT_den403d,2,102,den403d,MT,30,BNB,0.0,57.018,81728,"((0.0, 4386, 3.0), (0.0, 8690, 6.001), (0.0, 13004, 9.001), (0.0, 17330, 12.002), (0.0, 21804, 15.005), (0.0, 26049, 18.006), (0.0, 30248, 21.008), (0.0, 34716, 24.008), (0.0, 38826, 27.008), (0.0, 43280, 30.011), (0.0, 47714, 33.012), (0.0, 51729, 36.012), (0.0, 56209, 39.012), (0.0, 60691, 42.013), (0.0, 64588, 45.013), (0.0, 69030, 48.013), (0.0, 73502, 51.013), (0.0, 77973, 54.013), (0.0, 81728, 57.018))"
i_116_2_30_MT_den403d,2,102,den403d,MT,30,GBFS,5.25,57.009,61655,"((5.25, 3358, 3.001), (5.25, 6639, 6.001), (5.25, 9904, 9.001), (5.25, 13148, 12.003), (5.25, 16353, 15.003), (5.25, 19679, 18.004), (5.25, 22839, 21.004), (5.25, 26150, 24.005), (5.25, 29262, 27.005), (5.25, 32572, 30.006), (5.25, 35887, 33.006), (5.25, 38938, 36.007), (5.25, 42261, 39.007), (5.25, 45621, 42.007), (5.25, 48636, 45.008), (5.25, 51980, 48.008), (5.25, 55338, 51.009), (5.25, 58713, 54.009), (5.25, 61655, 57.009))"
i_40_2_24_MT_lak103d,2,17,lak103d,MT,24,MCTS_E,0.0,57.063,421468,"((0.0, 22852, 3.005), (0.0, 47184, 6.005), (0.0, 69496, 9.01), (0.0, 90696, 12.014), (0.0, 113068, 15.019), (0.0, 136956, 18.023), (0.0, 159000, 21.029), (0.0, 181456, 24.035), (0.0, 205648, 27.037), (0.0, 227396, 30.038), (0.0, 252176, 33.039), (0.0, 272164, 36.044), (0.0, 295708, 39.051), (0.0, 318868, 42.052), (0.0, 337316, 45.057), (0.0, 360076, 48.058), (0.0, 382176, 51.059), (0.0, 404452, 54.062), (0.0, 421468, 57.063))"
i_40_2_24_MT_lak103d,2,17,lak103d,MT,24,MCTS_V,4.0,57.115,259732,"((3.25, 13064, 3.004), (3.5, 26532, 6.013), (4.0, 40532, 9.023), (4.0, 53924, 12.03), (4.0, 66896, 15.031), (4.0, 79936, 18.037), (4.0, 94084, 21.049), (4.0, 107416, 24.058), (4.0, 121436, 27.066), (4.0, 134496, 30.067), (4.0, 148996, 33.072), (4.0, 161696, 36.075), (4.0, 176196, 39.079), (4.0, 190944, 42.085), (4.0, 203540, 45.09), (4.0, 218120, 48.096), (4.0, 232800, 51.099), (4.0, 247464, 54.107), (4.0, 259732, 57.115))"
i_40_2_24_MT_lak103d,2,17,lak103d,MT,24,MCTS_S,0.0,57.058,420772,"((0.0, 22852, 3.001), (0.0, 47196, 6.003), (0.0, 69416, 9.003), (0.0, 90260, 12.004), (0.0, 112544, 15.005), (0.0, 136160, 18.008), (0.0, 158240, 21.011), (0.0, 180140, 24.015), (0.0, 204512, 27.021), (0.0, 226024, 30.025), (0.0, 250784, 33.031), (0.0, 271472, 36.037), (0.0, 294728, 39.042), (0.0, 318036, 42.045), (0.0, 336344, 45.048), (0.0, 359288, 48.05), (0.0, 381568, 51.053), (0.0, 403864, 54.057), (0.0, 420772, 57.058))"
i_40_2_24_MT_lak103d,2,17,lak103d,MT,24,BFS,0.0,57.646,354317,"((0.0, 18694, 3.0), (0.0, 36617, 6.0), (0.0, 55739, 9.0), (0.0, 72306, 12.0), (0.0, 91410, 15.197), (0.0, 112060, 18.197), (0.0, 129372, 21.198), (0.0, 146160, 24.28), (0.0, 166603, 27.28), (0.0, 184032, 30.645), (0.0, 204464, 33.645), (0.0, 225122, 36.645), (0.0, 239224, 39.645), (0.0, 259811, 42.645), (0.0, 280355, 45.645), (0.0, 292986, 48.646), (0.0, 313367, 51.646), (0.0, 333845, 54.646), (0.0, 354317, 57.646))"
i_40_2_24_MT_lak103d,2,17,lak103d,MT,24,BNBL,0.0,57.896,218724,"((0.0, 11249, 3.0), (0.0, 22708, 6.001), (0.0, 33715, 9.001), (0.0, 44960, 12.001), (0.0, 56080, 15.002), (0.0, 68122, 18.002), (0.0, 79003, 21.002), (0.0, 90583, 24.256), (0.0, 102722, 27.259), (0.0, 114748, 30.701), (0.0, 126815, 33.701), (0.0, 138843, 36.701), (0.0, 148456, 39.702), (0.0, 160483, 42.702), (0.0, 172568, 45.703), (0.0, 182380, 48.896), (0.0, 194503, 51.896), (0.0, 206583, 54.896), (0.0, 218724, 57.896))"
i_40_2_24_MT_lak103d,2,17,lak103d,MT,24,BNB,0.0,57.23,263930,"((0.0, 13716, 3.002), (0.0, 27531, 6.002), (0.0, 41758, 9.002), (0.0, 55646, 12.223), (0.0, 70640, 15.224), (0.0, 84092, 18.225), (0.0, 97264, 21.226), (0.0, 112346, 24.226), (0.0, 125108, 27.226), (0.0, 140068, 30.227), (0.0, 152054, 33.227), (0.0, 167084, 36.228), (0.0, 181958, 39.228), (0.0, 193284, 42.229), (0.0, 208380, 45.23), (0.0, 223516, 48.23), (0.0, 233732, 51.23), (0.0, 248823, 54.23), (0.0, 263930, 57.23))"
i_40_2_24_MT_lak103d,2,17,lak103d,MT,24,GBFS,4.0,57.543,169387,"((4.0, 8504, 3.05), (4.0, 17411, 6.054), (4.0, 26539, 9.055), (4.0, 35560, 12.055), (4.0, 44455, 15.055), (4.0, 53197, 18.055), (4.0, 62660, 21.055), (4.0, 71131, 24.055), (4.0, 80651, 27.056), (4.0, 89000, 30.056), (4.0, 98505, 33.056), (4.0, 107098, 36.242), (4.0, 116620, 39.242), (4.0, 126140, 42.242), (4.0, 134785, 45.542), (4.0, 144305, 48.542), (4.0, 153826, 51.542), (4.0, 163256, 54.542), (4.0, 169387, 57.543))"
i_45_3_27_FR_orz105d,3,43,orz105d,FR,27,MCTS_E,7.693,57.268,423336,"((7.693, 22704, 3.003), (10.66, 44528, 6.013), (11.123, 67328, 9.091), (14.09, 89568, 12.101), (10.66, 112136, 15.108), (11.123, 133832, 18.122), (11.123, 158080, 21.133), (11.123, 175312, 24.158), (11.123, 196616, 27.167), (11.123, 217688, 30.184), (11.123, 242432, 33.207), (11.123, 262912, 36.208), (11.123, 286816, 39.217), (14.09, 311256, 42.232), (11.123, 329416, 45.237), (7.693, 354656, 48.243), (7.693, 380552, 51.261), (7.693, 398672, 54.264), (7.693, 423336, 57.268))"
i_45_3_27_FR_orz105d,3,43,orz105d,FR,27,MCTS_V,51.57,57.645,115144,"((45.882, 5792, 3.007), (45.882, 11960, 6.053), (45.882, 17920, 9.086), (45.882, 24032, 12.136), (45.882, 30232, 15.147), (45.882, 36072, 18.16), (45.882, 41968, 21.201), (45.882, 48336, 24.282), (46.042, 54208, 27.306), (46.042, 60472, 30.311), (51.57, 66328, 33.319), (51.57, 72456, 36.327), (51.57, 78672, 39.372), (51.57, 84432, 42.404), (51.57, 90760, 45.47), (51.57, 97080, 48.504), (51.57, 102760, 51.567), (51.57, 108928, 54.602), (51.57, 115144, 57.645))"
i_45_3_27_FR_orz105d,3,43,orz105d,FR,27,MCTS_S,10.66,58.429,440952,"((7.693, 23056, 3.009), (11.123, 45040, 6.021), (11.123, 67312, 9.024), (11.123, 89544, 12.025), (7.693, 112344, 15.037), (7.693, 133984, 18.05), (11.123, 158760, 21.053), (7.693, 179840, 24.061), (7.693, 204384, 27.061), (10.66, 225176, 30.064), (10.66, 250344, 33.066), (10.66, 270792, 36.088), (10.66, 294544, 39.091), (10.66, 316352, 42.513), (11.123, 341144, 45.525), (11.123, 366848, 48.525), (10.66, 392288, 52.406), (10.66, 417256, 55.417), (10.66, 440952, 58.429))"
i_45_3_27_FR_orz105d,3,43,orz105d,FR,27,BFS,27.047,57.042,87728,"((17.132, 4470, 3.002), (20.066, 9246, 6.005), (20.651, 13888, 9.007), (20.651, 18626, 12.008), (21.471, 23216, 15.01), (23.618, 27730, 18.01), (23.618, 32138, 21.013), (23.618, 36728, 24.014), (23.618, 41728, 27.017), (23.618, 46692, 30.019), (23.618, 51278, 33.02), (23.939, 56056, 36.026), (23.939, 60500, 39.026), (23.939, 65416, 42.028), (24.081, 70034, 45.031), (24.081, 74700, 48.034), (24.081, 78840, 51.039), (24.901, 83394, 54.041), (27.047, 87728, 57.042))"
i_45_3_27_FR_orz105d,3,43,orz105d,FR,27,BNBL,64.858,57.844,18848,"((41.014, 1864, 3.485), (51.101, 3232, 6.992), (59.214, 4648, 11.314), (64.858, 5524, 14.325), (64.858, 6448, 17.431), (64.858, 7448, 20.886), (64.858, 8448, 24.329), (64.858, 9648, 28.373), (64.858, 10848, 32.413), (64.858, 12048, 36.469), (64.858, 13248, 40.262), (64.858, 14248, 43.435), (64.858, 15248, 46.703), (64.858, 16448, 50.493), (64.858, 17648, 54.212), (64.858, 18848, 57.844))"
i_45_3_27_FR_orz105d,3,43,orz105d,FR,27,BNB,27.047,57.069,54570,"((17.099, 2972, 3.001), (20.066, 6036, 6.005), (21.934, 8904, 9.012), (24.081, 11616, 12.014), (24.081, 14460, 15.024), (24.081, 17326, 18.026), (24.081, 20174, 21.026), (24.081, 22962, 24.035), (24.901, 25646, 27.037), (27.047, 28228, 30.04), (27.047, 30782, 33.041), (27.047, 33594, 36.045), (27.047, 36536, 39.047), (27.047, 39514, 42.051), (27.047, 42654, 45.053), (27.047, 45702, 48.053), (27.047, 48352, 51.057), (27.047, 51506, 54.06), (27.047, 54570, 57.069))"
i_45_3_27_FR_orz105d,3,43,orz105d,FR,27,GBFS,81.549,57.215,17250,"((34.423, 2008, 3.173), (34.423, 3492, 6.175), (34.423, 4776, 9.176), (81.549, 5785, 12.178), (81.549, 6795, 15.18), (81.549, 7720, 18.183), (81.549, 8605, 21.184), (81.549, 9332, 24.19), (81.549, 10041, 27.192), (81.549, 10764, 30.195), (81.549, 11489, 33.198), (81.549, 12212, 36.199), (81.549, 12933, 39.202), (81.549, 13655, 42.203), (81.549, 14357, 45.204), (81.549, 15083, 48.207), (81.549, 15805, 51.21), (81.549, 16530, 54.213), (81.549, 17250, 57.215))"
i_36_2_5_MT_X,2,36,X,MT,5,MCTS_E,4.25,58.622,1073932,"((3.5, 63220, 3.001), (2.75, 123284, 6.003), (3.5, 179924, 9.146), (3.5, 235300, 12.146), (3.5, 289804, 15.148), (3.5, 341700, 18.149), (3.5, 405264, 21.151), (3.5, 454308, 24.154), (3.5, 517276, 27.156), (3.5, 562388, 30.158), (3.5, 625408, 33.161), (3.5, 665140, 36.164), (3.5, 727916, 39.167), (3.5, 791340, 42.169), (3.5, 826276, 45.171), (3.5, 889752, 48.173), (3.5, 953300, 51.177), (4.25, 1011132, 55.62), (4.25, 1073932, 58.622))"
i_36_2_5_MT_X,2,36,X,MT,5,MCTS_V,5.719,57.108,274996,"((4.25, 14292, 3.001), (4.25, 28756, 6.001), (4.75, 42924, 9.021), (5.719, 57124, 12.025), (5.719, 71352, 15.026), (5.719, 86384, 18.028), (5.719, 100412, 21.035), (5.719, 114100, 24.043), (5.719, 129196, 27.044), (5.719, 142660, 30.059), (5.719, 157888, 33.069), (5.719, 173112, 36.075), (5.719, 186192, 39.076), (5.719, 201416, 42.08), (5.719, 216668, 45.093), (5.719, 229200, 48.095), (5.719, 244484, 51.104), (5.719, 259764, 54.107), (5.719, 274996, 57.108))"
i_36_2_5_MT_X,2,36,X,MT,5,MCTS_S,4.25,58.27,1074404,"((2.5, 63816, 3.001), (2.5, 124216, 6.002), (3.5, 179900, 9.096), (3.5, 235032, 12.098), (3.5, 289464, 15.1), (3.5, 341900, 18.103), (4.25, 405616, 21.104), (4.25, 454912, 24.104), (4.25, 518800, 27.105), (4.25, 564400, 30.107), (4.25, 627664, 33.109), (4.25, 668352, 36.111), (4.25, 732024, 39.112), (4.25, 795400, 42.113), (4.25, 830688, 45.116), (4.25, 894256, 48.118), (4.25, 957956, 51.118), (4.25, 1010820, 55.269), (4.25, 1074404, 58.27))"
i_36_2_5_MT_X,2,36,X,MT,5,BFS,5.0,57.084,242981,"((4.5, 12681, 3.0), (4.5, 25528, 6.0), (5.0, 38644, 9.003), (5.0, 50493, 12.019), (5.0, 64358, 15.019), (5.0, 76980, 18.036), (5.0, 89068, 21.036), (5.0, 102907, 24.036), (5.0, 114748, 27.036), (5.0, 128676, 30.04), (5.0, 139956, 33.052), (5.0, 153876, 36.07), (5.0, 164484, 39.08), (5.0, 178328, 42.084), (5.0, 192176, 45.084), (5.0, 205903, 48.084), (5.0, 215480, 51.084), (5.0, 229200, 54.084), (5.0, 242981, 57.084))"
i_36_2_5_MT_X,2,36,X,MT,5,BNBL,6.262,57.662,155320,"((5.359, 8261, 3.0), (5.719, 16442, 6.0), (5.719, 24412, 9.028), (6.078, 32431, 12.028), (6.078, 40534, 15.029), (6.078, 49135, 18.029), (6.078, 57052, 21.035), (6.078, 64620, 24.038), (6.078, 73176, 27.043), (6.078, 81708, 30.387), (6.078, 90290, 33.387), (6.078, 98748, 36.417), (6.078, 105940, 39.435), (6.078, 114241, 42.435), (6.203, 122598, 45.435), (6.203, 130076, 48.636), (6.203, 138545, 51.636), (6.203, 146972, 54.643), (6.262, 155320, 57.662))"
i_36_2_5_MT_X,2,36,X,MT,5,BNB,5.0,57.22,192900,"((4.5, 10332, 3.011), (4.5, 20536, 6.027), (4.5, 30364, 9.028), (5.0, 40484, 12.037), (5.0, 50744, 15.109), (5.0, 61635, 18.109), (5.0, 71338, 21.109), (5.0, 82128, 24.112), (5.0, 91636, 27.113), (5.0, 102564, 30.128), (5.0, 111695, 33.129), (5.0, 122436, 36.141), (5.0, 131296, 39.197), (5.0, 141952, 42.197), (5.0, 152646, 45.197), (5.0, 163375, 48.197), (5.0, 171460, 51.199), (5.0, 182228, 54.209), (5.0, 192900, 57.22))"
i_36_2_5_MT_X,2,36,X,MT,5,GBFS,5.25,57.043,182259,"((5.25, 9412, 3.012), (5.25, 18857, 6.026), (5.25, 28009, 9.035), (5.25, 37416, 12.041), (5.25, 46764, 15.042), (5.25, 56907, 18.042), (5.25, 66111, 21.042), (5.25, 75141, 24.042), (5.25, 85389, 27.042), (5.25, 94151, 30.043), (5.25, 104462, 33.043), (5.25, 114731, 36.043), (5.25, 123172, 39.043), (5.25, 133340, 42.043), (5.25, 143650, 45.043), (5.25, 151568, 48.043), (5.25, 161826, 51.043), (5.25, 172083, 54.043), (5.25, 182259, 57.043))"
i_361_2_35_SC_X,2,361,X,SC,35,MCTS_E,2.0,57.382,300192,"((2.0, 15212, 3.008), (2.0, 30620, 6.014), (2.0, 47272, 9.014), (2.0, 64264, 12.018), (1.0, 79972, 15.024), (2.0, 94968, 18.034), (2.0, 110724, 21.035), (2.0, 125500, 24.04), (2.0, 140332, 27.044), (2.0, 156276, 30.048), (2.0, 172008, 33.333), (2.0, 188268, 36.34), (2.0, 204556, 39.348), (2.0, 219096, 42.357), (2.0, 235668, 45.367), (2.0, 252364, 48.372), (2.0, 266260, 51.375), (2.0, 283136, 54.381), (2.0, 300192, 57.382))"
i_361_2_35_SC_X,2,361,X,SC,35,MCTS_V,12.0,57.755,47256,"((9.0, 2388, 3.06), (10.0, 4892, 6.098), (11.0, 7388, 9.125), (12.0, 9884, 12.142), (12.0, 12228, 15.177), (12.0, 14672, 18.235), (12.0, 17088, 21.277), (12.0, 19604, 24.301), (12.0, 22060, 27.336), (12.0, 24652, 30.382), (12.0, 27104, 33.428), (12.0, 29408, 36.446), (12.0, 31948, 39.477), (12.0, 34644, 42.552), (12.0, 36996, 45.584), (12.0, 39640, 48.627), (12.0, 42288, 51.637), (12.0, 44632, 54.734), (12.0, 47256, 57.755))"
i_361_2_35_SC_X,2,361,X,SC,35,MCTS_S,3.0,57.291,301420,"((1.0, 15212, 3.001), (2.0, 30844, 6.006), (2.0, 47628, 9.011), (2.0, 63776, 12.014), (2.0, 79320, 15.015), (1.0, 94268, 18.022), (2.0, 109960, 21.215), (3.0, 126044, 24.217), (3.0, 140976, 27.224), (3.0, 157112, 30.229), (3.0, 171960, 33.235), (2.0, 188356, 36.245), (3.0, 204500, 39.246), (3.0, 219076, 42.25), (3.0, 235864, 45.261), (3.0, 252708, 48.268), (3.0, 267076, 51.275), (3.0, 284096, 54.283), (3.0, 301420, 57.291))"
i_361_2_35_SC_X,2,361,X,SC,35,BFS,6.0,57.661,56480,"((3.0, 3028, 3.034), (4.0, 6028, 6.04), (5.0, 9028, 9.077), (5.0, 12012, 12.109), (5.0, 14948, 15.127), (5.0, 17972, 18.138), (5.0, 20852, 21.147), (5.0, 23908, 24.149), (5.0, 26780, 27.226), (6.0, 29892, 30.302), (6.0, 32628, 33.32), (6.0, 35716, 36.365), (6.0, 38820, 39.439), (6.0, 41476, 42.468), (6.0, 44564, 45.511), (6.0, 47636, 48.516), (6.0, 50796, 51.585), (6.0, 53380, 54.628), (6.0, 56480, 57.661))"
i_361_2_35_SC_X,2,361,X,SC,35,BNBL,7.0,59.565,15916,"((2.0, 1400, 3.144), (3.0, 2204, 6.166), (3.0, 2980, 9.182), (4.0, 3772, 12.229), (4.0, 4612, 15.435), (4.0, 5444, 18.677), (5.0, 6244, 21.743), (5.0, 7076, 24.953), (6.0, 7908, 28.253), (6.0, 8740, 31.445), (6.0, 9540, 34.49), (6.0, 10356, 37.565), (6.0, 11152, 40.713), (6.0, 11960, 43.848), (6.0, 12784, 47.044), (6.0, 13576, 50.109), (6.0, 14416, 53.402), (6.0, 15136, 56.419), (7.0, 15916, 59.565))"
i_361_2_35_SC_X,2,361,X,SC,35,BNB,8.0,58.752,24400,"((2.0, 1736, 3.083), (3.0, 2980, 6.121), (4.0, 4252, 9.176), (4.0, 5508, 12.237), (5.0, 6756, 15.261), (6.0, 7972, 18.283), (6.0, 9220, 21.283), (6.0, 10488, 24.302), (6.0, 11732, 27.428), (6.0, 12944, 30.499), (6.0, 14216, 33.602), (6.0, 15392, 36.627), (7.0, 16672, 39.771), (7.0, 17988, 43.006), (7.0, 19264, 46.134), (7.0, 20464, 49.274), (8.0, 21760, 52.445), (8.0, 23088, 55.622), (8.0, 24400, 58.752))"
i_361_2_35_SC_X,2,361,X,SC,35,GBFS,30.0,57.102,18214,"((25.0, 932, 3.044), (30.0, 2077, 6.046), (30.0, 3016, 9.051), (30.0, 3976, 12.083), (30.0, 4912, 15.087), (30.0, 5859, 18.088), (30.0, 6831, 21.088), (30.0, 7739, 24.089), (30.0, 8688, 27.09), (30.0, 9643, 30.091), (30.0, 10556, 33.091), (30.0, 11522, 36.093), (30.0, 12501, 39.094), (30.0, 13467, 42.095), (30.0, 14372, 45.097), (30.0, 15327, 48.099), (30.0, 16294, 51.099), (30.0, 17248, 54.1), (30.0, 18214, 57.102))"
i_121_2_38_FR_orz601d,2,67,orz601d,FR,38,MCTS_E,3.795,57.135,282560,"((3.795, 14344, 3.011), (3.795, 29776, 6.015), (3.795, 44516, 9.024), (3.795, 58876, 12.032), (3.795, 73104, 15.038), (3.795, 88600, 18.045), (6.704, 103492, 21.05), (6.704, 117588, 24.061), (3.741, 131740, 27.072), (6.704, 147168, 30.085), (4.586, 162508, 33.088), (4.586, 176152, 36.089), (4.586, 191224, 39.091), (4.586, 204324, 42.114), (3.795, 219920, 45.123), (4.586, 236040, 48.126), (3.795, 252476, 51.13), (3.795, 266184, 54.134), (3.795, 282560, 57.135))"
i_121_2_38_FR_orz601d,2,67,orz601d,FR,38,MCTS_V,46.876,57.533,77648,"((37.657, 3976, 3.032), (43.898, 7824, 6.062), (43.898, 12016, 9.11), (45.993, 16164, 12.142), (45.993, 19908, 15.167), (45.993, 24300, 18.213), (45.993, 28460, 21.268), (45.993, 32752, 24.304), (45.993, 36772, 27.311), (46.876, 40896, 30.323), (46.876, 44972, 33.347), (46.876, 49132, 36.355), (46.876, 53224, 39.364), (46.876, 57204, 42.401), (46.876, 61312, 45.402), (46.876, 65476, 48.438), (46.876, 69552, 51.482), (46.876, 73388, 54.52), (46.876, 77648, 57.533))"
i_121_2_38_FR_orz601d,2,67,orz601d,FR,38,MCTS_S,6.704,57.394,283568,"((3.005, 14244, 3.003), (3.005, 29568, 6.013), (6.704, 44072, 9.022), (6.704, 58344, 12.023), (6.704, 72992, 15.027), (6.704, 88248, 18.038), (3.795, 103388, 21.048), (3.795, 117956, 24.055), (3.795, 132196, 27.062), (7.987, 147368, 30.065), (7.987, 161856, 33.069), (7.987, 175696, 36.072), (7.987, 190680, 39.08), (7.987, 205028, 42.35), (7.987, 220104, 45.362), (7.987, 236388, 48.37), (7.987, 252856, 51.374), (7.987, 266748, 54.386), (6.704, 283568, 57.394))"
i_121_2_38_FR_orz601d,2,67,orz601d,FR,38,BNBL,40.628,3.013,2488,"((40.628, 2488, 3.013),)"
i_121_2_38_FR_orz601d,2,67,orz601d,FR,38,BFS,19.435,57.117,95595,"((14.528, 4938, 3.003), (16.087, 9939, 6.003), (16.742, 14978, 9.004), (16.742, 19976, 12.004), (16.742, 25009, 15.004), (16.742, 29951, 18.004), (16.742, 35191, 21.004), (16.742, 39959, 24.005), (16.742, 45177, 27.005), (16.742, 50150, 30.116), (16.742, 55386, 33.116), (16.742, 60616, 36.116), (16.742, 65115, 39.117), (16.742, 70349, 42.117), (16.742, 75543, 45.117), (16.742, 80705, 48.117), (16.742, 85117, 51.117), (16.742, 90393, 54.117), (19.435, 95595, 57.117))"
i_121_2_38_FR_orz601d,2,67,orz601d,FR,38,GBFS,17.06,57.025,26677,"((17.06, 1930, 3.001), (17.06, 3431, 6.003), (17.06, 4951, 9.004), (17.06, 6459, 12.005), (17.06, 7990, 15.006), (17.06, 9404, 18.009), (17.06, 10612, 21.009), (17.06, 11995, 24.009), (17.06, 13177, 27.009), (17.06, 14420, 30.01), (17.06, 15742, 33.01), (17.06, 16887, 36.011), (17.06, 18302, 39.013), (17.06, 19756, 42.015), (17.06, 21098, 45.02), (17.06, 22481, 48.022), (17.06, 23942, 51.022), (17.06, 25254, 54.024), (17.06, 26677, 57.025))"
i_121_2_38_FR_orz601d,2,67,orz601d,FR,38,BNB,16.742,57.556,63979,"((12.491, 3636, 3.001), (16.087, 7324, 6.001), (16.087, 10981, 9.002), (16.087, 14552, 12.01), (16.742, 18089, 15.011), (16.742, 21646, 18.012), (16.742, 24382, 21.013), (16.742, 27836, 24.013), (16.742, 30521, 27.014), (16.742, 33612, 30.014), (16.742, 36861, 33.014), (16.742, 39716, 36.02), (16.742, 43192, 39.021), (16.742, 46800, 42.021), (16.742, 50049, 45.214), (16.742, 53692, 48.215), (16.742, 57250, 51.215), (16.742, 60629, 54.216), (16.742, 63979, 57.556))"
i_112_4_36_MT_den998d,4,61,den998d,MT,36,MCTS_E,0.0,-,391424,"((0.0, 15360, 3.039), (0.0, 36864, 6.241), (0.0, 56832, 9.244), (0.0, 72704, 12.273), (0.0, 93184, 15.463), (0.0, 115712, 18.576), (0.0, 135168, 21.629), (0.0, 159744, 24.874), (0.0, 180224, 27.887), (0.0, 204800, 31.399), (0.0, 227328, 34.406), (0.0, 246784, 37.447), (0.0, 268288, 40.659), (0.0, 295936, 43.763), (0.0, 311296, 46.767), (0.0, 336384, 49.933), (0.0, 354304, 53.459), (0.0, 373760, 56.556), (0.0, 391424, 60.607))"
i_112_4_36_MT_den998d,4,61,den998d,MT,36,MCTS_V,12.75,58.563,137216,"((12.75, 7168, 3.176), (12.75, 14336, 6.239), (12.75, 22016, 9.41), (12.75, 30720, 12.687), (12.75, 38912, 15.843), (12.75, 47104, 19.11), (12.75, 55296, 22.139), (12.75, 61952, 25.308), (12.75, 68608, 28.481), (12.75, 75776, 31.975), (12.75, 83968, 35.7), (12.75, 92160, 38.909), (12.75, 100352, 42.236), (12.75, 108544, 45.89), (12.75, 115712, 49.097), (12.75, 122880, 52.286), (12.75, 129536, 55.347), (12.75, 137216, 58.563))"
i_112_4_36_MT_den998d,4,61,den998d,MT,36,MCTS_S,0.0,-,391168,"((0.0, 12800, 3.013), (0.0, 30720, 6.047), (0.0, 51200, 9.094), (0.0, 67584, 12.145), (0.0, 86016, 15.309), (0.0, 106496, 18.377), (0.0, 126976, 21.39), (0.0, 147456, 24.482), (0.0, 172032, 27.973), (0.0, 194560, 31.269), (0.0, 221184, 34.667), (0.0, 239616, 37.814), (0.0, 262144, 41.25), (0.0, 294912, 44.623), (0.0, 315392, 47.625), (0.0, 342528, 50.696), (0.0, 358400, 53.775), (0.0, 378624, 56.998), (0.0, 391168, 60.051))"
i_112_4_36_MT_den998d,4,61,den998d,MT,36,BFS,3.25,59.536,134602,"((1.0, 8704, 4.528), (1.0, 17408, 8.625), (1.0, 26112, 12.845), (1.0, 34816, 16.859), (1.0, 43520, 21.08), (1.0, 52224, 25.425), (1.0, 60928, 29.525), (1.5, 67632, 32.526), (1.5, 75576, 35.526), (2.5, 82166, 38.529), (2.75, 90384, 41.529), (2.75, 98738, 44.529), (2.75, 105462, 47.53), (3.0, 113524, 50.53), (3.25, 121356, 53.533), (3.25, 127118, 56.536), (3.25, 134602, 59.536))"
i_112_4_36_MT_den998d,4,61,den998d,MT,36,BNBL,3.5,55.409,54288,"((1.0, 4352, 3.374), (3.5, 7952, 6.597), (3.5, 12816, 11.002), (3.5, 17424, 15.394), (3.5, 22032, 20.335), (3.5, 26640, 25.382), (3.5, 31248, 30.611), (3.5, 35856, 35.426), (3.5, 40464, 40.705), (3.5, 45072, 45.244), (3.5, 49680, 50.041), (3.5, 54288, 55.409))"
i_112_4_36_MT_den998d,4,61,den998d,MT,36,BNB,2.5,57.837,84634,"((1.0, 4736, 3.058), (1.0, 13184, 8.413), (1.0, 21888, 13.996), (1.0, 26240, 17.123), (1.0, 30592, 20.36), (1.0, 34944, 23.752), (1.0, 39296, 27.124), (1.0, 43904, 30.28), (1.0, 52352, 36.485), (1.0, 56704, 39.511), (1.0, 61632, 42.705), (1.5, 66198, 45.706), (1.5, 70972, 48.708), (1.5, 75436, 51.71), (1.5, 79672, 54.837), (2.5, 84634, 57.837))"
i_112_4_36_MT_den998d,4,61,den998d,MT,36,GBFS,12.239,57.202,51988,"((2.25, 3904, 3.137), (2.25, 7040, 6.189), (2.25, 10522, 9.189), (12.239, 13582, 12.189), (12.239, 16365, 15.19), (12.239, 18606, 18.19), (12.239, 20914, 21.191), (12.239, 23236, 24.191), (12.239, 25880, 27.193), (12.239, 28552, 30.194), (12.239, 30815, 33.195), (12.239, 33310, 36.195), (12.239, 36000, 39.195), (12.239, 38720, 42.196), (12.239, 41202, 45.196), (12.239, 43864, 48.197), (12.239, 46585, 51.197), (12.239, 49276, 54.199), (12.239, 51988, 57.202))"
i_93_1_20_FR_oth999d,1,93,oth999d,FR,20,MCTS_E,16.237,57.019,291466,"((6.803, 14182, 3.0), (6.526, 27764, 6.001), (6.526, 43754, 9.003), (6.526, 59404, 12.004), (6.803, 75272, 15.01), (4.995, 89542, 18.011), (9.216, 103236, 21.011), (6.803, 117836, 24.012), (6.526, 133092, 27.013), (7.481, 149104, 30.013), (12.343, 162358, 33.014), (12.343, 178930, 36.015), (12.343, 193490, 39.015), (12.343, 210098, 42.015), (12.343, 226806, 45.015), (12.343, 241024, 48.017), (12.343, 257894, 51.018), (12.343, 274680, 54.018), (16.237, 291466, 57.019))"
i_93_1_20_FR_oth999d,1,93,oth999d,FR,20,MCTS_V,25.635,57.156,37810,"((24.108, 1860, 3.004), (24.108, 3758, 6.007), (24.108, 5722, 9.015), (24.108, 7732, 12.025), (24.793, 9770, 15.037), (24.793, 11718, 18.038), (25.058, 13718, 21.059), (25.058, 15704, 24.068), (25.058, 17622, 27.069), (25.058, 19592, 30.078), (25.058, 21580, 33.086), (25.058, 23612, 36.093), (25.058, 25550, 39.102), (25.058, 27592, 42.108), (25.058, 29662, 45.119), (25.635, 31720, 48.128), (25.635, 33676, 51.141), (25.635, 35748, 54.144), (25.635, 37810, 57.156))"
i_93_1_20_FR_oth999d,1,93,oth999d,FR,20,MCTS_S,11.734,57.105,291564,"((0.926, 14990, 3.001), (13.49, 29942, 6.002), (13.49, 45562, 9.002), (15.096, 60612, 12.003), (15.096, 76024, 15.004), (15.096, 92060, 18.005), (15.096, 106962, 21.005), (15.096, 121494, 24.006), (15.096, 137256, 27.006), (15.106, 152014, 30.096), (15.106, 167716, 33.096), (15.106, 183450, 36.097), (15.106, 197576, 39.098), (11.734, 213518, 42.099), (11.734, 229532, 45.101), (11.734, 243062, 48.101), (11.734, 259188, 51.102), (11.734, 275358, 54.103), (11.734, 291564, 57.105))"
i_93_1_20_FR_oth999d,1,93,oth999d,FR,20,BFS,16.412,57.103,75433,"((12.343, 3992, 3.0), (12.343, 8036, 6.001), (12.343, 12027, 9.002), (12.343, 16028, 12.002), (13.298, 19922, 15.002), (13.298, 24018, 18.004), (13.926, 27895, 21.004), (15.457, 31863, 24.089), (15.457, 35899, 27.09), (15.457, 39884, 30.09), (15.457, 43553, 33.091), (16.412, 47575, 36.091), (16.412, 51636, 39.096), (16.412, 55300, 42.096), (16.412, 59458, 45.096), (16.412, 63576, 48.102), (16.412, 67683, 51.102), (16.412, 71310, 54.102), (16.412, 75433, 57.103))"
i_93_1_20_FR_oth999d,1,93,oth999d,FR,20,BNBL,18.047,57.036,47228,"((14.118, 2511, 3.001), (16.412, 4980, 6.001), (16.604, 7459, 9.001), (16.604, 9941, 12.003), (16.604, 12502, 15.012), (17.985, 14892, 18.016), (17.985, 17376, 21.017), (17.985, 19872, 24.018), (17.985, 22454, 27.018), (17.985, 24907, 30.018), (17.985, 27459, 33.018), (17.985, 30000, 36.018), (17.985, 32322, 39.018), (18.047, 34783, 42.019), (18.047, 37337, 45.02), (18.047, 39926, 48.028), (18.047, 42208, 51.029), (18.047, 44698, 54.029), (18.047, 47228, 57.036))"
i_93_1_20_FR_oth999d,1,93,oth999d,FR,20,GBFS,13.298,57.017,44178,"((13.298, 2247, 3.001), (13.298, 4589, 6.002), (13.298, 6899, 9.002), (13.298, 9136, 12.004), (13.298, 11470, 15.008), (13.298, 13730, 18.009), (13.298, 16069, 21.01), (13.298, 18361, 24.011), (13.298, 20720, 27.011), (13.298, 23127, 30.012), (13.298, 25376, 33.013), (13.298, 27777, 36.013), (13.298, 30162, 39.013), (13.298, 32386, 42.014), (13.298, 34731, 45.014), (13.298, 37146, 48.015), (13.298, 39556, 51.015), (13.298, 41765, 54.016), (13.298, 44178, 57.017))"
i_93_1_20_FR_oth999d,1,93,oth999d,FR,20,BNB,16.412,57.026,58689,"((12.343, 3140, 3.0), (12.343, 6321, 6.001), (12.343, 9445, 9.002), (12.343, 12644, 12.002), (12.343, 15786, 15.009), (13.298, 18809, 18.009), (13.298, 21958, 21.01), (13.298, 25020, 24.01), (13.926, 28168, 27.015), (15.457, 31347, 30.016), (15.457, 34282, 33.016), (15.457, 37386, 36.019), (15.457, 40479, 39.02), (15.457, 43348, 42.025), (16.412, 46425, 45.025), (16.412, 49488, 48.025), (16.412, 52644, 51.025), (16.412, 55461, 54.026), (16.412, 58689, 57.026))"
i_270_6_29_FR_X,6,270,X,FR,29,MCTS_E,19.232,-,217728,"((19.232, 46656, 14.489), (19.232, 93312, 31.269), (19.232, 155520, 47.64), (19.232, 217728, 66.047))"
i_270_6_29_FR_X,6,270,X,FR,29,MCTS_V,44.714,-,46656,"((44.714, 46656, 83.968),)"
i_270_6_29_FR_X,6,270,X,FR,29,MCTS_S,21.047,-,217728,"((19.232, 46656, 15.788), (19.232, 93312, 30.706), (21.047, 155520, 52.107), (21.047, 217728, 68.91))"
i_46_2_22_MT_orz102d,2,35,orz102d,MT,22,MCTS_E,0.25,57.726,534864,"((0.0, 28284, 3.005), (0.0, 58120, 6.009), (0.0, 87736, 9.013), (0.0, 114236, 12.015), (0.0, 141792, 15.021), (0.0, 171924, 18.027), (0.25, 198472, 21.032), (0.25, 224256, 24.036), (0.25, 253364, 27.039), (0.25, 279476, 30.043), (0.25, 309428, 33.046), (0.25, 333864, 36.049), (0.25, 364504, 39.054), (0.25, 395348, 42.059), (0.25, 418604, 45.061), (0.25, 448616, 48.063), (0.25, 478460, 51.068), (0.25, 505640, 54.719), (0.25, 534864, 57.726))"
i_46_2_22_MT_orz102d,2,35,orz102d,MT,22,MCTS_V,7.5,57.184,219884,"((4.75, 11360, 3.006), (4.75, 22864, 6.021), (6.0, 34504, 9.036), (6.5, 46260, 12.052), (7.5, 57952, 15.074), (7.5, 69408, 18.087), (7.5, 81244, 21.092), (7.5, 92272, 24.095), (7.5, 104128, 27.1), (7.5, 115208, 30.108), (7.5, 127264, 33.11), (7.5, 138116, 36.122), (7.5, 150196, 39.139), (7.5, 162420, 42.144), (7.5, 172940, 45.15), (7.5, 185052, 48.158), (7.5, 197388, 51.172), (7.5, 209596, 54.176), (7.5, 219884, 57.184))"
i_46_2_22_MT_orz102d,2,35,orz102d,MT,22,MCTS_S,0.0,57.543,530376,"((0.0, 28156, 3.004), (0.0, 57636, 6.005), (0.0, 86888, 9.011), (0.0, 115380, 12.013), (0.0, 143064, 15.018), (0.0, 170492, 18.023), (0.0, 196980, 21.028), (0.0, 222756, 24.03), (0.0, 252444, 27.036), (0.0, 277388, 30.042), (0.0, 307760, 33.043), (0.0, 337092, 36.515), (0.0, 367312, 39.519), (0.0, 397384, 42.526), (0.0, 420220, 45.527), (0.0, 450104, 48.534), (0.0, 479976, 51.536), (0.0, 509768, 54.542), (0.0, 530376, 57.543))"
i_46_2_22_MT_orz102d,2,35,orz102d,MT,22,BFS,1.0,57.537,261659,"((0.25, 13337, 3.0), (0.25, 27226, 6.0), (0.25, 40488, 9.027), (1.0, 54027, 12.027), (1.0, 67231, 15.027), (1.0, 82060, 18.027), (1.0, 94802, 21.027), (1.0, 108057, 24.196), (1.0, 123016, 27.197), (1.0, 136472, 30.533), (1.0, 151447, 33.533), (1.0, 166171, 36.533), (1.0, 176880, 39.533), (1.0, 191906, 42.533), (1.0, 206914, 45.534), (1.0, 216923, 48.535), (1.0, 231818, 51.537), (1.0, 246776, 54.537), (1.0, 261659, 57.537))"
i_46_2_22_MT_orz102d,2,35,orz102d,MT,22,BNBL,1.0,57.005,148183,"((0.25, 7971, 3.0), (0.25, 15857, 6.0), (0.25, 23610, 9.0), (0.25, 31421, 12.0), (0.25, 39724, 15.002), (0.75, 47455, 18.002), (1.0, 54890, 21.003), (1.0, 63041, 24.003), (1.0, 70405, 27.003), (1.0, 78634, 30.003), (1.0, 85553, 33.003), (1.0, 93627, 36.004), (1.0, 101831, 39.004), (1.0, 108729, 42.004), (1.0, 116928, 45.004), (1.0, 125142, 48.004), (1.0, 133317, 51.004), (1.0, 139895, 54.005), (1.0, 148183, 57.005))"
i_46_2_22_MT_orz102d,2,35,orz102d,MT,22,BNB,1.0,57.138,182802,"((0.25, 9840, 3.001), (0.25, 19753, 6.001), (0.25, 29851, 9.002), (0.25, 39797, 12.002), (1.0, 49565, 15.002), (1.0, 59126, 18.002), (1.0, 68452, 21.002), (1.0, 78943, 24.002), (1.0, 87855, 27.002), (1.0, 98210, 30.002), (1.0, 107396, 33.137), (1.0, 117875, 36.137), (1.0, 128310, 39.137), (1.0, 136508, 42.138), (1.0, 147044, 45.138), (1.0, 157120, 48.138), (1.0, 166223, 51.138), (1.0, 172888, 54.138), (1.0, 182802, 57.138))"
i_46_2_22_MT_orz102d,2,35,orz102d,MT,22,GBFS,5.0,57.005,105651,"((5.0, 5765, 3.0), (5.0, 11537, 6.001), (5.0, 17111, 9.001), (5.0, 22771, 12.002), (5.0, 28689, 15.002), (5.0, 34283, 18.002), (5.0, 39793, 21.003), (5.0, 45708, 24.003), (5.0, 51108, 27.003), (5.0, 57015, 30.003), (5.0, 62941, 33.003), (5.0, 68217, 36.003), (5.0, 74136, 39.003), (5.0, 79909, 42.003), (5.0, 84915, 45.004), (5.0, 89653, 48.004), (5.0, 95291, 51.004), (5.0, 101016, 54.005), (5.0, 105651, 57.005))"
i_108_4_35_FR_orz101d,4,102,orz101d,FR,35,MCTS_E,22.538,57.799,385136,"((22.538, 14336, 3.182), (22.538, 29568, 6.443), (22.538, 48448, 9.55), (22.538, 68608, 12.617), (22.538, 88960, 15.702), (22.538, 102144, 18.807), (22.538, 118016, 21.902), (22.538, 144256, 25.403), (22.538, 167616, 28.484), (22.538, 186176, 31.556), (22.538, 208256, 34.731), (22.538, 227136, 37.864), (22.538, 249536, 41.079), (22.538, 278736, 44.869), (22.538, 306736, 48.445), (22.538, 335136, 51.473), (22.538, 357136, 54.72), (22.538, 385136, 57.799))"
i_108_4_35_FR_orz101d,4,102,orz101d,FR,35,MCTS_V,59.76,-,67008,"((53.286, 2944, 3.272), (57.127, 6464, 6.417), (57.127, 10944, 10.491), (57.127, 14336, 13.733), (57.127, 19008, 17.923), (57.324, 23488, 21.713), (57.324, 27968, 25.479), (58.633, 32448, 29.344), (58.633, 35648, 32.505), (59.76, 41248, 37.6), (59.76, 45248, 40.858), (59.76, 52448, 46.499), (59.76, 56448, 50.031), (59.76, 59328, 53.26), (59.76, 63808, 57.58), (59.76, 67008, 60.973))"
i_108_4_35_FR_orz101d,4,102,orz101d,FR,35,MCTS_S,24.585,-,385136,"((20.49, 12544, 3.27), (20.49, 26368, 6.375), (20.49, 48448, 9.633), (20.49, 65408, 12.844), (20.49, 88064, 15.935), (20.49, 102656, 18.994), (22.538, 118656, 22.077), (22.538, 144256, 25.45), (22.538, 164416, 28.758), (22.538, 182976, 31.808), (22.538, 202976, 34.976), (24.585, 223136, 38.769), (24.585, 245536, 42.053), (24.585, 278736, 46.766), (24.585, 306736, 50.039), (24.585, 327936, 53.139), (24.585, 357136, 57.278), (24.585, 385136, 60.319))"
i_108_4_35_FR_orz101d,4,102,orz101d,FR,35,BFS,28.68,50.451,41024,"((28.68, 10256, 12.631), (28.68, 20512, 24.723), (28.68, 30768, 37.97), (28.68, 41024, 50.451))"
i_108_4_35_FR_orz101d,4,102,orz101d,FR,35,BNB,28.68,46.387,30768,"((28.68, 10256, 15.405), (28.68, 20512, 30.789), (28.68, 30768, 46.387))"
i_108_4_35_FR_orz101d,4,102,orz101d,FR,35,BNBL,69.235,48.078,19744,"((34.931, 10256, 22.442), (49.261, 11552, 25.503), (55.376, 15648, 36.173), (69.235, 19744, 48.078))"
i_108_4_35_FR_orz101d,4,102,orz101d,FR,35,GBFS,55.556,59.259,29504,"((22.538, 256, 7.8), (31.806, 3398, 10.8), (31.806, 6582, 13.801), (31.806, 9708, 16.801), (31.806, 11102, 19.802), (31.806, 12416, 25.058), (55.556, 14925, 28.059), (55.556, 17352, 31.059), (55.556, 17536, 35.246), (55.556, 19686, 38.247), (55.556, 21946, 41.248), (55.556, 22656, 46.178), (55.556, 24716, 49.178), (55.556, 26777, 52.178), (55.556, 27783, 55.179), (55.556, 29504, 59.259))"
i_189_6_58_MT_lgt605d,6,165,lgt605d,MT,58,MCTS_E,3.0,-,32768,"((3.0, 4096, 9.838), (3.0, 8192, 19.365), (3.0, 16384, 29.244), (3.0, 24576, 37.969), (3.0, 28672, 46.101), (3.0, 32768, 60.315))"
i_189_6_58_MT_lgt605d,6,165,lgt605d,MT,58,MCTS_V,15.75,-,24576,"((14.0, 4096, 15.911), (15.75, 8192, 29.309), (15.75, 16384, 48.654), (15.75, 24576, 63.673))"
i_189_6_58_MT_lgt605d,6,165,lgt605d,MT,58,MCTS_S,3.0,-,28672,"((3.0, 4096, 8.883), (3.0, 8192, 25.941), (3.0, 16384, 41.619), (3.0, 24576, 54.886), (3.0, 28672, 67.165))"
i_48_2_12_MT_X,2,48,X,MT,12,MCTS_S,2.25,19.469,146168,"((1.75, 7940, 1.001), (3.0, 15380, 2.007), (1.75, 23264, 3.012), (1.75, 30912, 4.013), (1.75, 39036, 5.016), (1.75, 46872, 6.019), (1.75, 55592, 7.022), (3.25, 63204, 8.026), (3.25, 71500, 9.028), (3.25, 78632, 10.034), (2.0, 86516, 11.035), (2.0, 93856, 12.131), (2.0, 101960, 13.136), (2.0, 109640, 14.137), (2.25, 117204, 15.137), (2.25, 122804, 16.143), (2.25, 130556, 17.15), (2.25, 138736, 18.155), (2.25, 146168, 19.469))"
i_36_2_9_SC_X,2,36,X,SC,9,MCTS_V,6.0,19.262,51272,"((5.0, 2660, 1.023), (5.0, 5356, 2.03), (5.0, 8040, 3.043), (5.0, 10664, 4.059), (5.0, 13476, 5.072), (5.0, 16060, 6.08), (5.0, 18868, 7.09), (5.0, 21696, 8.113), (5.0, 24276, 9.123), (5.0, 27016, 10.128), (5.0, 29808, 11.147), (5.0, 32344, 12.157), (6.0, 35216, 13.178), (6.0, 38040, 14.193), (6.0, 40424, 15.21), (6.0, 43120, 16.225), (6.0, 45760, 17.226), (6.0, 48480, 18.25), (6.0, 51272, 19.262))"
i_48_2_12_MT_X,2,48,X,MT,12,MCTS_V,7.727,19.307,38244,"((5.5, 1872, 1.016), (6.75, 3824, 2.036), (6.75, 5860, 3.06), (6.75, 7896, 4.077), (6.75, 10004, 5.101), (6.75, 11956, 6.106), (6.75, 14068, 7.131), (6.75, 15976, 8.141), (7.0, 18084, 9.153), (7.0, 20180, 10.171), (7.0, 22108, 11.186), (7.727, 24252, 12.206), (7.727, 26356, 13.22), (7.727, 28324, 14.23), (7.727, 30108, 15.246), (7.727, 32188, 16.263), (7.727, 34308, 17.29), (7.727, 36408, 18.295), (7.727, 38244, 19.307))"
i_48_2_12_MT_X,2,48,X,MT,12,GBFS,8.289,19.023,19342,"((8.289, 1029, 1.0), (8.289, 2065, 2.0), (8.289, 3124, 3.004), (8.289, 4146, 4.006), (8.289, 5210, 5.007), (8.289, 6210, 6.008), (8.289, 7192, 7.008), (8.289, 8167, 8.009), (8.289, 9082, 9.013), (8.289, 10094, 10.013), (8.289, 11122, 11.013), (8.289, 12192, 12.013), (8.289, 13152, 13.017), (8.289, 14208, 14.02), (8.289, 15231, 15.02), (8.289, 16290, 16.02), (8.289, 17218, 17.021), (8.289, 18287, 18.021), (8.289, 19342, 19.023))"
i_48_2_12_MT_X,2,48,X,MT,12,BFS,4.75,19.051,36364,"((4.25, 1768, 1.003), (4.25, 3662, 2.006), (4.25, 5620, 3.007), (4.25, 7538, 4.008), (4.25, 9404, 5.011), (4.75, 11436, 6.013), (4.75, 13248, 7.014), (4.75, 15244, 8.018), (4.75, 17036, 9.032), (4.75, 19030, 10.037), (4.75, 21032, 11.037), (4.75, 22756, 12.038), (4.75, 24780, 13.04), (4.75, 26806, 14.042), (4.75, 28796, 15.045), (4.75, 30354, 16.047), (4.75, 32352, 17.05), (4.75, 34338, 18.05), (4.75, 36364, 19.051))"
i_48_2_12_MT_X,2,48,X,MT,12,BNB,4.75,19.147,26114,"((4.25, 1366, 1.002), (4.25, 2742, 2.002), (4.25, 4124, 3.007), (4.25, 5546, 4.007), (4.25, 6904, 5.012), (4.25, 8336, 6.014), (4.25, 9664, 7.019), (4.25, 11064, 8.026), (4.75, 12436, 9.113), (4.75, 13854, 10.118), (4.75, 15270, 11.118), (4.75, 16684, 12.118), (4.75, 17924, 13.121), (4.75, 19342, 14.123), (4.75, 20758, 15.127), (4.75, 22150, 16.135), (4.75, 23350, 17.141), (4.75, 24748, 18.144), (4.75, 26114, 19.147))"
i_36_2_9_SC_X,2,36,X,SC,9,MCTS_S,3.0,19.157,165508,"((2.0, 9164, 1.002), (2.0, 17712, 2.004), (2.0, 26084, 3.006), (3.0, 35028, 4.009), (3.0, 45028, 5.104), (3.0, 54988, 6.108), (3.0, 63696, 7.112), (3.0, 73400, 8.113), (1.0, 81488, 9.115), (1.0, 91144, 10.12), (1.0, 98884, 11.125), (3.0, 108288, 12.13), (3.0, 117408, 13.137), (3.0, 124104, 14.14), (3.0, 133088, 15.144), (3.0, 141972, 16.148), (3.0, 147760, 17.151), (3.0, 156412, 18.155), (3.0, 165508, 19.157))"
i_36_2_9_SC_X,2,36,X,SC,9,MCTS_E,4.0,19.128,167232,"((2.0, 9204, 1.003), (2.0, 17920, 2.005), (3.0, 26496, 3.008), (3.0, 35540, 4.01), (3.0, 45056, 5.07), (3.0, 55100, 6.075), (3.0, 63912, 7.081), (3.0, 73656, 8.085), (1.0, 81628, 9.089), (1.0, 90968, 10.094), (1.0, 98636, 11.096), (3.0, 107980, 12.096), (3.0, 117000, 13.102), (3.0, 123712, 14.107), (3.0, 132672, 15.114), (4.0, 141608, 16.123), (4.0, 147368, 17.123), (4.0, 156028, 18.126), (4.0, 167232, 19.128))"
i_48_2_12_MT_X,2,48,X,MT,12,MCTS_E,2.75,19.131,150900,"((2.25, 8088, 1.002), (1.75, 15644, 2.009), (2.25, 23780, 3.015), (2.25, 31532, 4.018), (2.25, 39688, 5.026), (2.25, 47548, 6.031), (2.25, 56296, 7.036), (2.25, 64024, 8.043), (2.25, 72644, 9.047), (2.25, 79876, 10.052), (2.0, 88164, 11.058), (2.0, 94972, 12.062), (2.0, 103336, 13.068), (2.0, 111140, 14.073), (2.0, 117420, 15.117), (2.0, 125464, 16.118), (2.0, 133444, 17.124), (2.0, 141464, 18.129), (2.75, 150900, 19.131))"
i_48_2_12_MT_X,2,48,X,MT,12,BNBL,5.75,19.098,21258,"((5.0, 1034, 1.007), (5.0, 2058, 2.011), (5.0, 3120, 3.013), (5.0, 4154, 4.02), (5.0, 5232, 5.022), (5.0, 6210, 6.023), (5.0, 7278, 7.028), (5.0, 8348, 8.03), (5.0, 9316, 9.034), (5.0, 10382, 10.036), (5.5, 11440, 11.041), (5.75, 12432, 12.074), (5.75, 13470, 13.08), (5.75, 14522, 14.087), (5.75, 15562, 15.091), (5.75, 16636, 16.094), (5.75, 17684, 17.095), (5.75, 19466, 18.096), (5.75, 21258, 19.098))"
i_36_2_9_SC_X,2,36,X,SC,9,BNB,6.0,19.468,37496,"((4.0, 3112, 1.018), (5.0, 5232, 2.041), (6.0, 7152, 3.062), (6.0, 9092, 4.078), (6.0, 11068, 5.091), (6.0, 12916, 6.129), (6.0, 14868, 7.143), (6.0, 16788, 8.15), (6.0, 18508, 9.176), (6.0, 20412, 10.182), (6.0, 22332, 11.315), (6.0, 24284, 12.34), (6.0, 26212, 13.37), (6.0, 28168, 14.378), (6.0, 29900, 15.404), (6.0, 31820, 16.437), (6.0, 33752, 17.46), (6.0, 35644, 18.465), (6.0, 37496, 19.468))"
i_121_2_19_SC_X,2,121,X,SC,19,BFS,5.0,19.544,23988,"((3.0, 1188, 1.01), (4.0, 2404, 2.018), (4.0, 3612, 3.035), (4.0, 4932, 4.045), (4.0, 6212, 5.102), (5.0, 7492, 6.103), (5.0, 8692, 7.132), (5.0, 9988, 8.154), (5.0, 11212, 9.211), (5.0, 12500, 10.216), (5.0, 13824, 11.247), (5.0, 15044, 12.364), (5.0, 16372, 13.404), (5.0, 17668, 14.43), (5.0, 18996, 15.478), (5.0, 20116, 16.506), (5.0, 21396, 17.507), (5.0, 22692, 18.519), (5.0, 23988, 19.544))"
i_121_2_19_SC_X,2,121,X,SC,19,BNBL,6.0,19.388,10288,"((2.0, 736, 1.026), (3.0, 1284, 2.086), (3.0, 1828, 3.132), (4.0, 2404, 4.231), (4.0, 2972, 5.298), (4.0, 3532, 6.395), (4.0, 4068, 7.402), (4.0, 4644, 8.492), (4.0, 5220, 9.651), (5.0, 5812, 10.786), (5.0, 6372, 11.834), (6.0, 6948, 12.932), (6.0, 7524, 14.031), (6.0, 8068, 15.143), (6.0, 8596, 16.163), (6.0, 9136, 17.185), (6.0, 9688, 18.245), (6.0, 10288, 19.388))"
i_121_2_19_SC_X,2,121,X,SC,19,MCTS_S,2.0,19.123,99868,"((1.0, 5212, 1.03), (0.0, 10420, 2.036), (2.0, 15408, 3.045), (2.0, 20484, 4.05), (2.0, 25672, 5.051), (2.0, 31152, 6.06), (1.0, 36532, 7.07), (2.0, 42444, 8.073), (2.0, 47448, 9.081), (2.0, 53020, 10.089), (2.0, 57784, 11.092), (2.0, 63692, 12.092), (2.0, 69288, 13.093), (2.0, 74048, 14.095), (2.0, 79760, 15.097), (2.0, 84748, 16.106), (2.0, 90136, 17.113), (2.0, 94516, 18.122), (2.0, 99868, 19.123))"
i_36_2_9_SC_X,2,36,X,SC,9,BNBL,6.0,19.49,30204,"((4.0, 2392, 1.014), (4.0, 4144, 2.022), (5.0, 5712, 3.043), (6.0, 7216, 4.079), (6.0, 8756, 5.09), (6.0, 10432, 6.121), (6.0, 11996, 7.137), (6.0, 13436, 8.141), (6.0, 14964, 9.151), (6.0, 16508, 10.186), (6.0, 17884, 11.222), (6.0, 19452, 12.251), (6.0, 21028, 13.302), (6.0, 22412, 14.34), (6.0, 23932, 15.345), (6.0, 25452, 16.368), (6.0, 27068, 17.418), (6.0, 28748, 18.454), (6.0, 30204, 19.49))"
i_36_2_9_SC_X,2,36,X,SC,9,GBFS,4.0,19.143,30718,"((4.0, 1596, 1.0), (4.0, 3208, 2.005), (4.0, 4840, 3.007), (4.0, 6392, 4.007), (4.0, 8008, 5.008), (4.0, 9582, 6.008), (4.0, 11196, 7.009), (4.0, 12724, 8.027), (4.0, 14380, 9.036), (4.0, 16064, 10.045), (4.0, 17596, 11.059), (4.0, 19316, 12.069), (4.0, 21008, 13.07), (4.0, 22488, 14.08), (4.0, 24180, 15.09), (4.0, 25862, 16.09), (4.0, 27546, 17.09), (4.0, 29003, 18.143), (4.0, 30718, 19.143))"
i_121_2_19_SC_X,2,121,X,SC,19,BNB,6.0,19.912,14592,"((2.0, 900, 1.031), (3.0, 1668, 2.089), (4.0, 2484, 3.194), (4.0, 3252, 4.24), (4.0, 4020, 5.247), (4.0, 4788, 6.267), (5.0, 5524, 7.34), (5.0, 6276, 8.397), (6.0, 7028, 9.438), (6.0, 7764, 10.513), (6.0, 8548, 11.537), (6.0, 9304, 12.541), (6.0, 10128, 13.62), (6.0, 10872, 14.625), (6.0, 11520, 15.654), (6.0, 12288, 16.754), (6.0, 13056, 17.825), (6.0, 13824, 18.867), (6.0, 14592, 19.912))"
i_121_2_19_SC_X,2,121,X,SC,19,MCTS_V,9.0,19.442,23136,"((8.0, 1104, 1.014), (8.0, 2328, 2.05), (8.0, 3504, 3.058), (8.0, 4748, 4.091), (9.0, 5940, 5.103), (9.0, 7176, 6.105), (9.0, 8424, 7.117), (9.0, 9544, 8.134), (9.0, 10728, 9.152), (9.0, 11964, 10.181), (9.0, 13124, 11.201), (9.0, 14356, 12.235), (9.0, 15564, 13.236), (9.0, 16800, 14.288), (9.0, 17972, 15.372), (9.0, 19172, 16.376), (9.0, 20400, 17.388), (9.0, 21660, 18.425), (9.0, 23136, 19.442))"
i_121_2_19_SC_X,2,121,X,SC,19,MCTS_E,1.0,19.153,102380,"((2.0, 5204, 1.029), (1.0, 10520, 2.034), (1.0, 15632, 3.04), (2.0, 20948, 4.046), (2.0, 26224, 5.055), (1.0, 31884, 6.062), (1.0, 37300, 7.065), (1.0, 43336, 8.07), (1.0, 48592, 9.074), (2.0, 54392, 10.077), (2.0, 59436, 11.078), (2.0, 65184, 12.078), (2.0, 70648, 13.085), (2.0, 75316, 14.091), (2.0, 81008, 15.102), (1.0, 86324, 16.109), (1.0, 90892, 17.14), (1.0, 96532, 18.15), (1.0, 102380, 19.153))"
i_36_2_9_SC_X,2,36,X,SC,9,BFS,6.0,19.382,48080,"((4.0, 2572, 1.03), (4.0, 5172, 2.051), (5.0, 7680, 3.064), (5.0, 10208, 4.076), (5.0, 12688, 5.088), (5.0, 15312, 6.094), (5.0, 17744, 7.117), (5.0, 20480, 8.129), (5.0, 22804, 9.14), (5.0, 25480, 10.162), (5.0, 28208, 11.184), (6.0, 30448, 12.192), (6.0, 33140, 13.206), (6.0, 35824, 14.216), (6.0, 37880, 15.225), (6.0, 40528, 16.238), (6.0, 43200, 17.247), (6.0, 45836, 18.26), (6.0, 48080, 19.382))"
