i_49_2_23_FR_orz201d,2,49,orz201d,FR,23,BNBL,44.48746,0.8529240560000001,2790,"((3.1278, 0, 0.8529240560000001),)"
i_49_2_11_SC_X,2,49,X,SC,11,MCTS_E,0.0,-,311786,"((0.0, 1, 0.8313424370000001), (3.0, 1, 18.832130696), (4.0, 4492, 36.832857579), (4.0, 4492, 54.833293424), (4.0, 13657, 72.833345531), (4.0, 13657, 90.83514405), (4.0, 22831, 108.836905464), (4.0, 22831, 126.838327585), (1.0, 31765, 144.84029096), (2.0, 31765, 162.962543708), (1.0, 40513, 180.968370287), (4.0, 40513, 198.969094156), (2.0, 49184, 216.974604013), (2.0, 49184, 234.978152286), (2.0, 57204, 252.979105759), (2.0, 57204, 270.983103796), (2.0, 65300, 288.983859586), (2.0, 65300, 306.984960501), (2.0, 70763, 324.985052136), (2.0, 70763, 342.987242351), (5.0, 77806, 360.988444221), (5.0, 77806, 387.375065882), (5.0, 83798, 405.376945554), (5.0, 83798, 442.340425509), (5.0, 87664, 460.341015277), (5.0, 87664, 478.343696464), (5.0, 90840, 514.732965826), (5.0, 90840, 532.740352857), (5.0, 94234, 550.745980638), (5.0, 94234, 568.750541062), (5.0, 97712, 606.952363675), (5.0, 97712, 624.953326082), (5.0, 102619, 642.957864646), (5.0, 102619, 660.957951743), (5.0, 105555, 716.35637834), (5.0, 105555, 734.359698278), (5.0, 110316, 752.366899138), (5.0, 110316, 770.372977965), (5.0, 111802, 788.379148552), (5.0, 111802, 847.382710978), (5.0, 115373, 865.390106912), (5.0, 115373, 883.395990609), (5.0, 117332, 901.396412638), (5.0, 117332, 919.401635103), (5.0, 120510, 937.4086453), (5.0, 120510, 955.40931915), (5.0, 123663, 1027.618859601), (5.0, 123663, 1045.621285072), (5.0, 127051, 1063.621287827), (5.0, 127051, 1081.626163328), (5.0, 130615, 1099.627766912), (5.0, 130615, 1117.633823982), (5.0, 132720, 1135.636428911), (5.0, 132720, 1153.63695281), (5.0, 136370, 1232.699284549), (5.0, 136370, 1250.70117083), (5.0, 139965, 1268.702149127), (5.0, 139965, 1286.702285702), (5.0, 143528, 1304.704342317), (5.0, 143528, 1322.704977861), (5.0, 144465, 1340.707262719), (5.0, 144465, 1358.710907684), (5.0, 147672, 1376.712060541), (5.0, 147672, 1394.714402951), (5.0, 150662, 1412.721948154), (5.0, 150662, 1430.723556608), (5.0, 153470, 1541.402639319), (5.0, 153470, 1559.403384748), (5.0, 155310, 1577.403637223), (5.0, 155310, 1595.405198995), (5.0, 157982, 1613.406995508), (5.0, 157982, 1631.409890755), (5.0, 160661, 1649.411718686), (5.0, 160661, 1667.412963027), (5.0, 163453, 1685.413343991), (5.0, 163453, 1703.4195298), (5.0, 166245, 1721.421512745), (5.0, 166245, 1739.422397043), (5.0, 167671, 1757.422633325), (5.0, 167671, 1775.426633621), (5.0, 170701, 1793.427383484))"
i_49_2_11_SC_X,2,49,X,SC,11,MCTS_S,0.0,-,313505,"((0.0, 1, 0.841455987), (0.0, 1, 18.846361971), (0.0, 4461, 36.848085627), (0.0, 4461, 54.849902727), (0.0, 13569, 72.8515182), (0.0, 13569, 90.852694917), (0.0, 22698, 108.854810237), (0.0, 22698, 126.912499081), (0.0, 31559, 144.91587899), (0.0, 31559, 162.918840246), (0.0, 40290, 180.92016802), (0.0, 40290, 198.92036396), (0.0, 48922, 216.924630792), (0.0, 48922, 234.925502998), (0.0, 57068, 252.929196659), (0.0, 57068, 270.931548416), (0.0, 65329, 288.937378071), (0.0, 65329, 312.410984298), (0.0, 72002, 330.412177633), (0.0, 72002, 349.919111425), (0.0, 78524, 367.922995923), (0.0, 78524, 393.206047466), (0.0, 84695, 411.207608809), (0.0, 84695, 429.214445412), (0.0, 88856, 449.448024396), (0.0, 88856, 467.448151318), (0.0, 92632, 485.449618109), (0.0, 92632, 524.748183683), (0.0, 96319, 542.7502272), (0.0, 96319, 560.751693971), (0.0, 101375, 578.756523592), (0.0, 101375, 613.734468353), (0.0, 104774, 631.736892355), (0.0, 104774, 649.742551331), (0.0, 108830, 667.747724879), (0.0, 108830, 720.522719061), (0.0, 113174, 738.52318653), (0.0, 113174, 756.52769778), (0.0, 114689, 774.52838795), (0.0, 114689, 792.537332346), (0.0, 117991, 848.428651476), (0.0, 117991, 866.434564109), (0.0, 119978, 884.436063253), (0.0, 119978, 902.444120453), (0.0, 123283, 920.450961417), (0.0, 123283, 938.453318276), (0.0, 126508, 956.457432608), (0.0, 126508, 1027.728097538), (0.0, 126582, 1045.734823653), (0.0, 126582, 1063.744754788), (0.0, 130419, 1081.746458856), (0.0, 130419, 1099.75441736), (0.0, 134035, 1117.760063731), (0.0, 134035, 1135.761830324), (0.0, 136717, 1225.500944104), (0.0, 136717, 1243.504584421), (0.0, 140362, 1261.510707409), (0.0, 140362, 1279.514041556), (0.0, 143467, 1297.824551151), (0.0, 143467, 1315.828762595), (0.0, 146408, 1333.83595647), (0.0, 146408, 1351.837763034), (0.0, 146722, 1369.845479225), (0.0, 146722, 1387.846274928), (0.0, 149787, 1405.849425163), (0.0, 149787, 1523.201598922), (0.0, 152456, 1541.207537513), (0.0, 152456, 1559.207614804), (0.0, 155169, 1577.212614102), (0.0, 155169, 1595.221141425), (0.0, 156670, 1613.228978395), (0.0, 156670, 1631.237684435), (0.0, 159321, 1649.241587155), (0.0, 159321, 1667.248028167), (0.0, 162008, 1685.250049837), (0.0, 162008, 1703.25015766), (0.0, 164815, 1721.252140536), (0.0, 164815, 1739.258643298), (0.0, 167440, 1757.260334356), (0.0, 167440, 1775.264700501), (0.0, 168614, 1793.265930981))"
i_49_2_21_MT_den207d,2,41,den207d,MT,21,BFS,0.0,-,220836,"((0.0, 0, 0.8732147140000001), (0.0, 27665, 18.879923493), (0.0, 47337, 36.880074772), (0.0, 62875, 54.880936917), (0.0, 74271, 72.883621804), (0.0, 83354, 90.883642158), (0.0, 90070, 108.88493663), (0.0, 96209, 126.894959531), (0.0, 101446, 144.896175849), (0.0, 105306, 162.898230031), (0.0, 107976, 180.900053953), (0.0, 110756, 198.90160446), (0.0, 113405, 216.906531394), (0.0, 115861, 234.91084111), (0.0, 118263, 252.913942942), (0.0, 121026, 270.914703016), (0.0, 123458, 288.916906696), (0.0, 125877, 306.924487543), (0.0, 127824, 324.924653684), (0.0, 129535, 342.928347009), (0.0, 131193, 360.933804834), (0.0, 132796, 378.939349613), (0.0, 133905, 396.961750632), (0.0, 135478, 414.970121249), (0.0, 136923, 432.975684902), (0.0, 138309, 450.984755242), (0.0, 139904, 468.985265333), (0.0, 141431, 486.990025844), (0.0, 142735, 504.999934041), (0.0, 144008, 523.000617579), (0.0, 145704, 541.008227715), (0.0, 147462, 559.015112871), (0.0, 148725, 577.029600542), (0.0, 149851, 595.032444026), (0.0, 151138, 613.043424469), (0.0, 152432, 631.046808743), (0.0, 153674, 649.056485086), (0.0, 154933, 667.056547599), (0.0, 156043, 685.071992322), (0.0, 157129, 703.07310986), (0.0, 158250, 721.082179973), (0.0, 159375, 739.089987447), (0.0, 160506, 757.094018156), (0.0, 161787, 775.094913822), (0.0, 162966, 793.110730573), (0.0, 164006, 811.11381719), (0.0, 165152, 829.122221583), (0.0, 166369, 853.504495627), (0.0, 167417, 871.568369639), (0.0, 168556, 889.573123526), (0.0, 169654, 907.581025324), (0.0, 170738, 925.611635241), (0.0, 171847, 943.620387497), (0.0, 172854, 961.620521279), (0.0, 173829, 979.621578593), (0.0, 174752, 997.662414696), (0.0, 175776, 1015.67181502), (0.0, 176724, 1033.672168347), (0.0, 177783, 1051.683944223), (0.0, 178806, 1069.685542507), (0.0, 179893, 1087.715408243), (0.0, 181060, 1105.722453064), (0.0, 182236, 1123.72780581), (0.0, 183447, 1141.729527508), (0.0, 184840, 1159.737571151), (0.0, 186142, 1177.750479449), (0.0, 187167, 1195.759114258), (0.0, 188122, 1213.765957032), (0.0, 189153, 1231.787315624), (0.0, 190238, 1249.802585569), (0.0, 191281, 1267.839206126), (0.0, 192240, 1285.874640504), (0.0, 192724, 1303.880337092), (0.0, 193819, 1321.892078468), (0.0, 195072, 1339.893552476), (0.0, 196545, 1357.894961557), (0.0, 197919, 1375.898518033), (0.0, 199360, 1393.899048153), (0.0, 200791, 1411.910522328), (0.0, 201983, 1429.919493433), (0.0, 202987, 1447.923315046), (0.0, 203948, 1465.961632318), (0.0, 204846, 1483.971720909), (0.0, 205649, 1514.49625917), (0.0, 206753, 1532.502427343), (0.0, 207393, 1550.511036096), (0.0, 208408, 1568.524834141), (0.0, 209399, 1586.529399981), (0.0, 210512, 1604.536711239), (0.0, 211560, 1622.569265031), (0.0, 212620, 1640.572533641), (0.0, 213806, 1658.585147483), (0.0, 215024, 1676.592760338), (0.0, 216232, 1694.629608494), (0.0, 216786, 1713.26236406), (0.0, 217501, 1731.272426273), (0.0, 218478, 1749.273821172), (0.0, 219366, 1767.282798587), (0.0, 220178, 1785.295592232))"
i_49_2_21_MT_den207d,2,41,den207d,MT,21,BNB,0.0,-,214160,"((0.0, 0, 0.8663899540000001), (0.0, 24040, 18.866425113), (0.0, 42088, 36.866843307), (0.0, 56209, 54.884623711), (0.0, 67796, 72.88513422), (0.0, 76050, 90.886811345), (0.0, 83287, 108.887070478), (0.0, 88900, 126.889278939), (0.0, 94094, 144.890578819), (0.0, 98027, 162.892237619), (0.0, 101283, 180.895569357), (0.0, 104119, 198.897721396), (0.0, 106321, 217.109735453), (0.0, 108746, 235.110625533), (0.0, 111100, 253.113602725), (0.0, 113869, 271.125977934), (0.0, 116313, 289.127402577), (0.0, 118768, 307.129511611), (0.0, 120751, 325.133626775), (0.0, 122496, 343.135877129), (0.0, 124152, 361.138733723), (0.0, 125740, 379.143914273), (0.0, 127355, 397.15305145), (0.0, 128962, 415.160675173), (0.0, 130453, 433.166892108), (0.0, 131878, 451.168712632), (0.0, 133009, 469.17437993), (0.0, 134516, 487.174556692), (0.0, 135825, 505.17963302), (0.0, 137103, 523.181767193), (0.0, 138824, 541.189472971), (0.0, 140642, 559.195793181), (0.0, 141936, 577.203256181), (0.0, 143085, 595.213049093), (0.0, 144379, 613.224664343), (0.0, 145692, 631.226735683), (0.0, 146930, 649.234228051), (0.0, 148198, 667.258561798), (0.0, 149321, 685.271533092), (0.0, 150418, 703.276636419), (0.0, 151555, 721.278779095), (0.0, 152677, 739.286558246), (0.0, 153831, 757.291299219), (0.0, 155129, 775.301117165), (0.0, 156318, 793.309656391), (0.0, 157363, 811.309724536), (0.0, 158521, 829.311983232), (0.0, 159784, 847.317011716), (0.0, 160907, 865.326693197), (0.0, 162045, 883.332599629), (0.0, 163155, 901.334586181), (0.0, 164242, 919.346223936), (0.0, 165354, 937.359485177), (0.0, 165953, 955.367773107), (0.0, 166949, 973.389697686), (0.0, 167888, 991.400032186), (0.0, 168912, 1009.409402922), (0.0, 169870, 1027.409948335), (0.0, 170898, 1045.423040679), (0.0, 171935, 1063.427885887), (0.0, 173010, 1081.447470684), (0.0, 174163, 1099.449180378), (0.0, 175361, 1117.449680729), (0.0, 176518, 1135.45014392), (0.0, 177927, 1153.452831616), (0.0, 179281, 1171.482826829), (0.0, 180415, 1189.483675338), (0.0, 181362, 1207.491140184), (0.0, 182387, 1225.519159485), (0.0, 183430, 1243.532189026), (0.0, 184510, 1261.622083131), (0.0, 185377, 1279.632221177), (0.0, 186065, 1302.420722608), (0.0, 187177, 1320.424252841), (0.0, 188374, 1338.434311367), (0.0, 189769, 1356.441063296), (0.0, 191087, 1374.451002658), (0.0, 192465, 1392.470726167), (0.0, 193824, 1410.472602035), (0.0, 195054, 1428.475098563), (0.0, 196086, 1446.483395342), (0.0, 197025, 1464.486535666), (0.0, 197947, 1482.506229716), (0.0, 198854, 1501.867641492), (0.0, 199131, 1519.906741465), (0.0, 200281, 1537.907291518), (0.0, 201446, 1555.914726047), (0.0, 202438, 1573.930492244), (0.0, 203473, 1591.943922945), (0.0, 204604, 1609.945178346), (0.0, 205636, 1627.951845584), (0.0, 206252, 1645.955791811), (0.0, 207462, 1663.967737085), (0.0, 208676, 1681.976235795), (0.0, 209860, 1699.985040354), (0.0, 210144, 1717.988321445), (0.0, 211085, 1735.994592149), (0.0, 212030, 1753.995876546), (0.0, 212897, 1772.00366829), (0.0, 213710, 1790.008512411))"
i_46_2_22_FR_orz102d,2,43,orz102d,FR,22,MCTS_S,1.06478,-,271746,"((1.06478, 1, 0.813398378), (1.06478, 1, 18.817312622), (1.06478, 3045, 36.820767646), (1.06478, 3045, 54.823727499), (1.06478, 6509, 72.826857374), (1.06478, 6509, 90.835139447), (1.06478, 9769, 108.838512124), (1.06478, 9769, 126.842299589), (1.06478, 12816, 144.851905191), (1.06478, 12816, 162.854520189), (1.06478, 15665, 180.856266982), (1.06478, 15665, 198.857692598), (1.06478, 18508, 216.867816011), (1.06478, 18508, 234.875390558), (1.06478, 21236, 252.879943169), (1.06478, 21236, 270.88793448), (1.06478, 23794, 288.890487715), (1.06478, 23794, 306.893396219), (1.06478, 26230, 324.89357122), (1.06478, 26230, 342.894410724), (1.06478, 28481, 360.899434716), (1.06478, 28481, 378.900684842), (1.06478, 31131, 396.908049906), (1.06478, 31131, 422.985842197), (1.06478, 33425, 440.987455803), (1.06478, 33425, 458.989276517), (1.06478, 36120, 476.993854873), (1.06478, 36120, 494.995753971), (1.06478, 38282, 512.995754141), (1.06478, 38282, 532.192814603), (1.06478, 41044, 550.19505953), (1.06478, 41044, 568.207966881), (1.06478, 43764, 586.217561084), (1.06478, 43764, 604.219178845), (1.06478, 45731, 622.223749737), (1.06478, 45731, 640.224997333), (1.06478, 48372, 658.233860931), (1.06478, 48372, 676.237229326), (1.06478, 51004, 707.030534639), (1.06478, 51004, 725.042005619), (1.06478, 52556, 743.044979704), (1.06478, 52556, 761.046040703), (1.06478, 55150, 779.047435916), (1.06478, 55150, 797.051008782), (1.06478, 57723, 815.051036315), (1.06478, 57723, 833.053594934), (1.06478, 60281, 851.057948657), (1.06478, 60281, 869.063008878), (1.06478, 62974, 898.761840085), (1.06478, 62974, 916.762565725), (1.06478, 65589, 934.766189949), (1.06478, 65589, 952.767050958), (1.06478, 68343, 970.771665052), (1.06478, 68343, 988.780391229), (1.06478, 71093, 1006.783495497), (1.06478, 71093, 1024.785174991), (1.06478, 73982, 1042.789043538), (1.06478, 73982, 1060.79106247), (1.06478, 75361, 1078.792227798), (1.06478, 75361, 1096.798517053), (1.06478, 78294, 1114.798953102), (1.06478, 78294, 1132.805172915), (1.06478, 81214, 1150.809770535), (1.06478, 81214, 1168.812428933), (1.06478, 84127, 1186.814164675), (1.06478, 84127, 1204.814760084), (1.06478, 87029, 1222.814843617), (1.06478, 87029, 1240.81805433), (1.06478, 89894, 1275.16381574), (1.06478, 89894, 1295.090874478), (1.06478, 92835, 1313.096129558), (1.06478, 92835, 1331.10018615), (1.06478, 95723, 1349.104866486), (1.06478, 95723, 1367.108017267), (1.06478, 98581, 1385.116149257), (1.06478, 98581, 1403.116155811), (1.06478, 101019, 1421.11917922), (1.06478, 101019, 1439.123679964), (1.06478, 103900, 1457.1243974), (1.06478, 103900, 1475.128819087), (1.06478, 106766, 1493.13705716), (1.06478, 106766, 1512.41173024), (1.06478, 109622, 1530.415386979), (1.06478, 109622, 1548.420866315), (1.06478, 112386, 1566.424780661), (1.06478, 112386, 1584.427920734), (1.06478, 115273, 1602.430044821), (1.06478, 115273, 1620.43305494), (1.06478, 118174, 1638.436855084), (1.06478, 118174, 1656.436920045), (1.06478, 121021, 1674.437206534), (1.06478, 121021, 1692.442489443), (1.06478, 123924, 1715.041775905), (1.06478, 123924, 1733.043096795), (1.06478, 126750, 1751.048782841), (1.06478, 126750, 1769.050254809), (1.06478, 128716, 1787.052879246))"
i_46_2_22_FR_orz102d,2,43,orz102d,FR,22,MCTS_E,1.06478,-,269877,"((1.06478, 1, 0.722565271), (4.94323, 1, 18.72570998), (3.92258, 3068, 36.726462552), (4.94323, 3068, 54.727033292), (3.92258, 6496, 72.731590288), (3.92258, 6496, 90.732268952), (2.94917, 9689, 108.736309613), (2.94917, 9689, 126.741978331), (2.94917, 12599, 144.937075552), (2.94917, 12599, 162.944940363), (2.94917, 15724, 180.951323446), (4.94323, 15724, 198.952850972), (9.459, 18555, 216.955484272), (9.459, 18555, 234.961495472), (9.459, 20778, 252.96200499), (9.459, 20778, 270.966578633), (9.459, 23262, 291.283752567), (9.459, 23262, 309.283926886), (9.459, 25840, 327.288108414), (9.459, 25840, 345.965311345), (9.459, 28303, 363.968447784), (9.459, 28303, 381.969319139), (9.459, 31257, 399.969891645), (9.459, 31257, 421.186310082), (9.459, 33789, 439.18876043), (9.459, 33789, 457.197011743), (6.61748, 36651, 475.200347277), (6.61748, 36651, 493.211042413), (7.46494, 38656, 511.214616122), (7.46494, 38656, 529.216791331), (7.46494, 41103, 547.217271749), (3.92258, 41103, 565.217710062), (3.92258, 43333, 583.222946335), (4.70406, 43333, 601.22295299), (4.70406, 46104, 619.235638768), (4.70406, 46104, 637.241317426), (4.70406, 48689, 655.243417306), (4.70406, 48689, 673.244160756), (4.70406, 50265, 703.92326829), (4.70406, 50265, 721.925954262), (4.70406, 52710, 739.928373476), (4.70406, 52710, 757.929438705), (4.70406, 55396, 775.934621126), (4.70406, 55396, 793.94027662), (4.70406, 58135, 811.941332893), (4.70406, 58135, 829.945208852), (4.70406, 60045, 847.959281557), (4.70406, 60045, 865.96300492), (4.70406, 62910, 883.963537373), (4.70406, 62910, 901.966389837), (4.70406, 65842, 927.859544126), (8.61154, 65842, 945.864200068), (8.61154, 68768, 963.873533602), (11.13325, 68768, 981.874473385), (4.70406, 71557, 999.876007717), (11.13325, 71557, 1017.880979349), (11.13325, 74324, 1035.886122685), (11.13325, 74324, 1053.890512984), (11.13325, 77096, 1071.893967886), (11.13325, 77096, 1089.898620874), (11.13325, 78371, 1107.899140498), (11.13325, 78371, 1125.901051242), (11.13325, 81226, 1143.91492872), (11.13325, 81226, 1161.920289238), (11.13325, 84192, 1179.921649928), (11.13325, 84192, 1197.922711155), (11.13325, 87183, 1215.923157827), (11.13325, 87183, 1233.926105601), (11.13325, 90050, 1251.931581349), (11.13325, 90050, 1273.511123234), (11.13325, 92873, 1291.518730671), (11.13325, 92873, 1309.521201382), (11.13325, 95664, 1327.526211027), (6.61748, 95664, 1345.531770836), (6.61748, 98425, 1363.537448084), (4.70406, 98425, 1381.538424397), (11.13325, 100754, 1399.543312293), (11.13325, 100754, 1417.545306477), (11.13325, 103519, 1435.545834778), (6.69812, 103519, 1453.547987551), (6.69812, 106367, 1471.55325828), (6.69812, 106367, 1489.553858055), (6.69812, 109251, 1511.81196798), (6.69812, 109251, 1529.816147336), (6.69812, 112073, 1547.818431816), (6.69812, 112073, 1565.819867403), (6.69812, 114979, 1583.83291431), (6.69812, 114979, 1601.836321955), (6.69812, 117946, 1619.83755967), (6.69812, 117946, 1637.841887617), (6.69812, 120812, 1655.843561503), (6.69812, 120812, 1673.848089875), (6.69812, 123584, 1691.85341504), (6.69812, 123584, 1710.832062032), (6.69812, 126427, 1728.833384001), (6.69812, 126427, 1746.835848043), (6.69812, 129375, 1764.840115304), (6.69812, 129375, 1782.844893587))"
i_49_2_11_SC_X,2,49,X,SC,11,BFS,6.0,-,226933,"((0.0, 0, 0.72795493), (5.0, 28981, 18.728796945), (6.0, 49153, 36.729093734), (6.0, 64556, 54.729548357), (6.0, 77148, 72.730570151), (6.0, 85925, 90.73085316), (6.0, 93634, 108.736902826), (6.0, 99717, 127.454362207), (6.0, 105109, 145.457039696), (6.0, 109108, 163.458976573), (6.0, 112476, 181.46162078), (6.0, 115348, 199.465427355), (6.0, 118092, 217.468098327), (6.0, 120581, 235.471335738), (6.0, 123032, 253.472438369), (6.0, 125227, 271.474458479), (6.0, 127683, 289.488755794), (6.0, 130139, 307.49499018), (6.0, 132141, 325.498626899), (6.0, 133854, 343.501655678), (6.0, 135517, 361.520987991), (6.0, 137129, 379.528977014), (6.0, 138764, 397.547631971), (6.0, 140374, 415.556615066), (6.0, 141872, 433.561992792), (6.0, 143294, 451.56703265), (6.0, 144928, 469.56953703), (6.0, 146467, 487.580021319), (6.0, 147767, 505.587101346), (6.0, 149049, 523.587124974), (6.0, 150805, 541.622001693), (6.0, 152636, 559.631307132), (6.0, 153917, 577.632502273), (6.0, 154957, 601.277676767), (6.0, 156151, 619.282398108), (6.0, 157432, 637.28578524), (6.0, 158644, 655.297022786), (6.0, 159894, 673.302239263), (6.0, 160971, 691.304535983), (6.0, 162062, 709.316549289), (6.0, 163186, 727.346609713), (6.0, 164306, 745.347492561), (6.0, 165508, 763.356803961), (6.0, 166801, 781.372630287), (6.0, 167956, 799.387302052), (6.0, 169025, 817.41597494), (6.0, 170206, 835.416359272), (6.0, 171476, 853.419590619), (6.0, 172510, 871.422704212), (6.0, 173666, 889.43505361), (6.0, 174764, 907.479434115), (6.0, 175847, 925.487191463), (6.0, 176954, 943.493595482), (6.0, 177967, 961.511448401), (6.0, 178934, 979.517546637), (6.0, 179879, 997.519895126), (6.0, 180891, 1015.531010104), (6.0, 181845, 1033.535293365), (6.0, 182910, 1051.535785865), (6.0, 183918, 1069.552542525), (6.0, 184999, 1087.556845981), (6.0, 186193, 1105.568789655), (6.0, 187378, 1123.57240245), (6.0, 188604, 1141.57686939), (6.0, 190033, 1159.579149712), (6.0, 191363, 1177.579750397), (6.0, 192402, 1195.58674628), (6.0, 192883, 1213.594765123), (6.0, 193943, 1231.595106015), (6.0, 195057, 1249.595107946), (6.0, 196180, 1267.80134), (6.0, 197102, 1285.814773867), (6.0, 197578, 1303.827184837), (6.0, 198709, 1321.832054623), (6.0, 200008, 1339.836719998), (6.0, 201469, 1357.845376257), (6.0, 202888, 1375.849740726), (6.0, 204356, 1393.855828001), (6.0, 205821, 1411.866710823), (6.0, 207049, 1429.871442203), (6.0, 208071, 1447.89450184), (6.0, 209043, 1465.912128852), (6.0, 209971, 1483.923551341), (6.0, 210788, 1512.590710555), (6.0, 211914, 1530.593003224), (6.0, 213109, 1548.608596494), (6.0, 214170, 1566.610422397), (6.0, 215204, 1584.615441633), (6.0, 216357, 1602.627315342), (6.0, 217420, 1620.62949309), (6.0, 218475, 1638.639136237), (6.0, 219685, 1656.64670511), (6.0, 220908, 1674.657559651), (6.0, 222169, 1692.669853816), (6.0, 222773, 1716.561909159), (6.0, 223725, 1734.575970741), (6.0, 224706, 1752.580764583), (6.0, 225597, 1770.581626941), (6.0, 226421, 1788.630608403))"
i_46_2_22_FR_orz102d,2,43,orz102d,FR,22,BFS,17.94969,-,214272,"((1.06478, 0, 0.7641479760000001), (16.64762, 18847, 18.76445316), (16.64762, 34169, 36.773536054), (16.64762, 47600, 54.773974209), (16.64762, 58520, 72.774558562), (16.64762, 67353, 90.780318233), (16.64762, 75038, 108.781246212), (16.64762, 81746, 126.782302161), (16.64762, 86980, 144.785056787), (16.64762, 91285, 162.787794341), (16.64762, 94879, 180.793347773), (16.64762, 97985, 198.79421712), (16.64762, 100905, 216.795154179), (16.64762, 103089, 234.802724374), (16.64762, 105665, 252.825368694), (16.64762, 108673, 270.828337894), (16.64762, 111306, 288.832792443), (16.64762, 113921, 306.841389426), (16.64762, 116052, 324.843109904), (16.64762, 117905, 342.897879311), (16.64762, 119715, 360.905330695), (16.64762, 121446, 378.907750508), (16.64762, 123198, 396.91474611), (16.64762, 124936, 414.919542703), (16.64762, 126521, 432.924981098), (16.64762, 128039, 450.925705937), (16.64762, 129290, 468.933235666), (16.64762, 130893, 486.937392004), (16.64762, 132298, 504.939851487), (16.64762, 133660, 522.943581697), (16.64762, 135469, 540.944692031), (16.64762, 137383, 558.953499318), (16.64762, 138777, 576.957463253), (16.64762, 139994, 594.966401673), (16.64762, 141361, 612.972151438), (16.64762, 142744, 630.975814321), (16.64762, 144077, 648.982636081), (16.64762, 145410, 666.985540795), (16.64762, 146616, 684.998303937), (16.64762, 147782, 702.99867815), (16.64762, 148983, 721.002586553), (16.64762, 150168, 739.007801968), (16.64762, 151390, 757.014441211), (16.64762, 152785, 775.032814579), (16.64762, 154043, 793.035093017), (16.64762, 155143, 811.036211422), (16.64762, 156342, 829.037384332), (16.64762, 157658, 847.044467642), (16.64762, 158849, 865.083877276), (16.64762, 159631, 883.675725862), (16.64762, 160794, 901.676270688), (16.64762, 161922, 919.681237178), (16.64762, 163110, 937.689707406), (16.64762, 164199, 955.72413072), (16.64762, 165241, 973.732511006), (16.64762, 166238, 991.736638738), (16.64762, 167294, 1009.755830372), (16.64762, 168273, 1027.79195402), (16.64762, 169353, 1045.814761227), (16.64762, 170433, 1063.833474506), (16.64762, 171546, 1081.836836263), (16.64762, 172736, 1099.843164125), (16.64762, 173985, 1117.849544222), (16.64762, 175196, 1135.850227126), (16.64762, 176659, 1153.857190751), (16.64762, 178057, 1171.858560297), (16.64762, 179222, 1189.863779337), (16.64762, 180217, 1207.871870845), (16.64762, 181303, 1225.873140207), (16.64762, 182425, 1243.886633375), (16.64762, 183560, 1261.902837107), (16.64762, 184524, 1279.907768613), (16.64762, 185235, 1299.341749188), (16.64762, 186191, 1317.355439695), (16.64762, 187393, 1335.384296786), (16.64762, 188813, 1353.384911241), (16.64762, 190160, 1371.388138899), (16.64762, 191529, 1389.392177309), (16.64762, 192919, 1407.404639649), (16.64762, 194195, 1425.414105931), (16.64762, 195268, 1443.422082276), (16.64762, 196261, 1461.437288674), (16.64762, 197224, 1479.473539125), (16.64762, 198227, 1497.474253219), (16.64762, 198455, 1515.477298598), (16.64762, 199063, 1533.481039483), (16.64762, 200287, 1551.486839177), (16.64762, 201337, 1569.499963228), (16.64762, 202386, 1587.537747263), (17.94969, 203563, 1605.551311375), (17.94969, 204654, 1623.559936403), (17.94969, 205772, 1641.570199833), (17.94969, 206991, 1659.603511335), (17.94969, 208240, 1677.612210742), (17.94969, 209483, 1695.615237768), (17.94969, 209897, 1715.422225695), (17.94969, 210879, 1733.434471661), (17.94969, 211861, 1751.436056342), (17.94969, 212789, 1769.452106221), (17.94969, 213652, 1787.469665437))"
i_60_2_28_FR_den405d,2,60,den405d,FR,28,MCTS_V,0.01238,-,63776,"((0, 1, 0.8035905710000001), (0, 1, 18.805293895), (0, 749, 36.825910446), (0, 749, 54.838053878), (0, 1414, 72.844571277), (0, 1414, 90.896109417), (0, 1811, 108.914682958), (0, 1811, 126.992691087), (0, 2294, 145.04646398), (0, 2294, 163.057901443), (0, 2666, 181.122599606), (0, 2666, 199.131716487), (0, 3009, 217.143179673), (0, 3009, 235.162894559), (0, 3424, 253.166946676), (0, 3424, 271.179221078), (0, 3855, 289.182493585), (0, 3855, 307.194318191), (0, 4362, 325.194390268), (0, 4362, 343.211469397), (0, 4765, 361.225074177), (0, 4765, 379.226024114), (0, 5377, 397.241467863), (0, 5377, 415.24591554), (0, 6015, 433.251228689), (0, 6015, 451.25530815), (0, 6624, 469.260079491), (0, 6624, 487.277523706), (0, 7349, 505.295363239), (0, 7349, 523.312666678), (0, 8150, 541.320785357), (0, 8150, 559.333868222), (0, 8957, 577.352133465), (0, 8957, 595.358548578), (0, 9770, 613.35950755), (0, 9770, 631.372528632), (0, 10596, 649.374130305), (0, 10596, 667.378294872), (0, 11416, 685.378648765), (0, 11416, 703.398118363), (0, 12215, 721.413331665), (0, 12215, 739.42604637), (0, 13037, 757.430935661), (0, 13037, 775.436922074), (0, 13849, 793.440477663), (0, 13849, 811.455634036), (0, 14662, 829.464079122), (0, 14662, 847.476404201), (0, 15477, 865.480228265), (0, 15477, 883.501273874), (0, 16286, 901.516735692), (0, 16286, 919.534836481), (0, 17090, 937.546398422), (0, 17090, 955.562638742), (0, 17903, 973.575955474), (0, 17903, 991.585557761), (0, 18717, 1009.60422862), (0, 18717, 1027.622567909), (0, 19523, 1045.625162883), (0, 19523, 1063.63519369), (0, 20334, 1081.638107072), (0, 20334, 1099.658714681), (0, 21152, 1117.677241954), (0, 21152, 1135.732186544), (0, 21970, 1153.76956829), (0, 21970, 1171.79042219), (0, 22785, 1189.801144537), (0, 22785, 1207.804356772), (0, 23594, 1225.815863275), (0, 23594, 1243.861541512), (0, 24407, 1261.873723501), (0, 24407, 1279.886523496), (0, 25212, 1300.269420457), (0, 25212, 1318.287873681), (0, 26023, 1336.31038524), (0, 26023, 1354.329647608), (0, 26833, 1372.330591353), (0, 26833, 1390.341805571), (0, 27644, 1408.353332589), (0, 27644, 1426.35414028), (0, 28459, 1444.413328825), (0, 28459, 1466.925048266), (0, 29271, 1484.944931119), (0, 29271, 1509.339242331), (0, 30080, 1527.346076748), (0, 30080, 1545.368902144), (0, 30867, 1563.381117661), (0, 30867, 1581.399786619), (0, 31673, 1599.403868662), (0, 31673, 1617.451153291), (0, 32466, 1639.427952545), (0, 32466, 1657.440704572), (0, 33259, 1675.47402358), (0, 33259, 1693.490950224), (0, 34070, 1712.078917517), (0, 34070, 1730.097310649), (0, 34883, 1748.123057098), (0, 34883, 1766.138704385), (0, 35693, 1784.168460285))"
i_60_2_28_FR_den405d,2,60,den405d,FR,28,BNB,16.81814,-,193112,"((0.01238, 0, 0.7524998070000001), (11.55608, 12257, 18.814576839), (11.55608, 23409, 36.836624515), (11.55608, 33089, 54.853131936), (16.81814, 41055, 72.854670624), (16.81814, 48489, 90.877167078), (16.81814, 54618, 108.878119884), (16.81814, 60601, 126.918050592), (16.81814, 65493, 144.918358242), (16.81814, 69634, 162.920359251), (16.81814, 73288, 180.923682961), (16.81814, 75993, 199.211705884), (16.81814, 79061, 217.212958177), (16.81814, 81894, 235.216157856), (16.81814, 84642, 253.223803087), (16.81814, 87677, 271.224003177), (16.81814, 90411, 289.225477246), (16.81814, 93138, 307.227633875), (16.81814, 94876, 325.2277344), (16.81814, 96766, 343.232585075), (16.81814, 98672, 361.23750295), (16.81814, 100465, 379.244584071), (16.81814, 102247, 397.248476839), (16.81814, 104070, 415.26367401), (16.81814, 105705, 433.271684303), (16.81814, 107281, 451.307216383), (16.81814, 109022, 469.308404219), (16.81814, 110665, 487.310720492), (16.81814, 112101, 505.317430292), (16.81814, 113469, 523.321105523), (16.81814, 115321, 541.326379418), (16.81814, 117198, 559.32711529), (16.81814, 118115, 577.352701229), (16.81814, 119351, 595.35586547), (16.81814, 120756, 613.357854759), (16.81814, 122185, 631.361207708), (16.81814, 123545, 649.371858409), (16.81814, 124924, 667.374798086), (16.81814, 126165, 685.374889656), (16.81814, 127247, 703.380732467), (16.81814, 128501, 721.386382875), (16.81814, 129717, 739.394073929), (16.81814, 130966, 757.396647112), (16.81814, 132384, 775.409861068), (16.81814, 133664, 793.43779353), (16.81814, 134782, 811.453831954), (16.81814, 136026, 829.45991354), (16.81814, 137345, 847.468831162), (16.81814, 138505, 865.498182204), (16.81814, 139710, 883.520105268), (16.81814, 140858, 901.540513307), (16.81814, 141963, 919.559871512), (16.81814, 143094, 937.587933294), (16.81814, 144163, 955.599559818), (16.81814, 145190, 973.601647749), (16.81814, 146164, 991.618392456), (16.81814, 146762, 1009.625097803), (16.81814, 147750, 1027.626982393), (16.81814, 148820, 1045.63245517), (16.81814, 149890, 1063.641002682), (16.81814, 150991, 1081.643580317), (16.81814, 152160, 1099.647611877), (16.81814, 153382, 1117.652564439), (16.81814, 154578, 1135.659766336), (16.81814, 156009, 1153.685562264), (16.81814, 157393, 1171.691428576), (16.81814, 158558, 1189.703553524), (16.81814, 159556, 1207.710909123), (16.81814, 160648, 1225.713084811), (16.81814, 161765, 1243.722571832), (16.81814, 162878, 1261.724217588), (16.81814, 163847, 1279.72921741), (16.81814, 164537, 1301.231513856), (16.81814, 165568, 1319.241972344), (16.81814, 166795, 1337.248357444), (16.81814, 168166, 1355.254552943), (16.81814, 169464, 1373.26335722), (16.81814, 170821, 1391.270396955), (16.81814, 172165, 1409.279734012), (16.81814, 173402, 1427.282185445), (16.81814, 174466, 1445.283911475), (16.81814, 175449, 1463.326175279), (16.81814, 176411, 1481.329180967), (16.81814, 177351, 1513.202930799), (16.81814, 178481, 1531.213736111), (16.81814, 179712, 1549.226019026), (16.81814, 180780, 1567.25683521), (16.81814, 181821, 1585.265621629), (16.81814, 182431, 1603.274133089), (16.81814, 183509, 1621.279143689), (16.81814, 184570, 1639.290544135), (16.81814, 185764, 1657.29920051), (16.81814, 186994, 1675.301116958), (16.81814, 188226, 1693.311959911), (16.81814, 188795, 1716.025662824), (16.81814, 189758, 1734.045047463), (16.81814, 190772, 1752.060877256), (16.81814, 191689, 1770.069334687), (16.81814, 192554, 1788.076263134))"
i_60_2_28_FR_den405d,2,60,den405d,FR,28,BNBL,16.48026,-,201871,"((0.01238, 0, 0.7213753700000001), (11.1258, 10821, 18.784309468), (11.1258, 20557, 36.794446217), (11.1258, 29880, 54.794794868), (11.1258, 37985, 72.8305886), (16.48026, 44949, 90.88549168), (16.48026, 50943, 108.885507714), (16.48026, 56899, 126.886969532), (16.48026, 61907, 144.886991177), (16.48026, 66608, 162.889782653), (16.48026, 71003, 180.89063343), (16.48026, 74705, 198.918219164), (16.48026, 77717, 216.918560735), (16.48026, 80891, 234.920187687), (16.48026, 83997, 252.969148137), (16.48026, 87438, 270.969483651), (16.48026, 90461, 288.970487533), (16.48026, 93489, 306.97483196), (16.48026, 95414, 324.97636349), (16.48026, 97561, 343.011543626), (16.48026, 99667, 361.013626949), (16.48026, 101676, 379.034608382), (16.48026, 103590, 397.034705641), (16.48026, 105471, 415.043894213), (16.48026, 107176, 433.049474757), (16.48026, 108854, 451.055591852), (16.48026, 110661, 469.108425971), (16.48026, 112416, 487.118915498), (16.48026, 113943, 505.129795806), (16.48026, 115464, 523.1403471), (16.48026, 117429, 541.154023637), (16.48026, 118976, 559.158909282), (16.48026, 120453, 577.159602759), (16.48026, 121785, 595.166140584), (16.48026, 123273, 613.168697131), (16.48026, 124806, 631.170055754), (16.48026, 126221, 649.231072895), (16.48026, 127653, 667.241369975), (16.48026, 128997, 685.249195808), (16.48026, 130270, 703.249933919), (16.48026, 131594, 721.260698691), (16.48026, 132977, 739.263374948), (16.48026, 134350, 757.266009456), (16.48026, 135855, 775.268179752), (16.48026, 137176, 793.2716983), (16.48026, 138331, 811.281901303), (16.48026, 139685, 829.282142626), (16.48026, 141104, 847.292286181), (16.48026, 142360, 865.317531221), (16.48026, 143623, 883.331875452), (16.48026, 144883, 901.360523178), (16.48026, 146051, 919.362481657), (16.48026, 146857, 937.377963957), (16.48026, 148033, 955.421992588), (16.48026, 149320, 973.450557733), (16.48026, 150465, 991.492117808), (16.48026, 151629, 1009.492521468), (16.48026, 152746, 1027.503572167), (16.48026, 154012, 1045.505078466), (16.48026, 155186, 1063.520092149), (16.48026, 156381, 1081.521485287), (16.48026, 157653, 1099.527033985), (16.48026, 158996, 1117.536665979), (16.48026, 160265, 1135.538053584), (16.48026, 161836, 1153.543523646), (16.48026, 163308, 1171.555511138), (16.48026, 164592, 1189.568595541), (16.48026, 165686, 1207.581466268), (16.48026, 166866, 1225.591037533), (16.48026, 168036, 1243.59632555), (16.48026, 169182, 1261.601309079), (16.48026, 170056, 1279.630443525), (16.48026, 170777, 1298.384925338), (16.48026, 171674, 1316.393404629), (16.48026, 172989, 1334.397387762), (16.48026, 174433, 1352.478684953), (16.48026, 175834, 1370.482101646), (16.48026, 177356, 1388.500867111), (16.48026, 178820, 1406.5069193), (16.48026, 180215, 1424.517191078), (16.48026, 181349, 1442.556442052), (16.48026, 182137, 1464.886725392), (16.48026, 183159, 1482.914465098), (16.48026, 184064, 1512.682663128), (16.48026, 185304, 1530.690202177), (16.48026, 186609, 1548.697616077), (16.48026, 187749, 1566.706116732), (16.48026, 188917, 1584.706520633), (16.48026, 190175, 1602.710928964), (16.48026, 191341, 1620.739431847), (16.48026, 192515, 1638.744973116), (16.48026, 193812, 1656.748677985), (16.48026, 195112, 1674.755932527), (16.48026, 196499, 1692.766698853), (16.48026, 197138, 1715.90839229), (16.48026, 198176, 1733.919022629), (16.48026, 199298, 1751.931213069), (16.48026, 200324, 1769.966078731), (16.48026, 201241, 1787.979608827))"
i_60_2_28_FR_den405d,2,60,den405d,FR,28,MCTS_E,0.01238,-,156167,"((0.01238, 1, 0.711356984), (0.01238, 1, 18.71387953), (2.10995, 1956, 36.727123012), (3.13505, 1956, 54.730041519), (0.51785, 3563, 72.734498243), (6.07456, 3563, 90.738294818), (2.10995, 5399, 108.745448631), (2.10995, 5399, 126.746936341), (4.7453, 7400, 144.75187594), (4.7453, 7400, 162.755469891), (7.59147, 9553, 180.757424194), (0.51785, 9553, 198.760982689), (0.51785, 11736, 216.768917898), (0.51785, 11736, 234.77334823), (0.51785, 13902, 252.774944216), (0.51785, 13902, 270.778162489), (4.7453, 16087, 288.785329766), (0.51785, 16087, 306.793822564), (5.50756, 18265, 324.800906886), (3.13505, 18265, 342.803501648), (3.36402, 20386, 360.804481098), (5.50756, 20386, 378.806173827), (5.50756, 22562, 396.810836996), (3.36402, 22562, 414.817849672), (3.36402, 24739, 432.82160695), (3.36402, 24739, 450.824709634), (3.36402, 26892, 468.827184731), (3.36402, 26892, 486.838754994), (3.36402, 29024, 504.849593497), (3.36402, 29024, 522.854136746), (7.80229, 31111, 540.86156561), (7.80229, 31111, 558.867281045), (7.80229, 33155, 576.874360722), (7.80229, 33155, 594.880924425), (7.80229, 35250, 612.881920926), (7.80229, 35250, 630.88803641), (7.80229, 37362, 648.894821644), (7.80229, 37362, 666.896110507), (7.80229, 39456, 684.897009159), (8.41526, 39456, 707.329710102), (8.41526, 41567, 725.336908997), (8.41526, 41567, 743.341816341), (8.41526, 43686, 761.345496147), (8.41526, 43686, 779.346493594), (8.41526, 45760, 797.353013888), (8.41526, 45760, 815.354074206), (8.41526, 47616, 833.357537152), (8.41526, 47616, 851.363759364), (8.41526, 49213, 869.364820803), (8.41526, 49213, 887.366202924), (8.41526, 50921, 905.371972934), (8.41526, 50921, 923.373037657), (8.41526, 52516, 941.373998484), (8.41526, 52516, 959.381692103), (8.41526, 54024, 986.977647388), (8.41526, 54024, 1004.990722369), (8.41526, 55838, 1022.998822321), (8.41526, 55838, 1041.011483822), (8.41526, 57389, 1059.026282742), (8.41526, 57389, 1077.033065962), (11.09663, 59227, 1095.035918338), (11.09663, 59227, 1116.652119541), (11.09663, 61104, 1134.653014302), (11.09663, 61104, 1152.660330652), (11.09663, 62568, 1170.66198094), (11.09663, 62568, 1188.665758972), (11.09663, 64482, 1206.669058457), (11.09663, 64482, 1224.674152177), (11.09663, 66359, 1257.10542626), (11.09663, 66359, 1275.184838165), (11.09663, 68219, 1294.265305157), (11.09663, 68219, 1312.267303124), (11.09663, 69536, 1330.267521712), (11.09663, 69536, 1348.273717486), (11.09663, 71340, 1366.284014671), (11.09663, 71340, 1384.286446974), (11.09663, 73104, 1402.299829351), (11.09663, 73104, 1420.30073752), (11.09663, 74635, 1458.614405287), (11.09663, 74635, 1476.621551233), (11.09663, 76416, 1494.626914183), (11.09663, 76416, 1512.634290371), (11.09663, 78225, 1530.638697415), (11.09663, 78225, 1548.642909407), (11.09663, 79986, 1566.644112093), (11.09663, 79986, 1584.658424648), (11.09663, 81710, 1602.661621241), (11.09663, 81710, 1620.676098835), (11.09663, 82729, 1638.685483547), (11.09663, 82729, 1656.695913739), (11.09663, 84462, 1674.704341465), (11.09663, 84462, 1692.7145155), (11.09663, 86181, 1713.022287925), (11.09663, 86181, 1751.659226181), (11.09663, 87823, 1769.660537491), (11.09663, 87823, 1787.671008422))"
i_49_2_21_MT_den207d,2,41,den207d,MT,21,MCTS_S,0.0,-,298550,"((0.0, 1, 0.839681026), (0.0, 1, 18.841545069), (0.0, 3319, 36.845011402), (0.0, 3319, 54.851826895), (0.0, 6986, 72.857928413), (0.0, 6986, 90.858136239), (0.0, 10389, 108.860387267), (0.0, 10389, 127.196979532), (0.0, 13525, 145.199772221), (0.0, 13525, 163.202615633), (0.0, 16506, 181.207695084), (0.0, 16506, 199.207905157), (0.0, 19396, 217.20843096), (0.0, 19396, 237.880821667), (0.0, 22084, 255.886604983), (0.0, 22084, 273.889768978), (0.0, 25013, 291.892320381), (0.0, 25013, 309.895463661), (0.0, 27653, 327.897260405), (0.0, 27653, 351.753055165), (0.0, 30271, 369.755467461), (0.0, 30271, 387.762667717), (0.0, 32779, 405.765887567), (0.0, 32779, 423.765894145), (0.0, 35689, 444.941974484), (0.0, 35689, 462.947620642), (0.0, 38473, 480.951362917), (0.0, 38473, 498.960139565), (0.0, 41274, 516.963001929), (0.0, 41274, 534.970767171), (0.0, 44102, 552.971084271), (0.0, 44102, 570.971874802), (0.0, 46281, 588.973552264), (0.0, 46281, 606.973896996), (0.0, 49142, 624.977516786), (0.0, 49142, 642.979347278), (0.0, 52044, 660.983909232), (0.0, 52044, 678.988443467), (0.0, 54707, 696.992002355), (0.0, 54707, 714.992180782), (0.0, 57670, 732.99559546), (0.0, 57670, 750.997673276), (0.0, 60656, 768.998861726), (0.0, 60656, 787.002401905), (0.0, 63632, 805.004288923), (0.0, 63632, 823.007933968), (0.0, 66700, 841.01228119), (0.0, 66700, 859.016764653), (0.0, 68799, 877.020028991), (0.0, 68799, 895.022888356), (0.0, 71920, 913.024794671), (0.0, 71920, 931.029049817), (0.0, 75065, 949.033389095), (0.0, 75065, 967.037388627), (0.0, 78175, 985.041137366), (0.0, 78175, 1003.04462023), (0.0, 81361, 1021.048374362), (0.0, 81361, 1039.051064567), (0.0, 84400, 1057.055258114), (0.0, 84400, 1075.055572668), (0.0, 87604, 1093.058153532), (0.0, 87604, 1111.063159466), (0.0, 90885, 1129.068122092), (0.0, 90885, 1147.07145701), (0.0, 94111, 1165.074043422), (0.0, 94111, 1183.075415586), (0.0, 95143, 1201.085157308), (0.0, 95143, 1219.088281202), (0.0, 98404, 1237.09122689), (0.0, 98404, 1255.094572253), (0.0, 101749, 1273.096274617), (0.0, 101749, 1293.91917984), (0.0, 105135, 1311.921942437), (0.0, 105135, 1329.923433389), (0.0, 108582, 1347.927844361), (0.0, 108582, 1365.932034167), (0.0, 111947, 1383.936654222), (0.0, 111947, 1401.938558126), (0.0, 115333, 1419.948473315), (0.0, 115333, 1437.951035924), (0.0, 118736, 1455.960723602), (0.0, 118736, 1473.964627828), (0.0, 122144, 1491.9675647), (0.0, 122144, 1509.976928233), (0.0, 125530, 1527.986355113), (0.0, 125530, 1545.987505893), (0.0, 128925, 1563.990292571), (0.0, 128925, 1581.992994234), (0.0, 132351, 1622.003754098), (0.0, 132351, 1640.007665798), (0.0, 135906, 1658.015706666), (0.0, 135906, 1676.016600361), (0.0, 139429, 1694.020610532), (0.0, 139429, 1712.023485095), (0.0, 142707, 1730.026715564), (0.0, 142707, 1748.031989245), (0.0, 146241, 1766.03408361), (0.0, 146241, 1784.038802776))"
i_49_2_21_MT_den207d,2,41,den207d,MT,21,MCTS_E,0.0,-,298079,"((0.0, 1, 0.744429698), (0.0, 1, 18.745147961), (0.0, 3340, 36.746611816), (0.0, 3340, 54.750502497), (0.0, 6997, 72.750751466), (0.0, 6997, 90.750938545), (0.0, 10345, 108.843473548), (0.0, 10345, 126.845122244), (0.0, 13551, 144.847434608), (0.0, 13551, 162.851644853), (0.0, 16545, 180.858635265), (0.0, 16545, 198.860616938), (0.0, 19236, 216.862435368), (0.0, 19236, 237.218117997), (0.0, 22016, 255.219649875), (0.0, 22016, 273.220080687), (0.0, 24685, 291.225197064), (0.0, 24685, 309.225569614), (0.0, 27511, 327.22849541), (0.0, 27511, 350.167855823), (0.0, 30034, 368.168762118), (0.0, 30034, 386.169140295), (0.0, 32511, 404.169628851), (0.0, 32511, 422.176178708), (0.0, 35461, 440.178288372), (0.0, 35461, 458.180499325), (0.0, 38140, 476.185206604), (0.0, 38140, 494.187661287), (0.0, 40994, 512.193092961), (0.0, 40994, 530.19830439), (0.0, 43839, 548.202445654), (0.0, 43839, 566.203379797), (0.0, 45980, 584.206447672), (0.0, 45980, 606.196013064), (0.0, 48865, 624.198494678), (0.0, 48865, 642.202093084), (0.0, 51802, 660.203131435), (0.0, 51802, 678.207811856), (0.0, 54257, 696.213743106), (0.0, 54257, 714.216163864), (0.0, 57196, 732.21839407), (0.0, 57196, 750.222842184), (0.0, 60193, 768.225594151), (0.0, 60193, 786.230158327), (0.0, 63198, 804.233674984), (0.0, 63198, 822.236410395), (0.0, 66210, 840.236665505), (0.0, 66210, 858.239334767), (0.0, 69435, 876.239606154), (0.0, 69435, 894.243814424), (0.0, 71041, 912.246408233), (0.0, 71041, 930.24819739), (0.0, 74158, 948.248750831), (0.0, 74158, 966.248836547), (0.0, 77284, 984.251880523), (0.0, 77284, 1002.254654047), (0.0, 80473, 1020.25584314), (0.0, 80473, 1039.844658851), (0.0, 83651, 1057.849023498), (0.0, 83651, 1075.852099772), (0.0, 86778, 1093.852790544), (0.0, 86778, 1111.855999865), (0.0, 89996, 1129.857042634), (0.0, 89996, 1147.861379242), (0.0, 93184, 1165.862365605), (0.0, 93184, 1183.865943534), (0.0, 94929, 1201.868991269), (0.0, 94929, 1219.871031581), (0.0, 98180, 1237.873612885), (0.0, 98180, 1255.878165127), (0.0, 101456, 1273.878725252), (0.0, 101456, 1293.737494125), (0.0, 104794, 1311.738629258), (0.0, 104794, 1329.740444357), (0.0, 108119, 1347.743972787), (0.0, 108119, 1365.747889033), (0.0, 111359, 1383.749177951), (0.0, 111359, 1401.752009988), (0.0, 114678, 1419.756265284), (0.0, 114678, 1437.760888424), (0.0, 118028, 1455.762917918), (0.0, 118028, 1473.764618652), (0.0, 121392, 1491.768432487), (0.0, 121392, 1509.771845851), (0.0, 124603, 1527.773502163), (0.0, 124603, 1545.775784832), (0.0, 128001, 1563.776923749), (0.0, 128001, 1581.778745123), (0.0, 131476, 1599.781342347), (0.0, 131476, 1636.040384672), (0.0, 135036, 1654.042216135), (0.0, 135036, 1672.049934815), (0.0, 138537, 1690.053098619), (0.0, 138537, 1711.459868418), (0.0, 141985, 1729.46225573), (0.0, 141985, 1747.464594829), (0.0, 145441, 1765.464786167), (0.0, 145441, 1783.469371288))"
i_46_2_22_FR_orz102d,2,43,orz102d,FR,22,MCTS_V,1.06478,-,78368,"((0, 1, 0.8224519410000001), (0, 1, 18.833855388), (0, 872, 36.852823225), (0, 872, 54.8597718), (0, 1666, 72.89603388), (0, 1666, 90.902353444), (0, 2964, 108.929490891), (0, 2964, 126.956899761), (0, 4423, 144.965793218), (0, 4423, 162.968250596), (0, 5696, 180.988889025), (0, 5696, 198.990322084), (0, 7025, 216.998516296), (0, 7025, 235.001145033), (0, 8418, 253.005011677), (0, 8418, 271.024901025), (0, 9389, 289.901058908), (0, 9389, 307.912117407), (0, 10235, 325.931991907), (0, 10235, 343.987156375), (0, 11221, 362.019315621), (0, 11221, 380.029756684), (0, 12187, 398.037958451), (0, 12187, 416.065259594), (0, 13266, 434.078982799), (0, 13266, 452.12107403), (0, 14301, 470.124133148), (0, 14301, 488.125049569), (0, 15541, 506.145853714), (0, 15541, 524.17455721), (0, 16630, 542.182874449), (0, 16630, 560.1880136), (0, 17598, 578.206160007), (0, 17598, 596.213171558), (0, 18393, 614.220676973), (0, 18393, 632.245167795), (0, 18990, 650.246483248), (0, 18990, 668.256567021), (0, 19694, 686.303758879), (0, 19694, 704.308952014), (0, 20363, 722.365108677), (0, 20363, 740.389004378), (0, 21031, 758.399688759), (0, 21031, 776.400373357), (0, 21830, 794.406312922), (0, 21830, 812.414974939), (0, 22645, 830.421933279), (0, 22645, 848.439115385), (0, 23281, 868.14406987), (0, 23281, 886.145662077), (0, 24026, 904.180857907), (0, 24026, 922.190126314), (0, 24767, 940.206970665), (0, 24767, 958.22116902), (0, 25490, 976.222145368), (0, 25490, 994.254866993), (0, 26056, 1012.256565697), (0, 26056, 1039.91579737), (0, 26901, 1057.949187489), (0, 26901, 1075.964109777), (0, 27733, 1093.980401894), (0, 27733, 1112.036162493), (0, 28602, 1130.047819953), (0, 28602, 1148.052700653), (0, 29510, 1166.058822773), (0, 29510, 1184.058843257), (0, 30488, 1202.061592464), (0, 30488, 1220.108926608), (0, 31108, 1254.919548477), (0, 31108, 1273.056311893), (0, 32198, 1295.314582267), (0, 32198, 1313.33222205), (0, 33244, 1331.361454478), (0, 33244, 1349.369028368), (0, 34302, 1367.381614458), (0, 34302, 1385.382666772), (0, 35253, 1403.426992649), (0, 35253, 1421.436053666), (0, 36013, 1439.436355682), (0, 36013, 1457.441045707), (0, 36648, 1475.446878439), (0, 36648, 1493.53279358), (0, 37040, 1511.550408312), (0, 37040, 1529.581850209), (0, 37645, 1547.599687767), (0, 37645, 1565.60538883), (0, 38293, 1583.615965961), (0, 38293, 1601.666530875), (0, 38958, 1651.217052492), (0, 38958, 1669.230298896), (0, 39694, 1687.232135016), (0, 39694, 1710.725477261), (0, 40469, 1728.735555336), (0, 40469, 1746.745127896), (0, 41308, 1764.778671357), (0, 41308, 1782.786646133), (0, 41822, 1800.792466663))"
i_54_6_63_FR_lak526d,6,52,lak526d,FR,63,MCTS_E,5.19534,-,93,"((5.19534, 1, 26.124086091), (5.19534, 1, 53.416210436), (5.19534, 3, 73.605313687), (5.19534, 3, 95.171754285), (5.19534, 5, 120.496505791), (5.19534, 5, 140.526241813), (5.19534, 7, 173.537276571), (5.19534, 7, 202.84555202), (5.19534, 9, 227.004660312), (5.19534, 9, 256.055902879), (5.19534, 11, 287.831872171), (5.19534, 11, 318.060150628), (5.19534, 13, 345.797224921), (5.19534, 13, 365.228002722), (5.19534, 15, 396.541584827), (5.19534, 15, 427.803054574), (5.19534, 17, 459.407797238), (5.19534, 17, 498.014454314), (9.80368, 19, 516.091372901), (9.80368, 19, 550.970848859), (9.80368, 21, 584.070676494), (9.80368, 21, 604.055794714), (9.80368, 23, 637.237128226), (9.80368, 23, 657.22055684), (9.80368, 25, 687.41557055), (9.80368, 25, 710.437614272), (9.80368, 26, 740.81220346), (9.80368, 26, 777.761176193), (9.80368, 28, 801.520803107), (9.80368, 28, 847.438531681), (9.80368, 30, 871.742194296), (9.80368, 30, 891.017397798), (9.80368, 32, 915.392307517), (9.80368, 32, 938.091839533), (9.80368, 34, 975.666213153), (9.80368, 34, 1010.669091261), (9.80368, 35, 1047.752589501), (9.80368, 35, 1077.317697687), (9.80368, 37, 1097.770011872), (9.80368, 37, 1129.142360871), (9.80368, 39, 1149.471549101), (9.80368, 39, 1178.627816701), (9.80368, 40, 1200.623146341), (9.80368, 40, 1220.565025943), (9.80368, 42, 1246.571641258), (9.80368, 42, 1273.909968685), (9.80368, 43, 1323.29948992), (9.80368, 43, 1365.696688774), (9.80368, 45, 1392.30930385), (9.80368, 45, 1411.532845556), (9.80368, 46, 1438.930186965), (9.80368, 46, 1468.369678914), (9.80368, 48, 1496.820468932), (9.80368, 48, 1539.159657767), (9.80368, 50, 1562.623825721), (9.80368, 50, 1616.469196745), (9.80368, 51, 1651.749205047), (9.80368, 51, 1670.659151503), (9.80368, 53, 1699.229208302), (9.80368, 53, 1730.947729115), (9.80368, 54, 1767.679058429), (9.80368, 54, 1789.163081609))"
i_54_6_63_FR_lak526d,6,52,lak526d,FR,63,MCTS_S,5.19534,-,75,"((5.19534, 1, 22.111752287), (5.19534, 1, 42.311378536), (5.19534, 3, 67.514965966), (5.19534, 3, 97.958010325), (5.19534, 5, 118.627094748), (5.19534, 5, 140.800649137), (5.19534, 7, 177.919068939), (5.19534, 7, 215.89495757), (5.19534, 8, 239.5911785), (5.19534, 8, 262.215795654), (5.19534, 10, 302.964459738), (5.19534, 10, 342.149139853), (5.19534, 12, 396.082708003), (5.19534, 12, 429.271852177), (5.19534, 14, 464.488969258), (5.19534, 14, 495.463007119), (5.19534, 15, 525.257385858), (5.19534, 15, 544.977337885), (5.19534, 16, 575.883323897), (5.19534, 16, 597.245596746), (5.19534, 18, 625.252286413), (5.19534, 18, 657.574473833), (5.19534, 20, 679.095968987), (5.19534, 20, 708.881083012), (5.19534, 22, 745.074014969), (5.19534, 22, 770.510864299), (5.19534, 23, 800.774763526), (5.19534, 23, 824.810795518), (5.19534, 24, 852.624712028), (5.19534, 24, 884.459614881), (5.19534, 25, 905.814181023), (5.19534, 25, 941.96995569), (5.19534, 26, 971.780828734), (5.19534, 26, 1001.785283563), (5.19534, 27, 1041.065903774), (5.19534, 27, 1088.27646214), (5.19534, 28, 1120.43183435), (5.19534, 28, 1145.639525607), (5.19534, 29, 1192.701606248), (5.19534, 29, 1221.867368153), (5.19534, 30, 1244.799163913), (5.19534, 30, 1283.721360595), (5.19534, 31, 1325.771740692), (5.19534, 31, 1356.461915698), (5.19534, 32, 1390.856130643), (5.19534, 32, 1411.664249576), (5.19534, 33, 1439.958886944), (5.19534, 33, 1468.505029741), (5.19534, 34, 1490.744673011), (5.19534, 34, 1530.266791725), (5.19534, 35, 1576.479232441), (5.19534, 35, 1602.96450355), (5.19534, 36, 1624.320673929), (5.19534, 36, 1652.039617864), (5.19534, 37, 1679.143747639), (5.19534, 37, 1729.631924789), (5.19534, 38, 1750.47929293), (5.19534, 38, 1774.500908849), (5.19534, 39, 1806.037535153))"
i_54_6_63_FR_lak526d,6,52,lak526d,FR,63,MCTS_V,5.19534,-,64,"((0, 1, 77.505946707), (0, 1, 103.90303986), (0, 3, 138.060312532), (0, 3, 158.269692811), (0, 5, 186.68275437), (0, 5, 214.628301076), (0, 6, 233.18904966), (0, 6, 260.05434258), (0, 8, 295.703493796), (0, 8, 326.193991247), (0, 10, 357.648693959), (0, 10, 387.934196156), (0, 11, 411.196128264), (0, 11, 429.78540191), (0, 12, 481.81644311), (0, 12, 512.404843071), (0, 14, 562.736867136), (0, 14, 613.049765371), (0, 16, 639.395394544), (0, 16, 677.085242669), (0, 17, 708.548758304), (0, 17, 729.567157924), (0, 18, 767.049456119), (0, 18, 796.235005108), (0, 19, 831.204101129), (0, 19, 849.628212366), (0, 20, 870.93821451), (0, 20, 896.637309565), (0, 22, 921.1093528), (0, 22, 950.856016992), (0, 23, 974.63220563), (0, 23, 997.890376445), (0, 25, 1017.01989111), (0, 25, 1041.136615923), (0, 27, 1068.172469272), (0, 27, 1101.247723047), (0, 28, 1139.352689357), (0, 28, 1181.212227445), (0, 29, 1212.368613165), (0, 29, 1238.965981231), (0, 30, 1285.569866023), (0, 30, 1333.575064583), (0, 31, 1373.789448356), (0, 31, 1407.544806095), (0, 32, 1436.733314992), (0, 32, 1478.026761267), (0, 33, 1522.432097234), (0, 33, 1550.631811099), (0, 34, 1581.880846426), (0, 34, 1613.846919022), (0, 35, 1649.19317582), (0, 35, 1696.785143181), (0, 36, 1758.884384916), (0, 36, 1783.092509358), (0, 37, 1807.089301462))"
i_49_2_21_MT_den207d,2,41,den207d,MT,21,MCTS_V,0.0,-,159054,"((0, 1, 0.792749939), (0, 1, 18.800917592), (0, 1391, 36.803418265), (0, 1391, 54.809768432), (0, 3444, 72.816234363), (0, 3444, 90.816802382), (0, 5829, 108.818361786), (0, 5829, 126.832798315), (0, 8004, 144.861447355), (0, 8004, 162.867913379), (0, 9839, 180.874519672), (0, 9839, 198.876796262), (0, 11669, 216.895330594), (0, 11669, 234.901218577), (0, 13405, 252.906490743), (0, 13405, 270.93474079), (0, 14895, 289.742129005), (0, 14895, 307.762173508), (0, 16424, 325.766791394), (0, 16424, 343.785378963), (0, 17911, 361.799736969), (0, 17911, 379.805561333), (0, 19254, 397.806117831), (0, 19254, 415.813089554), (0, 20567, 433.823389235), (0, 20567, 451.84267122), (0, 21948, 469.84662203), (0, 21948, 487.853592216), (0, 23153, 505.874697148), (0, 23153, 523.879504906), (0, 24566, 541.894206679), (0, 24566, 559.89563209), (0, 25823, 577.911933122), (0, 25823, 595.92039994), (0, 27091, 613.950057773), (0, 27091, 631.952409954), (0, 28403, 649.955489674), (0, 28403, 667.961618121), (0, 29439, 685.971893328), (0, 29439, 703.977674299), (0, 30844, 721.979553201), (0, 30844, 739.986276514), (0, 32210, 757.989122988), (0, 32210, 775.990088439), (0, 33867, 793.995459617), (0, 33867, 811.99817545), (0, 34776, 830.003163717), (0, 34776, 848.006804482), (0, 36199, 866.011289183), (0, 36199, 884.01316058), (0, 37611, 910.044102453), (0, 37611, 928.045685304), (0, 38979, 946.04906653), (0, 38979, 964.072460913), (0, 39830, 982.076583008), (0, 39830, 1000.079716198), (0, 41268, 1018.080484643), (0, 41268, 1036.084896265), (0, 42669, 1054.088311798), (0, 42669, 1072.120265562), (0, 44084, 1090.122781801), (0, 44084, 1108.122879822), (0, 45519, 1126.143955248), (0, 45519, 1144.145993079), (0, 46902, 1162.150439124), (0, 46902, 1180.15559644), (0, 47648, 1201.095154257), (0, 47648, 1219.096513987), (0, 49043, 1237.098574574), (0, 49043, 1255.102466009), (0, 50586, 1273.218557095), (0, 50586, 1293.137305277), (0, 51989, 1311.142764494), (0, 51989, 1329.168113084), (0, 53399, 1347.168267663), (0, 53399, 1365.179895426), (0, 54838, 1383.180365464), (0, 54838, 1401.187023335), (0, 56323, 1419.196765795), (0, 56323, 1437.198192268), (0, 56900, 1455.202942081), (0, 56900, 1473.203463653), (0, 58356, 1491.206811574), (0, 58356, 1509.212560873), (0, 59834, 1527.2296165), (0, 59834, 1545.235755757), (0, 61311, 1563.237119164), (0, 61311, 1581.242336859), (0, 62804, 1599.250229834), (0, 62804, 1617.252507344), (0, 64310, 1635.255712703), (0, 64310, 1653.25765287), (0, 65964, 1671.258254953), (0, 65964, 1689.261782324), (0, 67872, 1709.490127592), (0, 67872, 1727.491210029), (0, 69514, 1745.499348439), (0, 69514, 1763.500164755), (0, 71209, 1781.509587693), (0, 71209, 1799.521043474))"
i_60_2_28_FR_den405d,2,60,den405d,FR,28,MCTS_S,0.01238,-,152348,"((0.01238, 1, 0.709513421), (0.01238, 1, 18.714297522), (0.01238, 2015, 36.719708575), (0.01238, 2015, 54.725781035), (0.01238, 3524, 72.72869565), (0.01238, 3524, 90.730616796), (0.01238, 5226, 108.739126452), (0.01238, 5226, 126.744294382), (0.01238, 7068, 144.747633556), (0.01238, 7068, 162.750403849), (0.01238, 9113, 180.757996743), (0.01238, 9113, 198.759879301), (0.01238, 11171, 216.763025231), (0.01238, 11171, 234.766525051), (0.01238, 13227, 252.768832661), (0.01238, 13227, 270.774947995), (0.01238, 15285, 288.775676782), (0.01238, 15285, 306.782939332), (0.01238, 17345, 324.789539383), (0.01238, 17345, 342.796674449), (0.01238, 19427, 360.803737247), (0.01238, 19427, 378.80628553), (0.01238, 21493, 396.814029151), (0.01238, 21493, 414.820558866), (0.01238, 23574, 432.825209401), (0.01238, 23574, 450.831535047), (0.01238, 25655, 468.839158998), (0.01238, 25655, 486.850800024), (0.01238, 27730, 504.851641318), (0.01238, 27730, 522.859595769), (0.01238, 29787, 540.863443739), (0.01238, 29787, 558.870646349), (0.01238, 31880, 576.879954569), (0.01238, 31880, 594.88276677), (0.01238, 33960, 612.88761976), (0.01238, 33960, 630.890315348), (0.01238, 36052, 648.903536657), (0.01238, 36052, 669.717478666), (0.01238, 38116, 687.725370378), (0.01238, 38116, 705.733624348), (0.01238, 40169, 723.760740614), (0.01238, 40169, 741.765020008), (0.01238, 42254, 759.768348166), (0.01238, 42254, 777.771650263), (0.01238, 44307, 802.812711912), (0.01238, 44307, 820.815937833), (0.01238, 46380, 838.822022689), (0.01238, 46380, 865.842925889), (0.01238, 48405, 883.847686553), (0.01238, 48405, 901.849863507), (0.01238, 50096, 919.857027471), (0.01238, 50096, 947.465850017), (0.01238, 52033, 965.469538222), (0.01238, 52033, 983.478442619), (0.01238, 53653, 1001.479392028), (0.01238, 53653, 1019.485023872), (0.01238, 55497, 1037.492431692), (0.01238, 55497, 1055.506642323), (0.01238, 57108, 1073.508246036), (0.01238, 57108, 1091.50936357), (0.01238, 59004, 1109.523172327), (0.01238, 59004, 1127.524331083), (0.01238, 60936, 1145.528050911), (0.01238, 60936, 1163.530131343), (0.01238, 62384, 1181.535920178), (0.01238, 62384, 1208.891327133), (0.01238, 64206, 1226.898192356), (0.01238, 64206, 1244.898909846), (0.01238, 66022, 1262.906785368), (0.01238, 66022, 1280.908331755), (0.01238, 67384, 1301.905965955), (0.01238, 67384, 1319.90701751), (0.01238, 69160, 1337.911409074), (0.01238, 69160, 1355.9183974), (0.01238, 70617, 1378.537675459), (0.01238, 70617, 1396.550610116), (0.01238, 72404, 1414.554267844), (0.01238, 72404, 1432.564584407), (0.01238, 74214, 1450.56782882), (0.01238, 74214, 1468.568227429), (0.01238, 76011, 1486.583133682), (0.01238, 76011, 1513.110123265), (0.01238, 77062, 1531.116279793), (0.01238, 77062, 1549.116892519), (0.01238, 78747, 1587.00214688), (0.01238, 78747, 1605.018202149), (0.01238, 80415, 1623.022735483), (0.01238, 80415, 1641.025192583), (0.01238, 81814, 1659.03957352), (0.01238, 81814, 1677.052138763), (0.01238, 83443, 1695.059488958), (0.01238, 83443, 1715.101246073), (0.01238, 84996, 1733.109426953), (0.01238, 84996, 1751.122592207), (0.01238, 86302, 1805.182680036))"
i_54_6_63_FR_lak526d,6,52,lak526d,FR,63,BFS,32.84538,-,249598,"((5.19534, 0, 0.722691759), (5.19534, 1, 55.631518773), (29.22083, 23011, 73.631964183), (32.84538, 39993, 91.632666393), (32.84538, 46657, 158.414794751), (32.84538, 60560, 176.415186957), (32.84538, 71497, 194.416800436), (32.84538, 81003, 212.416866166), (32.84538, 87258, 230.417641527), (32.84538, 93313, 304.921488106), (32.84538, 100108, 322.922967399), (32.84538, 105488, 340.92700022), (32.84538, 110202, 358.92789026), (32.84538, 114393, 376.931869535), (32.84538, 118347, 394.93252603), (32.84538, 122379, 412.932875207), (32.84538, 125847, 430.937997019), (32.84538, 128781, 448.942119415), (32.84538, 132258, 466.947177428), (32.84538, 134318, 484.949527003), (32.84538, 136985, 502.951293027), (32.84538, 139536, 520.953327235), (32.84538, 139969, 558.186087047), (32.84538, 142714, 576.190680414), (32.84538, 144952, 594.19478951), (32.84538, 147539, 612.19834829), (32.84538, 150150, 630.19906874), (32.84538, 152635, 648.202976203), (32.84538, 155126, 666.217913499), (32.84538, 157309, 684.222757404), (32.84538, 159340, 702.227654455), (32.84538, 161464, 720.230738074), (32.84538, 163534, 738.231666306), (32.84538, 165620, 756.238577237), (32.84538, 166892, 774.244616583), (32.84538, 169063, 792.250712003), (32.84538, 170947, 810.26329315), (32.84538, 171073, 847.200692749), (32.84538, 173198, 865.207724303), (32.84538, 175358, 883.215057738), (32.84538, 177446, 901.222492725), (32.84538, 179453, 919.23023028), (32.84538, 181547, 937.239386583), (32.84538, 183409, 955.244225807), (32.84538, 185191, 973.244241136), (32.84538, 186870, 991.247260914), (32.84538, 188701, 1009.252769715), (32.84538, 190378, 1027.259493386), (32.84538, 192213, 1045.268678865), (32.84538, 194028, 1063.277831368), (32.84538, 195885, 1081.286177387), (32.84538, 197910, 1099.293488907), (32.84538, 200060, 1117.296827377), (32.84538, 202090, 1135.30055079), (32.84538, 202177, 1194.590801713), (32.84538, 203828, 1212.592233481), (32.84538, 205688, 1230.59323687), (32.84538, 207630, 1248.610127915), (32.84538, 209462, 1266.617499816), (32.84538, 211019, 1284.625595726), (32.84538, 211817, 1302.627742512), (32.84538, 213694, 1320.631691685), (32.84538, 215547, 1338.632401949), (32.84538, 217226, 1356.640688523), (32.84538, 218888, 1374.645362218), (32.84538, 220521, 1392.659641457), (32.84538, 222168, 1410.665870861), (32.84538, 223992, 1428.667367663), (32.84538, 225836, 1446.674584998), (32.84538, 227716, 1464.679364116), (32.84538, 229614, 1482.683197509), (32.84538, 231214, 1512.376060953), (32.84538, 232968, 1530.378676955), (32.84538, 234823, 1548.383021433), (32.84538, 236675, 1566.389057789), (32.84538, 238541, 1584.391026002), (32.84538, 240190, 1602.399210729), (32.84538, 241765, 1620.403187037), (32.84538, 243434, 1638.407127801), (32.84538, 245092, 1656.416243697), (32.84538, 246784, 1674.421448946), (32.84538, 248604, 1692.432949674), (32.84538, 248833, 1792.615538949))"
i_54_6_63_FR_lak526d,6,52,lak526d,FR,63,BNBL,34.8726,-,417705,"((5.19534, 0, 0.7555441100000001), (5.19534, 1, 56.463669529), (28.23704, 8435, 74.464725745), (28.23704, 16956, 92.465482927), (29.22083, 24931, 110.466373735), (29.22083, 32805, 128.468150747), (32.84538, 40099, 146.468335378), (32.84538, 46657, 222.532598996), (32.84538, 55395, 240.533077805), (32.84538, 63904, 258.534026216), (32.84538, 71960, 276.534379499), (32.84538, 80139, 294.536206836), (32.84538, 87675, 312.536367153), (32.84538, 93313, 389.676767149), (32.84538, 102116, 407.677307585), (32.84538, 110763, 425.679676356), (32.84538, 118885, 443.679852111), (32.84538, 127097, 461.680488123), (32.84538, 134717, 479.681171362), (32.84538, 139736, 497.825684827), (32.84538, 139969, 533.263591171), (32.84538, 148754, 551.264985179), (32.84538, 157513, 569.266355137), (32.84538, 165119, 587.268405769), (32.84538, 171073, 641.922567944), (32.84538, 178451, 659.92327874), (32.84538, 185843, 677.924560714), (32.84538, 193198, 695.926229931), (32.84538, 200550, 713.927744686), (32.84538, 202177, 763.302002948), (32.84538, 208875, 781.303895519), (32.84538, 215508, 799.304875667), (32.84538, 222172, 817.307596435), (32.84538, 228869, 835.309082466), (32.84538, 233281, 880.332342846), (32.84538, 239632, 898.334023312), (32.84538, 245916, 916.335172714), (32.84538, 251470, 946.619730341), (32.84538, 257854, 964.621439781), (32.84538, 264188, 982.622171104), (32.84538, 264385, 1017.382534191), (32.84538, 269975, 1035.38344887), (32.84538, 275617, 1053.38563534), (32.84538, 281243, 1071.388229881), (32.84538, 286842, 1089.388393607), (32.84538, 292430, 1107.389632528), (32.84538, 295489, 1151.250150602), (32.84538, 301269, 1169.252988992), (32.84538, 304797, 1198.580225534), (32.84538, 310437, 1216.58139771), (32.84538, 316083, 1234.58420274), (32.84538, 321773, 1252.584429145), (32.84538, 326313, 1270.634145942), (32.84538, 326593, 1337.710632171), (33.88881, 331072, 1355.712439364), (33.88881, 336043, 1373.71572271), (33.88881, 339167, 1391.720647014), (33.88881, 343478, 1409.723800384), (34.8726, 347807, 1427.726405245), (34.8726, 352916, 1445.727029527), (34.8726, 358248, 1463.727556878), (34.8726, 363557, 1481.728643378), (34.8726, 367913, 1514.402106445), (34.8726, 371490, 1532.404060804), (34.8726, 373249, 1628.728112887), (34.8726, 378261, 1646.7303151), (34.8726, 382908, 1664.731511698), (34.8726, 387410, 1682.745289625), (34.8726, 392364, 1700.7469762), (34.8726, 393440, 1718.747598461), (34.8726, 398381, 1736.750842029), (34.8726, 403787, 1754.753296892), (34.8726, 409230, 1772.753591181), (34.8726, 414704, 1790.754002252))"
i_46_2_22_FR_orz102d,2,43,orz102d,FR,22,BNBL,26.79605,-,239877,"((1.06478, 0, 0.839999165), (24.5959, 12817, 18.840002629), (24.5959, 24409, 36.85779177), (24.5959, 35129, 54.881452599), (25.27144, 45181, 72.882545681), (26.79605, 54055, 90.883471913), (26.79605, 62243, 108.884706712), (26.79605, 69161, 126.884813375), (26.79605, 75956, 144.885423608), (26.79605, 81897, 162.898742399), (26.79605, 87761, 180.901225008), (26.79605, 93071, 198.901577244), (26.79605, 97858, 216.904355955), (26.79605, 102035, 234.905010152), (26.79605, 105934, 252.905533165), (26.79605, 110033, 270.907439743), (26.79605, 113481, 288.910685518), (26.79605, 116841, 306.970568638), (26.79605, 120237, 324.973163786), (26.79605, 123285, 342.976987194), (26.79605, 125369, 360.977166609), (26.79605, 128145, 378.994008201), (26.79605, 130860, 396.994752936), (26.79605, 133418, 414.99815297600003), (26.79605, 135891, 432.998214021), (26.79605, 138229, 450.998641335), (26.79605, 140684, 468.999720569), (26.79605, 142958, 487.003175326), (26.79605, 145306, 505.005606776), (26.79605, 147702, 523.011203265), (26.79605, 149801, 541.01423495), (26.79605, 152102, 559.01576683), (26.79605, 154345, 577.016548558), (26.79605, 155942, 595.017386782), (26.79605, 157705, 613.082399264), (26.79605, 159753, 631.099010735), (26.79605, 161766, 649.104053352), (26.79605, 163754, 667.104086824), (26.79605, 165707, 685.106459346), (26.79605, 167419, 703.113820885), (26.79605, 169192, 721.116712502), (26.79605, 170992, 739.127134003), (26.79605, 172712, 757.132439837), (26.79605, 174439, 775.135179764), (26.79605, 176139, 793.136781925), (26.79605, 177920, 811.145537882), (26.79605, 179653, 829.155393881), (26.79605, 181413, 847.159932903), (26.79605, 183068, 865.164282156), (26.79605, 184641, 883.167175132), (26.79605, 186244, 901.191945591), (26.79605, 187716, 919.199794284), (26.79605, 189252, 937.202340617), (26.79605, 190759, 955.203489729), (26.79605, 192357, 973.203524237), (26.79605, 193447, 991.208829026), (26.79605, 195227, 1009.21376537), (26.79605, 196722, 1027.217766982), (26.79605, 198047, 1045.225876328), (26.79605, 199583, 1063.23083908), (26.79605, 201007, 1081.232179361), (26.79605, 202306, 1099.233394583), (26.79605, 203446, 1117.243148894), (26.79605, 204659, 1135.24971237), (26.79605, 205829, 1153.254005875), (26.79605, 206992, 1171.261013915), (26.79605, 208080, 1189.262480285), (26.79605, 209272, 1207.272904042), (26.79605, 210561, 1225.279933031), (26.79605, 211678, 1243.291029746), (26.79605, 212716, 1261.296728889), (26.79605, 213652, 1279.307606327), (26.79605, 214466, 1297.324428185), (26.79605, 215237, 1315.328159857), (26.79605, 216355, 1333.334130233), (26.79605, 217186, 1351.334816627), (26.79605, 217979, 1369.35160904), (26.79605, 218785, 1387.377340386), (26.79605, 219575, 1405.383369926), (26.79605, 220404, 1423.39642692), (26.79605, 221324, 1441.438090029), (26.79605, 222286, 1459.441416635), (26.79605, 223311, 1477.449575982), (26.79605, 224333, 1495.463631392), (26.79605, 224569, 1514.111983914), (26.79605, 225481, 1532.168168257), (26.79605, 226455, 1550.169701137), (26.79605, 227481, 1568.22969593), (26.79605, 228467, 1586.234944966), (26.79605, 229356, 1604.249156801), (26.79605, 230160, 1622.259215), (26.79605, 231102, 1640.27977376), (26.79605, 231992, 1658.288060042), (26.79605, 232692, 1676.293155196), (26.79605, 233642, 1694.309138448), (26.79605, 234249, 1716.224343057), (26.79605, 235287, 1734.226428159), (26.79605, 236470, 1752.232229423), (26.79605, 237771, 1770.237539767), (26.79605, 239023, 1788.242191907))"
i_49_2_11_SC_X,2,49,X,SC,11,BNB,7.0,-,758507,"((0.0, 0, 0.760050964), (5.0, 30197, 18.76015317), (6.0, 59316, 36.760176008), (6.0, 87490, 54.760279867), (6.0, 115861, 72.764039865), (6.0, 143269, 90.771415509), (6.0, 170031, 108.771563904), (6.0, 194165, 126.77175282), (6.0, 219125, 144.788409639), (6.0, 236919, 162.788590358), (6.0, 257676, 180.78860711), (6.0, 277145, 198.788692183), (7.0, 290741, 216.811935047), (7.0, 315829, 234.833736679), (7.0, 340497, 252.861230597), (7.0, 358749, 277.983937849), (7.0, 372902, 295.985404919), (7.0, 387500, 313.985869537), (7.0, 401136, 331.988414467), (7.0, 412069, 349.991370994), (7.0, 423045, 368.052180692), (7.0, 433925, 386.09593814), (7.0, 443692, 404.097000465), (7.0, 446321, 422.097297773), (7.0, 454887, 440.104169636), (7.0, 462650, 458.10426428), (7.0, 471198, 476.104528577), (7.0, 478661, 494.127995156), (7.0, 486246, 512.130807901), (7.0, 493440, 530.134551215), (7.0, 500533, 548.154363112), (7.0, 507957, 566.160173855), (7.0, 514961, 584.169563707), (7.0, 520881, 602.172350177), (7.0, 526393, 620.17450465), (7.0, 532741, 638.210447724), (7.0, 538789, 656.222461293), (7.0, 544730, 674.229125431), (7.0, 550188, 692.236882979), (7.0, 551627, 715.626294827), (7.0, 557211, 733.628782539), (7.0, 562869, 751.64768606), (7.0, 568287, 769.654502184), (7.0, 573382, 787.659855848), (7.0, 578741, 805.664818543), (7.0, 583545, 823.676903681), (7.0, 588959, 841.677033228), (7.0, 594094, 859.684688048), (7.0, 598864, 877.687253626), (7.0, 603627, 895.694908769), (7.0, 607493, 913.705513699), (7.0, 612390, 931.711494895), (7.0, 616864, 949.714706095), (7.0, 621932, 967.721671763), (7.0, 626898, 985.723488476), (7.0, 631872, 1003.72738077), (7.0, 636910, 1021.739040233), (7.0, 639966, 1039.747929363), (7.0, 644966, 1057.752096738), (7.0, 649106, 1075.752739947), (7.0, 653221, 1093.760212712), (7.0, 656706, 1111.781696081), (7.0, 660423, 1129.793914395), (7.0, 663778, 1147.804714158), (7.0, 666889, 1165.809151682), (7.0, 670206, 1183.824425868), (7.0, 673328, 1201.830293613), (7.0, 677244, 1219.839589634), (7.0, 681372, 1237.876594769), (7.0, 683733, 1273.319707385), (7.0, 686870, 1291.322404585), (7.0, 688158, 1309.334912741), (7.0, 691110, 1327.338314027), (7.0, 693302, 1345.348070742), (7.0, 695411, 1363.351479775), (7.0, 698210, 1381.367309258), (7.0, 700358, 1399.38663448), (7.0, 702853, 1417.408379969), (7.0, 705507, 1435.408538495), (7.0, 708413, 1453.432082707), (7.0, 711384, 1471.442907816), (7.0, 714222, 1489.472209298), (7.0, 715562, 1513.158838084), (7.0, 718204, 1531.162995422), (7.0, 721357, 1549.174492951), (7.0, 722858, 1567.181448124), (7.0, 724758, 1585.189060153), (7.0, 728035, 1603.195778257), (7.0, 730301, 1621.20991389), (7.0, 732996, 1639.226746897), (7.0, 735831, 1657.23889803), (7.0, 738571, 1675.261832177), (7.0, 741525, 1693.344155777), (7.0, 743221, 1716.648487249), (7.0, 746072, 1734.648825153), (7.0, 748969, 1752.649766481), (7.0, 752904, 1770.65753085), (7.0, 756331, 1788.66688328))"
i_49_2_11_SC_X,2,49,X,SC,11,BNBL,7.0,-,665581,"((0.0, 0, 0.898735296), (5.0, 26064, 18.898965939), (6.0, 50425, 36.909773514), (6.0, 74929, 54.914833782), (6.0, 97237, 73.533730354), (6.0, 121290, 93.290686336), (6.0, 145461, 111.297569755), (6.0, 165650, 129.297669523), (6.0, 187541, 150.639905965), (6.0, 207041, 168.640227754), (6.0, 224666, 186.642479572), (6.0, 234505, 204.642935583), (6.0, 249549, 222.643052664), (6.0, 262987, 240.644737833), (6.0, 276162, 258.649636263), (7.0, 289141, 285.924566209), (7.0, 307989, 303.935715598), (7.0, 326165, 321.959006346), (7.0, 343925, 339.972809122), (7.0, 353842, 357.974294454), (7.0, 358749, 384.739420564), (7.0, 366450, 402.743761925), (7.0, 373069, 420.745278666), (7.0, 379438, 438.74651344), (7.0, 385963, 456.748292923), (7.0, 393048, 474.748500127), (7.0, 399171, 492.759643661), (7.0, 404688, 510.763390152), (7.0, 409574, 528.768740152), (7.0, 416645, 546.774096585), (7.0, 423210, 564.777009723), (7.0, 428133, 582.81846359), (7.0, 432537, 600.823359654), (7.0, 437330, 618.830686226), (7.0, 442186, 636.840381019), (7.0, 444917, 667.173059759), (7.0, 449661, 685.181919647), (7.0, 453691, 703.186870766), (7.0, 457934, 721.201370073), (7.0, 462345, 739.217634755), (7.0, 465883, 757.218575727), (7.0, 471030, 775.226049749), (7.0, 475442, 793.227169128), (7.0, 479211, 811.233386363), (7.0, 483485, 829.23353966), (7.0, 488197, 847.250402208), (7.0, 491269, 865.274117264), (7.0, 495521, 883.284861423), (7.0, 499477, 901.293196777), (7.0, 503573, 919.303302215), (7.0, 507900, 937.303482308), (7.0, 511810, 955.308819648), (7.0, 515341, 973.31153165), (7.0, 518934, 991.319845335), (7.0, 522506, 1009.320636789), (7.0, 525234, 1027.328644147), (7.0, 529265, 1045.329120801), (7.0, 532912, 1063.332529904), (7.0, 536693, 1081.332803697), (7.0, 540537, 1099.340410316), (7.0, 544724, 1117.341877745), (7.0, 547909, 1135.361088379), (7.0, 551627, 1169.28398056), (7.0, 555524, 1187.294172423), (7.0, 558869, 1205.311135983), (7.0, 562710, 1223.316199659), (7.0, 566528, 1241.32510357), (7.0, 570098, 1259.326520062), (7.0, 572755, 1277.327084174), (7.0, 575299, 1295.606766242), (7.0, 577481, 1313.610323832), (7.0, 580797, 1331.621389646), (7.0, 585020, 1349.625054751), (7.0, 589034, 1367.629180912), (7.0, 593108, 1385.633987013), (7.0, 597202, 1403.641227619), (7.0, 601329, 1421.641597488), (7.0, 605148, 1439.644471994), (7.0, 607194, 1457.654592317), (7.0, 610564, 1475.659001039), (7.0, 613642, 1493.665417846), (7.0, 614629, 1512.900895735), (7.0, 618261, 1530.901851843), (7.0, 622450, 1548.904735884), (7.0, 626001, 1566.904805135), (7.0, 629480, 1584.912955363), (7.0, 633013, 1602.955093862), (7.0, 636530, 1620.95692589), (7.0, 639589, 1639.000092792), (7.0, 642730, 1657.002120235), (7.0, 646678, 1675.004916308), (7.0, 650437, 1693.032776382), (7.0, 652517, 1716.240173544), (7.0, 655609, 1734.251971344), (7.0, 658869, 1752.259119942), (7.0, 661736, 1770.263776514), (7.0, 663973, 1788.274660202))"
i_49_2_21_MT_den207d,2,41,den207d,MT,21,BNBL,0.0,-,246031,"((0.0, 0, 0.704966591), (0.0, 21382, 18.7052653), (0.0, 38784, 36.705379413), (0.0, 53649, 54.717268113), (0.0, 66049, 72.732610515), (0.0, 76529, 90.741497583), (0.0, 85435, 108.743520416), (0.0, 93251, 126.74443359), (0.0, 100225, 144.745710775), (0.0, 106065, 162.746125409), (0.0, 110530, 180.747000636), (0.0, 115154, 198.7495304), (0.0, 119350, 216.751856279), (0.0, 123597, 234.751947699), (0.0, 126938, 252.761362854), (0.0, 130518, 270.762479465), (0.0, 133017, 288.763241993), (0.0, 135977, 306.76728785), (0.0, 139083, 324.770401757), (0.0, 141814, 342.776184363), (0.0, 144216, 360.778071581), (0.0, 146761, 378.781361237), (0.0, 149158, 396.781722768), (0.0, 151458, 414.786393126), (0.0, 153554, 432.78906972), (0.0, 155533, 450.79116104), (0.0, 157599, 468.794437144), (0.0, 159534, 486.799184835), (0.0, 161548, 504.802135818), (0.0, 163672, 522.80801972), (0.0, 165437, 544.509435655), (0.0, 167400, 562.516790281), (0.0, 169334, 580.520530854), (0.0, 171093, 598.526772341), (0.0, 172764, 616.542548728), (0.0, 174626, 634.545503476), (0.0, 176421, 652.549735323), (0.0, 178214, 670.552225198), (0.0, 179985, 688.557775046), (0.0, 181439, 706.55816327), (0.0, 183065, 724.567945376), (0.0, 184715, 742.581596511), (0.0, 186292, 760.58382352), (0.0, 187906, 778.584430002), (0.0, 189450, 796.594543127), (0.0, 191058, 814.602205371), (0.0, 192611, 832.603165865), (0.0, 194163, 850.611634613), (0.0, 195648, 868.615144509), (0.0, 197045, 886.624013795), (0.0, 198496, 904.632130527), (0.0, 199865, 922.642700487), (0.0, 201281, 940.670938056), (0.0, 202656, 958.688435532), (0.0, 204105, 976.70056033), (0.0, 205545, 994.702359227), (0.0, 206633, 1012.705647164), (0.0, 207916, 1030.709974942), (0.0, 209180, 1048.711772836), (0.0, 210544, 1066.72447846), (0.0, 211794, 1084.735412561), (0.0, 212930, 1102.775645069), (0.0, 213937, 1120.793094486), (0.0, 215014, 1138.803748972), (0.0, 216064, 1156.832029687), (0.0, 217094, 1174.841857883), (0.0, 218081, 1192.850671404), (0.0, 219201, 1210.856099608), (0.0, 220347, 1228.856670274), (0.0, 221300, 1246.861573639), (0.0, 222232, 1264.874833818), (0.0, 223250, 1282.884714836), (0.0, 223805, 1301.68407767), (0.0, 224793, 1319.690460947), (0.0, 225703, 1337.695569796), (0.0, 226449, 1355.753616628), (0.0, 227179, 1373.771257186), (0.0, 227884, 1391.785886059), (0.0, 228556, 1409.80251748), (0.0, 229219, 1427.808764744), (0.0, 229984, 1445.822561404), (0.0, 230799, 1463.839904969), (0.0, 231461, 1481.852176845), (0.0, 232233, 1512.740401667), (0.0, 233102, 1530.752212689), (0.0, 234001, 1548.811721435), (0.0, 234906, 1566.811740866), (0.0, 235805, 1584.830753746), (0.0, 236573, 1602.833822445), (0.0, 237309, 1620.866035073), (0.0, 238061, 1638.877614813), (0.0, 238697, 1656.888648152), (0.0, 239510, 1674.896602417), (0.0, 240206, 1692.906632151), (0.0, 240640, 1715.385837116), (0.0, 241608, 1733.399177579), (0.0, 242715, 1751.404216694), (0.0, 243968, 1769.404704948), (0.0, 245162, 1787.407539913))"
i_46_2_22_FR_orz102d,2,43,orz102d,FR,22,BNB,17.94969,-,239347,"((1.06478, 0, 0.78418712), (16.64762, 15770, 18.91702499), (16.64762, 29777, 36.930197497), (16.64762, 42077, 54.930643548), (16.64762, 53105, 72.938472739), (16.64762, 63473, 90.958730705), (16.64762, 72195, 108.96010421), (16.64762, 80225, 126.965608494), (16.64762, 86865, 144.968843995), (16.64762, 92845, 162.969771796), (16.64762, 98271, 180.970192553), (16.64762, 102630, 198.974597853), (16.64762, 107005, 216.974683909), (16.64762, 111386, 234.977239486), (16.64762, 114884, 252.980003653), (16.64762, 118535, 270.980423086), (16.64762, 121619, 288.9855124), (16.64762, 124753, 307.020874068), (16.64762, 127433, 325.325722195), (16.64762, 130116, 343.329161457), (16.64762, 132555, 361.33207124), (16.64762, 135212, 379.337157363), (16.64762, 137777, 397.38649909), (16.64762, 140152, 415.393225957), (16.64762, 142419, 433.395344931), (16.64762, 144555, 451.396612406), (16.64762, 146803, 469.398424472), (16.64762, 148846, 487.401303832), (16.64762, 150995, 505.406069269), (16.64762, 153223, 523.411877614), (16.64762, 155125, 541.425026779), (16.64762, 157239, 559.426845324), (16.64762, 158788, 577.427537921), (16.64762, 160699, 595.432120517), (16.64762, 162320, 613.435778819), (16.64762, 164238, 631.437874339), (16.64762, 166065, 649.450521351), (16.64762, 167898, 667.455290364), (16.64762, 169712, 685.45699243), (16.64762, 171287, 703.457141827), (16.64762, 172976, 721.467171858), (16.64762, 174691, 739.475851022), (16.64762, 176373, 757.476315743), (16.64762, 178039, 775.489894687), (16.64762, 179666, 793.498440978), (16.64762, 181327, 811.505623736), (16.64762, 182971, 829.509853758), (16.64762, 184593, 847.528633228), (16.64762, 186148, 865.529220814), (16.64762, 187624, 883.534191158), (16.64762, 189119, 901.541364408), (16.64762, 190511, 919.551322055), (16.64762, 191964, 937.559031128), (16.64762, 193380, 955.560292455), (16.64762, 194872, 973.56559674), (16.64762, 196348, 991.568601283), (16.64762, 197486, 1009.573198042), (16.64762, 198879, 1027.582567206), (16.64762, 200129, 1045.585447826), (16.64762, 201524, 1063.587549135), (16.64762, 202872, 1081.587918441), (17.94969, 204104, 1099.595741823), (17.94969, 205164, 1117.601623519), (17.94969, 206307, 1135.60976179), (17.94969, 207409, 1153.651392494), (17.94969, 208519, 1171.65922547), (17.94969, 209578, 1189.669675038), (17.94969, 210724, 1207.676394748), (17.94969, 211963, 1225.688156749), (17.94969, 213029, 1243.697651472), (17.94969, 214003, 1261.700984906), (17.94969, 214995, 1279.713324549), (17.94969, 215756, 1297.750287567), (17.94969, 216554, 1315.762264022), (17.94969, 217588, 1333.773238545), (17.94969, 218345, 1351.787360572), (17.94969, 219100, 1369.789977103), (17.94969, 219836, 1387.798440542), (17.94969, 220585, 1405.809220223), (17.94969, 221459, 1423.812433947), (17.94969, 222357, 1441.817489634), (17.94969, 223208, 1459.825819858), (17.94969, 224156, 1477.83284946), (17.94969, 224941, 1495.835998918), (17.94969, 225143, 1513.840259143), (17.94969, 226055, 1531.853451114), (17.94969, 226793, 1549.884250517), (17.94969, 227559, 1567.887972289), (17.94969, 228230, 1585.89090928), (17.94969, 228991, 1603.897619557), (17.94969, 229818, 1621.906425684), (17.94969, 230671, 1639.910021856), (17.94969, 231522, 1657.911036849), (17.94969, 232379, 1675.917877001), (17.94969, 233291, 1693.93192356), (17.94969, 233804, 1714.68499645), (17.94969, 234849, 1732.724819695), (17.94969, 235965, 1750.726704475), (17.94969, 237204, 1768.733059317), (17.94969, 238400, 1786.742858229))"
i_54_6_63_FR_lak526d,6,52,lak526d,FR,63,BNB,32.84538,-,542633,"((5.19534, 0, 0.851983221), (5.19534, 1, 57.8075946), (28.23704, 12944, 75.80864874), (29.22083, 25210, 93.809190311), (29.22083, 36550, 111.810293907), (32.84538, 46657, 189.182829013), (32.84538, 59731, 207.182949927), (32.84538, 71841, 225.183631817), (32.84538, 83613, 243.18426326), (32.84538, 93313, 322.624659078), (32.84538, 106506, 340.625421124), (32.84538, 118690, 358.625792865), (32.84538, 130345, 376.626386796), (32.84538, 139599, 396.922250358), (32.84538, 139969, 433.335904536), (32.84538, 153136, 451.336274721), (32.84538, 164987, 469.337282601), (32.84538, 171073, 524.199909765), (32.84538, 184440, 542.200799366), (32.84538, 196568, 560.20137767), (32.84538, 202177, 632.263292596), (32.84538, 212639, 650.263506036), (32.84538, 221994, 668.263827386), (32.84538, 231171, 686.267636356), (32.84538, 240247, 704.267910161), (32.84538, 248833, 794.523469305), (32.84538, 258939, 812.526412223), (32.84538, 268820, 830.526972389), (32.84538, 278502, 848.527382438), (32.84538, 285697, 866.536175587), (32.84538, 294266, 884.537401941), (32.84538, 295489, 964.927392883), (32.84538, 307786, 982.928349549), (32.84538, 318488, 1000.929350073), (32.84538, 329366, 1018.933054656), (32.84538, 338772, 1036.933733847), (32.84538, 342145, 1100.556063854), (32.84538, 354481, 1118.556127002), (32.84538, 365167, 1136.556221755), (32.84538, 376597, 1154.559203937), (32.84538, 386729, 1172.559233181), (32.84538, 388801, 1243.199783938), (32.84538, 401236, 1261.200671165), (32.84538, 409585, 1279.201172141), (32.84538, 415696, 1297.518924772), (32.84538, 419905, 1347.308826819), (32.84538, 432613, 1365.309768766), (32.84538, 443910, 1383.311653696), (32.84538, 451009, 1476.864138767), (32.84538, 457334, 1494.86472597), (32.84538, 458836, 1512.864856886), (32.84538, 465472, 1530.865004162), (32.84538, 471790, 1548.865643182), (32.84538, 478246, 1566.866659723), (32.84538, 484991, 1584.868219524), (32.84538, 491136, 1602.870181877), (32.84538, 496988, 1620.871468113), (32.84538, 497665, 1680.580201606), (32.84538, 506009, 1698.580718893), (32.84538, 508251, 1716.581686358), (32.84538, 516269, 1734.582481741), (32.84538, 524006, 1752.582642285), (32.84538, 531274, 1770.588467543), (32.84538, 536997, 1788.589495433))"
i_60_2_28_FR_den405d,2,60,den405d,FR,28,BFS,16.81814,-,234074,"((0.01238, 0, 0.81378746), (11.55608, 14445, 18.847908911), (11.55608, 27377, 36.899437869), (16.81814, 38787, 55.062937849), (16.81814, 49149, 73.068645177), (16.81814, 58960, 91.069090078), (16.81814, 67297, 109.069694431), (16.81814, 75029, 127.091408514), (16.81814, 81538, 145.093254169), (16.81814, 87765, 163.121162379), (16.81814, 93221, 181.157345274), (16.81814, 97656, 199.157670932), (16.81814, 102149, 217.168416678), (16.81814, 106581, 235.173852952), (16.81814, 110289, 253.187070418), (16.81814, 114165, 271.187349773), (16.81814, 117342, 289.19853043), (16.81814, 119869, 307.217851621), (16.81814, 123093, 325.219995648), (16.81814, 125913, 343.220796006), (16.81814, 128440, 361.224916666), (16.81814, 131059, 379.22518728), (16.81814, 133651, 397.228031613), (16.81814, 136023, 415.235179094), (16.81814, 138258, 433.243614116), (16.81814, 140370, 451.245870848), (16.81814, 142608, 469.249931591), (16.81814, 144605, 487.259287589), (16.81814, 146745, 505.260823042), (16.81814, 148341, 523.269055709), (16.81814, 150245, 541.279735866), (16.81814, 152369, 559.290751106), (16.81814, 154417, 577.291237506), (16.81814, 156331, 595.314058303), (16.81814, 157941, 613.345206442), (16.81814, 159778, 631.365644003), (16.81814, 161576, 649.369488534), (16.81814, 163403, 667.370534639), (16.81814, 165215, 685.377947864), (16.81814, 166769, 703.383378506), (16.81814, 168438, 721.384011052), (16.81814, 170150, 739.389156248), (16.81814, 171781, 757.390271749), (16.81814, 173416, 775.391818359), (16.81814, 175017, 793.40185966), (16.81814, 176665, 811.403232119), (16.81814, 178236, 829.427051258), (16.81814, 179829, 847.431837836), (16.81814, 181343, 865.437650001), (16.81814, 182805, 883.451024282), (16.81814, 183761, 901.453363867), (16.81814, 185139, 919.456036896), (16.81814, 186579, 937.481894092), (16.81814, 187978, 955.482413794), (16.81814, 189457, 973.489971916), (16.81814, 190910, 991.517559023), (16.81814, 192557, 1009.519231939), (16.81814, 193965, 1027.565850083), (16.81814, 195214, 1045.572062672), (16.81814, 196650, 1063.573873253), (16.81814, 197987, 1081.590312593), (16.81814, 199204, 1099.601500282), (16.81814, 200255, 1117.606891347), (16.81814, 201386, 1135.614977491), (16.81814, 202487, 1153.616292337), (16.81814, 203575, 1171.620119107), (16.81814, 204597, 1189.620932428), (16.81814, 205737, 1207.624128055), (16.81814, 206961, 1225.629172416), (16.81814, 207992, 1243.660329889), (16.81814, 208964, 1261.667414435), (16.81814, 209881, 1279.673627721), (16.81814, 210636, 1301.090819886), (16.81814, 211640, 1319.096453997), (16.81814, 212606, 1337.107066292), (16.81814, 213317, 1355.146430179), (16.81814, 214077, 1373.197650589), (16.81814, 214813, 1391.210368408), (16.81814, 215531, 1409.212533815), (16.81814, 216355, 1427.220006926), (16.81814, 217177, 1445.221071686), (16.81814, 218083, 1463.224522454), (16.81814, 219033, 1481.232646929), (16.81814, 219859, 1499.732964837), (16.81814, 220127, 1517.745769276), (16.81814, 221029, 1535.762815792), (16.81814, 221941, 1553.766522484), (16.81814, 222886, 1571.780581015), (16.81814, 223789, 1589.787744286), (16.81814, 224602, 1607.790259253), (16.81814, 225412, 1625.82203648), (16.81814, 226243, 1643.833524174), (16.81814, 227081, 1661.840636405), (16.81814, 227453, 1684.700034364), (16.81814, 227914, 1708.951289056), (16.81814, 228963, 1726.956582709), (16.81814, 230059, 1744.95783005), (16.81814, 231292, 1762.965235157), (16.81814, 232488, 1780.973879989), (16.81814, 233951, 1798.98414201))"
i_46_2_22_FR_orz102d,2,43,orz102d,FR,22,GBFS,24.38217,-,874123,"((1.06478, 0, 0.729575501), (24.38217, 10561, 18.730044705), (24.38217, 20858, 36.730121675), (24.38217, 30806, 54.734627607), (24.38217, 40424, 72.735381806), (24.38217, 49729, 90.735561085), (24.38217, 58913, 108.735562042), (24.38217, 68826, 126.735994356), (24.38217, 77937, 144.736464826), (24.38217, 87308, 164.496966298), (24.38217, 97195, 182.497490036), (24.38217, 106915, 200.497891707), (24.38217, 114810, 218.498250205), (24.38217, 124702, 236.498757509), (24.38217, 134676, 254.499181301), (24.38217, 142174, 272.500074034), (24.38217, 152350, 290.50025464), (24.38217, 162102, 308.500764781), (24.38217, 170966, 331.920515103), (24.38217, 180539, 349.921162119), (24.38217, 190699, 367.921531162), (24.38217, 200748, 385.921856653), (24.38217, 210642, 403.922168117), (24.38217, 215032, 421.922479149), (24.38217, 225134, 439.922622056), (24.38217, 235140, 457.923008853), (24.38217, 245207, 475.923753345), (24.38217, 255226, 493.924419642), (24.38217, 265333, 511.9245473), (24.38217, 267784, 529.924910196), (24.38217, 277905, 547.925123529), (24.38217, 288019, 565.925456929), (24.38217, 298006, 583.926417685), (24.38217, 308087, 601.926604837), (24.38217, 318251, 619.926714051), (24.38217, 328466, 637.927620823), (24.38217, 331896, 661.347001701), (24.38217, 342071, 679.347766405), (24.38217, 352267, 697.347900868), (24.38217, 362403, 715.34854361), (24.38217, 372693, 733.349042653), (24.38217, 382905, 751.351327473), (24.38217, 393336, 769.352307979), (24.38217, 403352, 787.353100766), (24.38217, 413425, 805.353313554), (24.38217, 413539, 827.831264378), (24.38217, 423675, 845.831764518), (24.38217, 433665, 863.832123203), (24.38217, 443456, 881.832567727), (24.38217, 453353, 899.832581031), (24.38217, 463432, 917.833413018), (24.38217, 473336, 935.833804986), (24.38217, 482878, 953.836668716), (24.38217, 493044, 971.837059056), (24.38217, 503099, 989.837288288), (24.38217, 513258, 1007.837321916), (24.38217, 515092, 1040.739842608), (24.38217, 525105, 1058.740092712), (24.38217, 535200, 1076.740420854), (24.38217, 545421, 1094.741447322), (24.38217, 555593, 1112.741452209), (24.38217, 565869, 1130.741758639), (24.38217, 576161, 1148.742346909), (24.38217, 586368, 1166.742349838), (24.38217, 596404, 1184.742951886), (24.38217, 606415, 1202.743291274), (24.38217, 616610, 1220.743860637), (24.38217, 626414, 1238.744063541), (24.38217, 636074, 1256.744732191), (24.38217, 641405, 1317.888541727), (24.38217, 650792, 1335.894036071), (24.38217, 660436, 1353.894555517), (24.38217, 670204, 1371.8952898), (24.38217, 680050, 1389.895358928), (24.38217, 690063, 1407.896143624), (24.38217, 700220, 1425.89666982), (24.38217, 710314, 1443.896953827), (24.38217, 720319, 1461.897160947), (24.38217, 730416, 1479.897600752), (24.38217, 740601, 1497.89850584), (24.38217, 742671, 1515.898574957), (24.38217, 753114, 1533.903447276), (24.38217, 763603, 1551.903496711), (24.38217, 773838, 1569.903755725), (24.38217, 784243, 1587.905361225), (24.38217, 794577, 1605.90574868), (24.38217, 798516, 1653.09678249), (24.38217, 808504, 1671.097705697), (24.38217, 818529, 1689.09775225), (24.38217, 825704, 1715.398561858), (24.38217, 835422, 1733.402654724), (24.38217, 845754, 1751.402728426), (24.38217, 856172, 1769.403366188), (24.38217, 866542, 1787.403484027))"
i_60_2_28_FR_den405d,2,60,den405d,FR,28,GBFS,66.601,-,350794,"((0.01238, 0, 0.697061872), (65.8573, 4412, 18.697911727), (65.8573, 8494, 36.699656696), (65.8573, 12570, 54.702952816), (65.8573, 16583, 72.703944134), (65.8573, 20550, 90.706553528), (65.8573, 24505, 108.709935924), (65.8573, 28468, 126.711065646), (65.8573, 32316, 144.712035023), (65.8573, 36244, 162.71279314), (65.8573, 40018, 180.714778509), (65.8573, 43978, 198.71805223), (65.8573, 47821, 216.718535354), (65.8573, 51316, 234.718954274), (65.8573, 55003, 252.719021296), (65.8573, 58849, 270.722312956), (65.8573, 62277, 288.722378887), (65.8573, 66101, 306.723529135), (65.8573, 69938, 324.723822131), (65.8573, 73780, 342.725762242), (65.8573, 77008, 360.726707874), (65.8573, 80918, 378.730218384), (65.8573, 84826, 396.7328998), (65.8573, 88683, 414.734691781), (65.8573, 92440, 432.738112354), (65.8573, 96133, 453.67111373), (65.8573, 100011, 471.671332229), (65.8573, 103856, 489.674926263), (65.8573, 107703, 507.677473212), (65.8573, 111564, 525.680499547), (65.8573, 115420, 543.68223912), (65.8573, 119320, 561.682843064), (65.8573, 122164, 579.687993835), (65.8573, 125988, 597.691336283), (65.8573, 129811, 615.691712888), (65.8573, 133708, 633.692980356), (65.8573, 137589, 651.693889166), (65.8573, 141485, 669.69424424), (65.8573, 145376, 687.695037139), (65.8573, 149194, 705.696835424), (65.8573, 151777, 723.697580093), (65.8573, 155650, 741.698575601), (65.8573, 159506, 759.698712882), (65.8573, 163359, 777.700383562), (65.8573, 167208, 795.700398288), (65.8573, 171065, 813.700777753), (65.8573, 174831, 831.701644581), (65.8573, 178640, 849.705251063), (65.8573, 182504, 867.706823455), (65.8573, 185716, 890.675545714), (65.8573, 189549, 908.678894812), (65.8573, 193358, 926.680952316), (65.8573, 197204, 944.682836476), (65.8573, 201010, 962.683864654), (65.8573, 204849, 980.687389598), (65.8573, 208735, 998.688781324), (66.601, 212568, 1016.69086544), (66.601, 216258, 1034.692287509), (66.601, 219984, 1052.692751603), (66.601, 223713, 1070.694263819), (66.601, 227401, 1088.695138526), (66.601, 230835, 1117.146121013), (66.601, 234492, 1135.146825539), (66.601, 238187, 1153.147320045), (66.601, 241858, 1171.147775627), (66.601, 245504, 1189.148112201), (66.601, 249092, 1207.148393712), (66.601, 252821, 1225.149596113), (66.601, 256523, 1243.152425277), (66.601, 260120, 1261.287106596), (66.601, 262740, 1279.287454086), (66.601, 265218, 1301.307234967), (66.601, 268977, 1319.308626711), (66.601, 272735, 1337.312167295), (66.601, 276417, 1355.315075288), (66.601, 280106, 1373.315908218), (66.601, 283658, 1391.319432568), (66.601, 286154, 1409.323076653), (66.601, 286673, 1432.229291682), (66.601, 290099, 1450.231111142), (66.601, 293757, 1468.231684975), (66.601, 297281, 1486.232473898), (66.601, 299026, 1509.285108781), (66.601, 301037, 1527.286379155), (66.601, 303080, 1545.288199665), (66.601, 306490, 1563.288639329), (66.601, 310081, 1581.288776786), (66.601, 313143, 1599.289458189), (66.601, 316314, 1617.290600288), (66.601, 319869, 1635.29101449), (66.601, 323481, 1653.292596922), (66.601, 327110, 1671.294019203), (66.601, 330762, 1689.295425891), (66.601, 332770, 1712.380573999), (66.601, 336314, 1730.381052282), (66.601, 339951, 1748.382236279), (66.601, 343611, 1766.385611674), (66.601, 347342, 1784.38914386))"
i_54_6_63_FR_lak526d,6,52,lak526d,FR,63,GBFS,62.27388,-,355456,"((5.19534, 0, 0.6858608770000001), (5.19534, 0, 55.628547522), (28.23704, 12962, 73.628581026), (29.22083, 24644, 91.628676706), (29.22083, 36526, 109.629272508), (32.84538, 46656, 182.073203262), (44.44078, 53284, 200.073570689), (44.44078, 59917, 218.074721918), (46.75986, 66240, 236.077015569), (46.75986, 71396, 254.077615186), (46.75986, 78097, 272.079003881), (46.75986, 84872, 290.080983051), (46.75986, 91546, 308.081030833), (46.75986, 93312, 682.728964399), (57.10254, 97963, 700.732564742), (57.10254, 102560, 718.737473964), (59.68821, 107132, 736.740446219), (59.68821, 111729, 754.742441932), (59.68821, 116376, 772.74302517), (59.68821, 121121, 790.746197056), (59.68821, 125880, 808.748132097), (59.68821, 130613, 826.74848699), (59.68821, 135357, 844.751847636), (59.68821, 139868, 862.754072744), (59.68821, 144518, 880.757243402), (59.68821, 149088, 898.760659364), (59.68821, 153788, 916.760899898), (59.68821, 158472, 934.76252014), (59.68821, 162832, 952.763137802), (59.68821, 167190, 970.764214434), (62.27388, 171372, 988.765343556), (62.27388, 175666, 1006.766735691), (62.27388, 178131, 1035.567690681), (62.27388, 182389, 1053.56777917), (62.27388, 186763, 1071.569552081), (62.27388, 191118, 1089.573300725), (62.27388, 195792, 1107.576022229), (62.27388, 200506, 1125.579880283), (62.27388, 205155, 1143.580709064), (62.27388, 209913, 1161.583242106), (62.27388, 214628, 1179.586431207), (62.27388, 219291, 1197.588833335), (62.27388, 223934, 1215.590541131), (62.27388, 228282, 1233.594460779), (62.27388, 232601, 1251.595065599), (62.27388, 235918, 1269.603062616), (62.27388, 239446, 1287.605234873), (62.27388, 241108, 1305.606139486), (62.27388, 245349, 1323.607363336), (62.27388, 249780, 1341.610166814), (62.27388, 254328, 1359.612248619), (62.27388, 258989, 1377.61599595), (62.27388, 263895, 1395.61614231), (62.27388, 268632, 1413.617477842), (62.27388, 273445, 1431.620651974), (62.27388, 278109, 1449.622952691), (62.27388, 282828, 1467.626485724), (62.27388, 287514, 1485.628832359), (62.27388, 290905, 1512.97490818), (62.27388, 295520, 1530.976265904), (62.27388, 300308, 1548.976483517), (62.27388, 305033, 1566.978242964), (62.27388, 309738, 1584.979524883), (62.27388, 314524, 1602.981505618), (62.27388, 319196, 1620.982189499), (62.27388, 323980, 1638.983329223), (62.27388, 328774, 1656.985154914), (62.27388, 333472, 1674.988148736), (62.27388, 337670, 1725.474063776), (62.27388, 342364, 1743.474966024), (62.27388, 347162, 1761.475559534), (62.27388, 351978, 1779.478322182))"

